time_proper_Myr,radiation_pressure_proper_cgs_dyn_cm2,gas_pressure_proper_cgs_dyn_cm2,pressure_ratio
0.000000000000000000e+00,0.000000000000000000e+00,0.000000000000000000e+00,0.000000000000000000e+00
1.000000000000000021e-02,1.846489656916676744e-53,2.655562250567185520e-12,6.953290801306940456e-42
1.024711804789396954e-02,1.819739346882865111e-53,2.657621905747855555e-12,6.847246942641338172e-42
1.049264350523976957e-02,1.806671059644796411e-53,2.658006616587397042e-12,6.797090151582742826e-42
1.073660596964293688e-02,1.783131344264185065e-53,2.658302727565299176e-12,6.707781343990604286e-42
1.097906725320440917e-02,1.772238536482300039e-53,2.658532173547045971e-12,6.666229410787072630e-42
1.122015918623586218e-02,1.766341395201919705e-53,2.658687987280903668e-12,6.643658088696576656e-42
1.146005043910108649e-02,1.757744342156909366e-53,2.658820034014904908e-12,6.610994048749730479e-42
1.169872181676725846e-02,1.744647570260514238e-53,2.658942463539620410e-12,6.561434082097495853e-42
1.193633665014365124e-02,1.736427666628387906e-53,2.659050849631918511e-12,6.530253706388332180e-42
1.217300219187624800e-02,1.731990967330786031e-53,2.659146246436533275e-12,6.513334757920107972e-42
1.240870114589423187e-02,1.729155902924693657e-53,2.659227948371090530e-12,6.502473411442173259e-42
1.264362096697861995e-02,1.726894303112570156e-53,2.659293929039473428e-12,6.493807563936031305e-42
1.287784079358553387e-02,1.724520598918736627e-53,2.659352869781759395e-12,6.484737766523853966e-42
1.311133857200008981e-02,1.721673356385395997e-53,2.659410063825763636e-12,6.473892010127381262e-42
1.334433154143826843e-02,1.718206434859841807e-53,2.659467960657229621e-12,6.460714925985513252e-42
1.357690182450551307e-02,1.714016094641869956e-53,2.659526395278951088e-12,6.444817008338400180e-42
1.380902020935982459e-02,1.708974972051563698e-53,2.659584378090505464e-12,6.425721951632727031e-42
1.404094021144825129e-02,1.703548263594638404e-53,2.659641505570553952e-12,6.405180021542746606e-42
1.427281443045448975e-02,1.699323315882186859e-53,2.659697485094650292e-12,6.389160140976383056e-42
1.450457200019393371e-02,1.696007812069081456e-53,2.659751763858392184e-12,6.376564291130511245e-42
1.473650366503408311e-02,1.693259219987390156e-53,2.659805785647287634e-12,6.366100972952505319e-42
1.496891679676228340e-02,1.690915388541921753e-53,2.659859530060081978e-12,6.357160479462337777e-42
1.520166801273760242e-02,1.688850601321076814e-53,2.659916662794767438e-12,6.349261331919346816e-42
1.543503100561688726e-02,1.686983682801740189e-53,2.659976089982551887e-12,6.342100927729790183e-42
1.566932967534535176e-02,1.685242874727183260e-53,2.660040284795817944e-12,6.335403581515837469e-42
1.590477612899471316e-02,1.683500826176750659e-53,2.660104370058735683e-12,6.328702155921718643e-42
1.614130035448596567e-02,1.681680083009683159e-53,2.660165913013777334e-12,6.321711269145841215e-42
1.637922847582942015e-02,1.679588757488584347e-53,2.660219477928960366e-12,6.313722500807268653e-42
1.661888595186279682e-02,1.677058128335061037e-53,2.660268912165816721e-12,6.304092494806136944e-42
1.686053303695336791e-02,1.674013762970017754e-53,2.660313482612817007e-12,6.292543243159040272e-42
1.710404513793142151e-02,1.670225338909043866e-53,2.660357828581588394e-12,6.278198071571261793e-42
1.734974319000548437e-02,1.665623702572221164e-53,2.660401147248274348e-12,6.260799068948761181e-42
1.759794441294983830e-02,1.661000967407331487e-53,2.660445538706764311e-12,6.243318809731169781e-42
1.784896177641982079e-02,1.657181153253553052e-53,2.660491894682986412e-12,6.228852478616614068e-42
1.810287264206195817e-02,1.653915311766482362e-53,2.660543740338271986e-12,6.216456007433266181e-42
1.835974820416111028e-02,1.651149774405839977e-53,2.660604024285267174e-12,6.205920758348839764e-42
1.861990317855887270e-02,1.648747245794853228e-53,2.660676127550967770e-12,6.196722813131151281e-42
1.888364873786705853e-02,1.646580429960254285e-53,2.660757662860844544e-12,6.188389318363749109e-42
1.915129318482084592e-02,1.644658154176694575e-53,2.660848374649789770e-12,6.180954051518090931e-42
1.942309808779039276e-02,1.642743977598012829e-53,2.660934487411842477e-12,6.173560399060509882e-42
1.969901191484153824e-02,1.640634286548855145e-53,2.661005249352460835e-12,6.165468057412112678e-42
1.997935713737540933e-02,1.637903331486515708e-53,2.661062055180677357e-12,6.155073792051449579e-42
2.026445529697383161e-02,1.634536653671529312e-53,2.661111187921766425e-12,6.142308750909595280e-42
2.055462799141138594e-02,1.630160855014466604e-53,2.661159324656217958e-12,6.125754440595393121e-42
2.085019819175039368e-02,1.624484040232964097e-53,2.661212191181504013e-12,6.104301061057962955e-42
2.115149121767449097e-02,1.619405961936205803e-53,2.661271516370520756e-12,6.085083584950303061e-42
2.145851640095449916e-02,1.615356445331393941e-53,2.661347303358895135e-12,6.069694260845427255e-42
2.177160818625436048e-02,1.612069878882450243e-53,2.661439392843000770e-12,6.057135410325486186e-42
2.209111490943687153e-02,1.609201151102853794e-53,2.661548393201477659e-12,6.046108931227080388e-42
2.241738676159407001e-02,1.606833935393465716e-53,2.661674586696118708e-12,6.036928569047936237e-42
2.275077615221202457e-02,1.604658398348576686e-53,2.661790968468552265e-12,6.028491408068036727e-42
2.309156054954860857e-02,1.601814403777568145e-53,2.661889877488624580e-12,6.017583286686559382e-42
2.343984138958927696e-02,1.598293399194815427e-53,2.661964033889817479e-12,6.004188557195852392e-42
2.379597558442208410e-02,1.593595001818372057e-53,2.662030533118944135e-12,5.986388893711338035e-42
2.416031265428188538e-02,1.586256406353480312e-53,2.662133579132969289e-12,5.958590578576859029e-42
2.453299913046059350e-02,1.580639118692093520e-53,2.662232622597466792e-12,5.937268987222865250e-42
2.491414258360973369e-02,1.576496460391649025e-53,2.662340569875684840e-12,5.921468042930592109e-42
2.530397144596290004e-02,1.572927424711658584e-53,2.662486010117467822e-12,5.907739679136424050e-42
2.570233792397824332e-02,1.570224842649968507e-53,2.662640016920537668e-12,5.897247966948246961e-42
2.610920570965018228e-02,1.567722883959022486e-53,2.662779461068475680e-12,5.887543098781274785e-42
2.652443967073130765e-02,1.563999002427110616e-53,2.662910135624024334e-12,5.873269929406026346e-42
2.694762951796686110e-02,1.559196558406927530e-53,2.663006133061133729e-12,5.855024286461654861e-42
2.737837643411629093e-02,1.552151906329464880e-53,2.663109845150389776e-12,5.828343540376242710e-42
2.781629625734388309e-02,1.545005983352586777e-53,2.663237018880863734e-12,5.801233507942991240e-42
2.825998107417699440e-02,1.540172518197126826e-53,2.663377163785050411e-12,5.782780370498916897e-42
2.869139593675540736e-02,1.536378727344677326e-53,2.663566221361815683e-12,5.768126637974725192e-42
2.911151615720125596e-02,1.533767544770046367e-53,2.663731726984674261e-12,5.757965523451043683e-42
2.952131153293214780e-02,1.531201961313407327e-53,2.663846762081373861e-12,5.748085749936365148e-42
2.992174136019269334e-02,1.526998474366093069e-53,2.663983984162432457e-12,5.732010715695754088e-42
3.031373978687134166e-02,1.521979186859337292e-53,2.664077818075383165e-12,5.712968204355474747e-42
3.069819996774865792e-02,1.515508793104064974e-53,2.664162474594105588e-12,5.688499885259280495e-42
3.107565535658143863e-02,1.509658321343045023e-53,2.664296525097007001e-12,5.666254889883468844e-42
3.144678114149555143e-02,1.505888459976597105e-53,2.664408126592061844e-12,5.651868589301740724e-42
3.181236674012935528e-02,1.503110319221145050e-53,2.664519202275536689e-12,5.641206555904974502e-42
3.217315958753124566e-02,1.500572169528685194e-53,2.664672337388839861e-12,5.631357178418126515e-42
3.252986247142587717e-02,1.498538809285870774e-53,2.664797506871837154e-12,5.623462215877638207e-42
3.288309124928376348e-02,1.496330345070530156e-53,2.664877040530879184e-12,5.615007080298312988e-42
3.323325756517068325e-02,1.492828067528188842e-53,2.664975204544450592e-12,5.601658375592173585e-42
3.358098495141532969e-02,1.488578468222683153e-53,2.665053292630261520e-12,5.585548597992716746e-42
3.392684359098600139e-02,1.483006428649858935e-53,2.665126540069601025e-12,5.564487863345991728e-42
3.427134818325771465e-02,1.477367491840988669e-53,2.665248409626555165e-12,5.543076159448836952e-42
3.461495585548619858e-02,1.473615339916404670e-53,2.665349269456283329e-12,5.528788878828679952e-42
3.495806427852869713e-02,1.470811633934434945e-53,2.665448432749120891e-12,5.518064487248219916e-42
3.530101015139831128e-02,1.468286493313348359e-53,2.665587586799630432e-12,5.508303312127173142e-42
3.564389361531136030e-02,1.466323963077591750e-53,2.665714388374962477e-12,5.500679178055053328e-42
3.598679920698775320e-02,1.464410826509968906e-53,2.665808393046128277e-12,5.493308635121508545e-42
3.632945553072537692e-02,1.461502531580886503e-53,2.665906660503939258e-12,5.482196932223490226e-42
3.667150973522641938e-02,1.457931765965182509e-53,2.665980561248366113e-12,5.468651149063497184e-42
3.701284905217763072e-02,1.453319547542480344e-53,2.666052211240970523e-12,5.451204374073386613e-42
3.735349805938451700e-02,1.446929686881706473e-53,2.666171605389553697e-12,5.426993836243694699e-42
3.769332117832219220e-02,1.442771930004203136e-53,2.666269121534800269e-12,5.411201436311469388e-42
3.803217239000902111e-02,1.439710326712811412e-53,2.666364459052506805e-12,5.399525641833723012e-42
3.837019898858376465e-02,1.437014515752056409e-53,2.666502145415252123e-12,5.389136919401470943e-42
3.870752367464048993e-02,1.434985937037476179e-53,2.666628891399536286e-12,5.381273493531930633e-42
3.904425266267105149e-02,1.433208132580848683e-53,2.666731297354308280e-12,5.374400240484481300e-42
3.938047888087855414e-02,1.430704007544072038e-53,2.666836441815732792e-12,5.364798474742485216e-42
3.971618772531104735e-02,1.427628351931252259e-53,2.666910015382356889e-12,5.353117816862569030e-42
4.005140014001523641e-02,1.423672835788706021e-53,2.666975296036262914e-12,5.338155317391242827e-42
4.038619708005386499e-02,1.417484348212296501e-53,2.667092121941511512e-12,5.314718365185068431e-42
4.072065017025141426e-02,1.412958601447288323e-53,2.667184631850480213e-12,5.297565772441423911e-42
4.105482334868688216e-02,1.409688723531229344e-53,2.667271876741044417e-12,5.285133232288381358e-42
4.138877426005261456e-02,1.406873813179902296e-53,2.667397540504315457e-12,5.274331222911413523e-42
4.172255503734826482e-02,1.404765356284745064e-53,2.667516831545248464e-12,5.266191162029098638e-42
4.205621302742913736e-02,1.403032224972015094e-53,2.667625171590676610e-12,5.259480379454516537e-42
4.238972269807580323e-02,1.400840486552067070e-53,2.667740363409435715e-12,5.251037566346072418e-42
4.272311682591772852e-02,1.398214575943043704e-53,2.667813303290802363e-12,5.241051066873072812e-42
4.305643792780326079e-02,1.394786388975605912e-53,2.667877181357734142e-12,5.228075710238550673e-42
4.338972467982141201e-02,1.389132914203427004e-53,2.667993876449232186e-12,5.206657055945683485e-42
4.372301226312433342e-02,1.384125262196608796e-53,2.668084269453028312e-12,5.187711940149333837e-42
4.405633263898659641e-02,1.380572783603989892e-53,2.668169865970309690e-12,5.174231225724188508e-42
4.438971477652652042e-02,1.377562731092862680e-53,2.668292787060097158e-12,5.162712044845160465e-42
4.472318485126812460e-02,1.375344308425368404e-53,2.668409509556606288e-12,5.154172564217480954e-42
4.505676642613314770e-02,1.373578964767806465e-53,2.668520579758696506e-12,5.147342595694029106e-42
4.539048062796627314e-02,1.371534446811675181e-53,2.668648650098967608e-12,5.139434322914001267e-42
4.572434632331233428e-02,1.369167620785215345e-53,2.668725686818546976e-12,5.130417215781489696e-42
4.605838029195177818e-02,1.366055045200869332e-53,2.668788235480100244e-12,5.118634094080243015e-42
4.639259739775271341e-02,1.360994055188802875e-53,2.668906186361007844e-12,5.099445091565721242e-42
4.672701075832684514e-02,1.355672837290728874e-53,2.668995830930111984e-12,5.079336661302665699e-42
4.706163191426099984e-02,1.351963893281697128e-53,2.669078051333273640e-12,5.065284219044684964e-42
4.739647099611208475e-02,1.348844909232372890e-53,2.669203388006558372e-12,5.053361296082165601e-42
4.773153688579186149e-02,1.346582503546858782e-53,2.669316630820268821e-12,5.044671313994923271e-42
4.806682927436917163e-02,1.344817367072918401e-53,2.669424513829115191e-12,5.037855013715542779e-42
4.840234672884328321e-02,1.342867224558578149e-53,2.669555747530641463e-12,5.030302235871043579e-42
4.873809688830826881e-02,1.340664869223924345e-53,2.669633984053648999e-12,5.021905164648152365e-42
4.907408649757377672e-02,1.337754366744742584e-53,2.669694832461082354e-12,5.010888699632839985e-42
4.941032152863467780e-02,1.333005786479881087e-53,2.669812717129737422e-12,4.992881253157596125e-42
4.974680728690281800e-02,1.327696874488557933e-53,2.669902014031540771e-12,4.972829967208202068e-42
5.008354850030344307e-02,1.323937613727731000e-53,2.669982666178554398e-12,4.958600033245283183e-42
5.042054939393308260e-02,1.320784294442622648e-53,2.670110182409233572e-12,4.946553528554699282e-42
5.075781375184765243e-02,1.318534869112739496e-53,2.670219999950010004e-12,4.937925972906442787e-42
5.109534496690296135e-02,1.316792134567172026e-53,2.670325239131708744e-12,4.931205065474886374e-42
5.143314607959311585e-02,1.314906559882917043e-53,2.670456340888445838e-12,4.923902105231403864e-42
5.177121980724094102e-02,1.312794508784144905e-53,2.670534649759030524e-12,4.915849000134118705e-42
5.210956856478052984e-02,1.309983394877027804e-53,2.670594958977412053e-12,4.905211816091455613e-42
5.244819447775136978e-02,1.305358820106045808e-53,2.670713953135348842e-12,4.887677388937846994e-42
5.278709938773095550e-02,1.300143359613921132e-53,2.670803005965883057e-12,4.867986731742240780e-42
5.312628485058728395e-02,1.296445785160993877e-53,2.670882853318325151e-12,4.853997185051676187e-42
5.346575212830825818e-02,1.293336038955096215e-53,2.671013851915558192e-12,4.842116554459500834e-42
5.380550217537527491e-02,1.291142554166701370e-53,2.671122883815900406e-12,4.833707060014427257e-42
5.414553562064221282e-02,1.289446301870858012e-53,2.671226313846043799e-12,4.827169810311981233e-42
5.448585274559699515e-02,1.287585709119215052e-53,2.671356150060264064e-12,4.819970220332350601e-42
5.482645345980066698e-02,1.285467277556361142e-53,2.671432655940295356e-12,4.811902237916980641e-42
5.516733727420403133e-02,1.282626989803586611e-53,2.671493639256275732e-12,4.801160560354770730e-42
5.550850327292152636e-02,1.277948433146971676e-53,2.671613771579197728e-12,4.783432570762550918e-42
5.584995008393698473e-02,1.272883218436163696e-53,2.671703383378312440e-12,4.764313382822571644e-42
5.619167584917106328e-02,1.269388756175517207e-53,2.671783232148618441e-12,4.751091858431526946e-42
5.653367819436938557e-02,1.266444647669852039e-53,2.671914525637318285e-12,4.739839674952825848e-42
5.687595419935482371e-02,1.264365222966026205e-53,2.672023766161503177e-12,4.731863686910055049e-42
5.721850036929793104e-02,1.262746079921681126e-53,2.672126399293164662e-12,4.725622561326832575e-42
5.756131260777063580e-02,1.260867129828996603e-53,2.672252674679576542e-12,4.718367921477276151e-42
5.790438619243386265e-02,1.258637364096840727e-53,2.672327258561660847e-12,4.709892323495899376e-42
5.824771575424491504e-02,1.255639105856875082e-53,2.672390000069343106e-12,4.698562357381571468e-42
5.859129470603127027e-02,1.250579386882316064e-53,2.672511632525340668e-12,4.679416065630382494e-42
5.893509755513592213e-02,1.245993414815970278e-53,2.672601487345359829e-12,4.662099533790164991e-42
5.927911556396804615e-02,1.242824536628676491e-53,2.672681185970071050e-12,4.650103959846536763e-42
5.962333934743274666e-02,1.240129876028142259e-53,2.672813519298818594e-12,4.639791991000838174e-42
5.996775890119883379e-02,1.238213151585798706e-53,2.672924272640139670e-12,4.632428850529210178e-42
6.031236362147853608e-02,1.236686479924881617e-53,2.673024185788119277e-12,4.626544295783297245e-42
6.065714233207809836e-02,1.234709408334304185e-53,2.673144129057957058e-12,4.618940650871033318e-42
6.100208331722258709e-02,1.232263178177732201e-53,2.673217372693638994e-12,4.609663212445964906e-42
6.134717435860642665e-02,1.228985803543977698e-53,2.673282584672245084e-12,4.597291025612453929e-42
6.169240277508937498e-02,1.223621103432976247e-53,2.673404902645109836e-12,4.577013763318477874e-42
6.203775546512053929e-02,1.219653149107236342e-53,2.673494476867337927e-12,4.562018585265089569e-42
6.238321895260789951e-02,1.216870129231803348e-53,2.673574785039683164e-12,4.551472193861753502e-42
6.272877943590567107e-02,1.214467317313646131e-53,2.673707818342318782e-12,4.542258914688022633e-42
6.307442283871902977e-02,1.212737234375937388e-53,2.673819714107672217e-12,4.535598372535230442e-42
6.342013486204428618e-02,1.211272026186362688e-53,2.673911843600929288e-12,4.529962455886934682e-42
6.376590103702987899e-02,1.209080374226290588e-53,2.674024343556338190e-12,4.521575793204131272e-42
6.411170677893497649e-02,1.206331501911430403e-53,2.674098218625407200e-12,4.511171255824450144e-42
6.445753744216306536e-02,1.202674726395066057e-53,2.674165832910773815e-12,4.497382741166727419e-42
6.480337837612455687e-02,1.197410324182923247e-53,2.674287838584989415e-12,4.477492313678893696e-42
6.514921498164433222e-02,1.194052609797244908e-53,2.674376970484981676e-12,4.464787959869064060e-42
6.549503276765304693e-02,1.191653827957926409e-53,2.674457874021745311e-12,4.455683671569535400e-42
6.584080910516966478e-02,1.189538859696866648e-53,2.674592189262573521e-12,4.447552282820510489e-42
6.618650750985913267e-02,1.187981339362588648e-53,2.674703003001509285e-12,4.441544866960760839e-42
6.653211491388059950e-02,1.186488168090524117e-53,2.674782220216663026e-12,4.435830921570938265e-42
6.687761867633459922e-02,1.183933985370696419e-53,2.674895807497180806e-12,4.426093839066082088e-42
6.722300664309260876e-02,1.180821516735713728e-53,2.674971152745635927e-12,4.414333648135601245e-42
6.756826718222887218e-02,1.176562710539331566e-53,2.675038902002230306e-12,4.398301309407838280e-42
6.791338921971515341e-02,1.172112791945593370e-53,2.675159172137888853e-12,4.381469350135468226e-42
6.825836226978228283e-02,1.169297735047381927e-53,2.675247340694720981e-12,4.370802345115996564e-42
6.860317646233754507e-02,1.167244789194109878e-53,2.675329237062263568e-12,4.362994927965736051e-42
6.894782256989614999e-02,1.165389285703285484e-53,2.675464143358769582e-12,4.355839672140996547e-42
6.929229203172829199e-02,1.163946215372764711e-53,2.675568223474955078e-12,4.350276719391827361e-42
6.963657697194138019e-02,1.162324481715729452e-53,2.675632430988648862e-12,4.344111202472790217e-42
6.998067021103177021e-02,1.159474114243859311e-53,2.675741307711082693e-12,4.333281812043750041e-42
7.032456527241279232e-02,1.156012652926375492e-53,2.675816780043438091e-12,4.320223497916809322e-42
7.066825638493107187e-02,1.151645385982818741e-53,2.675882762149080826e-12,4.303796123929952017e-42
7.101173848127233235e-02,1.147946249873411280e-53,2.675999763077671528e-12,4.289784572152414672e-42
7.135500719200831010e-02,1.145528859658608956e-53,2.676086861649648199e-12,4.280611650073490774e-42
7.169805883554708492e-02,1.143738702707157647e-53,2.676169113141288924e-12,4.273790834408952796e-42
7.204089040453647008e-02,1.142077376747821932e-53,2.676301926804304389e-12,4.267371200944968856e-42
7.238349954914885531e-02,1.140652949608896143e-53,2.676393151107914595e-12,4.261903559036958619e-42
7.272588455751498315e-02,1.138861412930961953e-53,2.676446686711423112e-12,4.255124597046587962e-42
7.306804433359223583e-02,1.135749609743399846e-53,2.676553215288866675e-12,4.243329081805026738e-42
7.340997837285080652e-02,1.131868459793828097e-53,2.676627507419853561e-12,4.228711154825190792e-42
7.375168673619059145e-02,1.127946767697786460e-53,2.676691101015371277e-12,4.213959419037606366e-42
7.409317002245957573e-02,1.124788490047186639e-53,2.676804788778720658e-12,4.201981761099455955e-42
7.443442933990199184e-02,1.122669197677692455e-53,2.676891197373027252e-12,4.193929132343616585e-42
7.477546627685341396e-02,1.121080657947748552e-53,2.676973608165072473e-12,4.187865933860258010e-42
7.511628287199435816e-02,1.119548856147863365e-53,2.677101554729862827e-12,4.181943916807568315e-42
7.545688158445232330e-02,1.118074721505884942e-53,2.677179709826042890e-12,4.176315536092774689e-42
7.579726526400890063e-02,1.116122837302625857e-53,2.677228157244509233e-12,4.168949270470007367e-42
7.613743712163685562e-02,1.112799270614557412e-53,2.677332822929191987e-12,4.156372570060512916e-42
7.647740070056623096e-02,1.108674823406696354e-53,2.677405374515456494e-12,4.140855299535427222e-42
7.681715984805335962e-02,1.105306245124762820e-53,2.677466838543433102e-12,4.128179028077373766e-42
7.715671868799899025e-02,1.102539165142954685e-53,2.677577642584780438e-12,4.117673928882325292e-42
7.749608159453474920e-02,1.100643479158787491e-53,2.677663714374550247e-12,4.110461942066075409e-42
7.783525316667094796e-02,1.099207905235708011e-53,2.677745745860187161e-12,4.104974891417868214e-42
7.817423820407640167e-02,1.097748019021787470e-53,2.677867076580463569e-12,4.099337224846764277e-42
7.851304168403999695e-02,1.096199423681387962e-53,2.677935121960340875e-12,4.093450265811264810e-42
7.885166873964377654e-02,1.094118598841226185e-53,2.677981481379698640e-12,4.085609278662880471e-42
7.919012463916022537e-02,1.090635053704240121e-53,2.678084155344262686e-12,4.072445040712475220e-42
7.952841476667063536e-02,1.086555404271766183e-53,2.678154705263564849e-12,4.057104700248581148e-42
7.986654460388901977e-02,1.083585066956892664e-53,2.678214225399763880e-12,4.045923797582515220e-42
8.020451971316437667e-02,1.081104565274392291e-53,2.678322651933580077e-12,4.036498606670495780e-42
8.054234572162556616e-02,1.079379081319395969e-53,2.678408349046271609e-12,4.029927257745226372e-42
8.088002830642533614e-02,1.078059113645904700e-53,2.678489337102036310e-12,4.024877376634620586e-42
8.121757318103491052e-02,1.076630984991842836e-53,2.678603450652187776e-12,4.019374292711017416e-42
8.155498608253645976e-02,1.075011918671840234e-53,2.678664727117505345e-12,4.013238042779075342e-42
8.189227275985835885e-02,1.072837220742599476e-53,2.678710035684481560e-12,4.005051709407812481e-42
8.222943896289695853e-02,1.069243063897219493e-53,2.678810184269838382e-12,3.991484989029420205e-42
8.256649043246828967e-02,1.065351503785851199e-53,2.678878483925302558e-12,3.976856397849053203e-42
8.290343289103407898e-02,1.062674790212388920e-53,2.678936199325770778e-12,3.966779016535894787e-42
8.324027203414821607e-02,1.060409775209680595e-53,2.679042361560255791e-12,3.958167255676036428e-42
8.357701352257106142e-02,1.058815977135958458e-53,2.679127515429972980e-12,3.952092504137598441e-42
8.391366297500282845e-02,1.057583674626864974e-53,2.679206753509104927e-12,3.947376115119481585e-42
8.425022596138941056e-02,1.056162975751068409e-53,2.679313672220361658e-12,3.941916120913981787e-42
8.458670799675729879e-02,1.054492682162543832e-53,2.679370376907584250e-12,3.935598793100021606e-42
8.492311453553789968e-02,1.052257101702218084e-53,2.679414707331435941e-12,3.927190139036797229e-42
8.525945096634464371e-02,1.048501020105358978e-53,2.679513456564602006e-12,3.913027633940826592e-42
8.559572260716954983e-02,1.044938595581943252e-53,2.679580226547033639e-12,3.899635417628358384e-42
8.593193470096975595e-02,1.042483007442825237e-53,2.679636511632836520e-12,3.890389621566949666e-42
8.626809241161653707e-02,1.040385622552740277e-53,2.679741104652661410e-12,3.882410956589746329e-42
8.660420082018371879e-02,1.038897312987514277e-53,2.679825453314422748e-12,3.876735000418032439e-42
8.694026492155396135e-02,1.037733233386372743e-53,2.679902349743974337e-12,3.872280023507248732e-42
8.727628962132460977e-02,1.036315132164915118e-53,2.680002808332706381e-12,3.866843456069478858e-42
8.761227973299723359e-02,1.034612576988886395e-53,2.680056118504185765e-12,3.860413854193219671e-42
8.794823997543664562e-02,1.032345388778920204e-53,2.680099243218153590e-12,3.851892393131390168e-42
8.828417497058729801e-02,1.028525877397081826e-53,2.680195987465493821e-12,3.837502489397050310e-42
8.862008924143734145e-02,1.025242233849993510e-53,2.680261013456574511e-12,3.825158179381190627e-42
8.895598721022077160e-02,1.022959454360517540e-53,2.680315611937012237e-12,3.816563429338997058e-42
8.929187319685071011e-02,1.020994004682786514e-53,2.680418436324334728e-12,3.809084398340725050e-42
8.962775141757700625e-02,1.019590047967703192e-53,2.680501855385721670e-12,3.803728193357229294e-42
8.996362598386306586e-02,1.018479325639826626e-53,2.680576208674515959e-12,3.799479090890840647e-42
9.029950090147674524e-02,1.017065378279499486e-53,2.680671502953073343e-12,3.794069423124328944e-42
9.063538006979147965e-02,1.015349649384147642e-53,2.680722360657098607e-12,3.787597195015992683e-42
9.097126728129383000e-02,1.013075309955978053e-53,2.680764376058475418e-12,3.779053910905446325e-42
9.130716622129406157e-02,1.009268998665050226e-53,2.680859177145943069e-12,3.764722172909967398e-42
9.164308046783689599e-02,1.006199775942995123e-53,2.680922561039427357e-12,3.753184782602892072e-42
9.197901349180916120e-02,1.004051566999565705e-53,2.680975890614298859e-12,3.745097337557574396e-42
9.231496865724152234e-02,1.002190573253775563e-53,2.681077262892164952e-12,3.738014517987744178e-42
9.265094922180130976e-02,1.000855016765759572e-53,2.681159632782967065e-12,3.732918415330983680e-42
9.298695833747332162e-02,9.997872576341538587e-54,2.681231527101520956e-12,3.728835975291358386e-42
9.332299905142536767e-02,9.983824558911895694e-54,2.681322518143512800e-12,3.723470224620524442e-42
9.365907430705497361e-02,9.966682054278101702e-54,2.681371536082685790e-12,3.717008971027861815e-42
9.399518694521367956e-02,9.944053821344990813e-54,2.681412316562804312e-12,3.708513517269092527e-42
9.433133970560481085e-02,9.906520138284657835e-54,2.681505303540258366e-12,3.694387672925938861e-42
9.466753522835032186e-02,9.877533548058666320e-54,2.681567108138229982e-12,3.683492953833433469e-42
9.500377605572234152e-02,9.857136007330607456e-54,2.681619332310539911e-12,3.675814791668245780e-42
9.534006463403413290e-02,9.839381155100481227e-54,2.681719403229804315e-12,3.669056927898625219e-42
9.567640331568534606e-02,9.826593689212491217e-54,2.681800788889867592e-12,3.664177343045757264e-42
9.601279436135574941e-02,9.816275502480123175e-54,2.681870487976353888e-12,3.660234730382950793e-42
9.634923994234162459e-02,9.802366558695127676e-54,2.681957949257835664e-12,3.654929251000257233e-42
9.668574214302827485e-02,9.785350436106379662e-54,2.682005441204446373e-12,3.648519979031784723e-42
9.702229974371559540e-02,9.762962754148580121e-54,2.682045017570973610e-12,3.640118898149787602e-42
9.735891408171917782e-02,9.726160895062411702e-54,2.682136249832729354e-12,3.626273980551502661e-42
9.769558710496854814e-02,9.698571708368072850e-54,2.682196678832707563e-12,3.615906240175084021e-42
9.803232067963471574e-02,9.679084149705139363e-54,2.682247665498932476e-12,3.608572121882975117e-42
9.836911659363949123e-02,9.662053873479701205e-54,2.682346462509845139e-12,3.602090188021055710e-42
9.870597655979591878e-02,9.649750570281419126e-54,2.682426987392853644e-12,3.597395424231231516e-42
9.904290221879237521e-02,9.639746380610165297e-54,2.682494698376869387e-12,3.593575184488904194e-42
9.937989514210072983e-02,9.626012483722435416e-54,2.682579647600841257e-12,3.588341726342193382e-42
9.971695683492277917e-02,9.609193081354254673e-54,2.682625879124406840e-12,3.582010132732574166e-42
1.000540887393664008e-01,9.587124329179442533e-54,2.682664360242557360e-12,3.573732320472848041e-42
1.003912922378721040e-01,9.551140642251113828e-54,2.682753969608477891e-12,3.560199984959862555e-42
1.007285686567444272e-01,9.524737391501191448e-54,2.682813208765270843e-12,3.550279743808487297e-42
1.010659192696708036e-01,9.506026611838540552e-54,2.682863325146877107e-12,3.543239240977033096e-42
1.014033453012253005e-01,9.489628884215165425e-54,2.682960918665392545e-12,3.536998551934058577e-42
1.017408479304020286e-01,9.477751842395714815e-54,2.683040721426399475e-12,3.532466640072837230e-42
1.020784282941885474e-01,9.468026790610497015e-54,2.683106845019826304e-12,3.528755035672288066e-42
1.024160874911568125e-01,9.454489389159287869e-54,2.683189467535800942e-12,3.523601111121736381e-42
1.027538265850513471e-01,9.437912570481669234e-54,2.683234337113268575e-12,3.517364264440412308e-42
1.030916466083708488e-01,9.416205092909563332e-54,2.683271843378363048e-12,3.509225170810172655e-42
1.034295485659425945e-01,9.381069374828974375e-54,2.683359923773576652e-12,3.496016054989928221e-42
1.037675334384823705e-01,9.355715072754661108e-54,2.683417991506691574e-12,3.486491892938972838e-42
1.041056021861275493e-01,9.337698784722597147e-54,2.683467272410894509e-12,3.479714055291374613e-42
1.044437557519336951e-01,9.321864024617826178e-54,2.683564111959688571e-12,3.473687840388683414e-42
1.047819950653279542e-01,9.310374365023644869e-54,2.683643146806633969e-12,3.469304171868902617e-42
1.051203210455134984e-01,9.300907741365930395e-54,2.683707679182312775e-12,3.465693306880495711e-42
1.054587346048173613e-01,9.287578221213047314e-54,2.683788192928791592e-12,3.460622654829405563e-42
1.057972366519743662e-01,9.271254169440963426e-54,2.683832114097089765e-12,3.454483654451706226e-42
1.061358280953406952e-01,9.249923682068996353e-54,2.683868499728725043e-12,3.446489156605080408e-42
1.064745098460308237e-01,9.215630969746297291e-54,2.683955333719015117e-12,3.433600721282006217e-42
1.068132828209723550e-01,9.191228170201276164e-54,2.684012497583829079e-12,3.424435682946818544e-42
1.071521479458732995e-01,9.173848539231860022e-54,2.684061144110119854e-12,3.417898492872590729e-42
1.074911061580965249e-01,9.158540854003287541e-54,2.684157105965586276e-12,3.412073322253853973e-42
1.078301584094365356e-01,9.147411380926123044e-54,2.684235605041631265e-12,3.407827302396672520e-42
1.081693056687945131e-01,9.138181335281259952e-54,2.684298841970176440e-12,3.404308489204641415e-42
1.085085489247476637e-01,9.125050305007947284e-54,2.684377330923051403e-12,3.399317301591949647e-42
1.088478891880091393e-01,9.108975092252559893e-54,2.684420193225434505e-12,3.393274687487644798e-42
1.091873274937757293e-01,9.088001757607557679e-54,2.684455738068353069e-12,3.385416875655766063e-42
1.095268649039603942e-01,9.054540705684494886e-54,2.684541234540867277e-12,3.372844711484969079e-42
1.098665025093072678e-01,9.031050049944716828e-54,2.684597295693511280e-12,3.364024118042526610e-42
1.102062414313872835e-01,9.014280635475679384e-54,2.684645235016171252e-12,3.357717629838484557e-42
1.105460828244729937e-01,8.999475033796537172e-54,2.684740382904927636e-12,3.352083907665953041e-42
1.108860278772909741e-01,8.988689653158037324e-54,2.684818261632877702e-12,3.347969500062627326e-42
1.112260778146514223e-01,8.979683519708970102e-54,2.684880118393642306e-12,3.344537977018316320e-42
1.115662338989539676e-01,8.966741127712750510e-54,2.684956758928019697e-12,3.339622173763706945e-42
1.119064974315699956e-01,8.950903837252749068e-54,2.684998629810915545e-12,3.333671659222818267e-42
1.122468697541010724e-01,8.930269936965972058e-54,2.685033310102223340e-12,3.325943817295131589e-42
1.125873522495144524e-01,8.897637061889269604e-54,2.685117266503507119e-12,3.313686583780212882e-42
1.129279463431560049e-01,8.875012030270947439e-54,2.685172519932971671e-12,3.305192483681640002e-42
1.132686535036416670e-01,8.858818241535218991e-54,2.685220124241642000e-12,3.299103176517836104e-42
1.136094752436289518e-01,8.844490546088243918e-54,2.685314756898214063e-12,3.293651339519112698e-42
1.139504131204696208e-01,8.834030893565552529e-54,2.685392458418796617e-12,3.289661019889500861e-42
1.142914687367457410e-01,8.825227777491239389e-54,2.685453131568140230e-12,3.286308620972970047e-42
1.146326437406909871e-01,8.812433737125579522e-54,2.685528278035411133e-12,3.281452595082068620e-42
1.149739398264994356e-01,8.796772044794452748e-54,2.685569698464408324e-12,3.275570189008459016e-42
1.153153587345244063e-01,8.776387564246210246e-54,2.685604012584306265e-12,3.267938059044250812e-42
1.156569022513699446e-01,8.744515436660134649e-54,2.685687411253046391e-12,3.255969179443803829e-42
1.159985722098780120e-01,8.722763506549383559e-54,2.685742230412825063e-12,3.247803682637334982e-42
1.163403704890141194e-01,8.707160757949340321e-54,2.685789710059294798e-12,3.241936896748744724e-42
1.166822990136549137e-01,8.693347761847385932e-54,2.685882869745427556e-12,3.236681636333365158e-42
1.170243597542807990e-01,8.683224355126388365e-54,2.685960424625735347e-12,3.232819171688398167e-42
1.173665547265771991e-01,8.674606245346032952e-54,2.686019547479947454e-12,3.229539507068979375e-42
1.177088859909479202e-01,8.661880459123183050e-54,2.686093435497627456e-12,3.224713014317939441e-42
1.180513556519445090e-01,8.646297528446116307e-54,2.686134681080075839e-12,3.218862251899261258e-42
1.183939658576149134e-01,8.626046301186680002e-54,2.686168696318648143e-12,3.211282416107573707e-42
1.187367187987757450e-01,8.594971732251799941e-54,2.686251360461752823e-12,3.199615590245570904e-42
1.190796167082115442e-01,8.574156373094782302e-54,2.686305726793408799e-12,3.191802142092585904e-42
1.194226618598052680e-01,8.559180583171482115e-54,2.686353073928957331e-12,3.186171120333468503e-42
1.197658565676036485e-01,8.545908765810085887e-54,2.686444928880849945e-12,3.181121888610699307e-42
1.201092031848215863e-01,8.536135918031049595e-54,2.686522144409684589e-12,3.177392725309812643e-42
1.204527041027891598e-01,8.527685817693012099e-54,2.686579301065090004e-12,3.174179825740570655e-42
1.207963617498454961e-01,8.514979685654179996e-54,2.686651870346907449e-12,3.169364732228855555e-42
1.211401785901830425e-01,8.499414233930012775e-54,2.686693007553491297e-12,3.163522668959338547e-42
1.214841571226462774e-01,8.479213567086796094e-54,2.686726813392827553e-12,3.155964173513850714e-42
1.218282998794884692e-01,8.448975411696007003e-54,2.686808837889788744e-12,3.144613525364091688e-42
1.221726094250905337e-01,8.429105743414632039e-54,2.686863346055705611e-12,3.137154614055267444e-42
1.225170883546450734e-01,8.414767540761595747e-54,2.686910948981093271e-12,3.131762719546983987e-42
1.228617392928098712e-01,8.402034059639800059e-54,2.687002247503469399e-12,3.126917391842989652e-42
1.232065648923337531e-01,8.392612288347116349e-54,2.687079315406881404e-12,3.123321384756480723e-42
1.235515678326586930e-01,8.384293874499065063e-54,2.687134258911201099e-12,3.120161877544702471e-42
1.238967508185012945e-01,8.371508857949625414e-54,2.687205719188851596e-12,3.115321167326412503e-42
1.242421165784169390e-01,8.355851354322468244e-54,2.687246977862562872e-12,3.109446739788955286e-42
1.245876678633497520e-01,8.335548239654884792e-54,2.687280854819980139e-12,3.101852277443951511e-42
1.249334074451717014e-01,8.306227545194381053e-54,2.687362425687989862e-12,3.090847540992878413e-42
1.252793381152131902e-01,8.287382781890648069e-54,2.687416547429168600e-12,3.083773071881435147e-42
1.256254626827888743e-01,8.273730366626752931e-54,2.687464284240252046e-12,3.078638259546486354e-42
1.259717839737206913e-01,8.261552192397182023e-54,2.687555498200042202e-12,3.074002452388520732e-42
1.263183048288612498e-01,8.252489198928907852e-54,2.687632210054782210e-12,3.070542601794721468e-42
1.266650241035749691e-01,8.244254152745296388e-54,2.687684359124450210e-12,3.067419031091498482e-42
1.270119378636136165e-01,8.231258564256566066e-54,2.687754997809311296e-12,3.062503305161950332e-42
1.273590489232489520e-01,8.215376816601675293e-54,2.687796495458554190e-12,3.056547186694684342e-42
1.277063601075851540e-01,8.194735503700931124e-54,2.687830583191234975e-12,3.048828878928597534e-42
1.280538742521753759e-01,8.166572942966474411e-54,2.687911833612348313e-12,3.038259231885305042e-42
1.284015942028038371e-01,8.148812990375865595e-54,2.687966139069977188e-12,3.031590640942863453e-42
1.287495228142152282e-01,8.135886271207579806e-54,2.688014597031288973e-12,3.026726967998260571e-42
1.290976629485549310e-01,8.124288640456006640e-54,2.688106365106053385e-12,3.022309215854068544e-42
1.294460174737941394e-01,8.115587318555877648e-54,2.688182590603984183e-12,3.018986636890784110e-42
1.297945892621076569e-01,8.107354417074481570e-54,2.688231121660581384e-12,3.015869562609030624e-42
1.301433811881403391e-01,8.093940937935362280e-54,2.688301710495342270e-12,3.010800799008525429e-42
1.304923961273141420e-01,8.077638333874964411e-54,2.688343685394090190e-12,3.004689607865686811e-42
1.308416369543819735e-01,8.055762000626846897e-54,2.688378190066201093e-12,2.996513671474352455e-42
1.311911065422455003e-01,8.029756004887174345e-54,2.688459470763294940e-12,2.986749881190287459e-42
1.315408077608788973e-01,8.013181183658089357e-54,2.688514302073708959e-12,2.980523918908428642e-42
1.318907434762194575e-01,8.001047324429369535e-54,2.688563950310290336e-12,2.975955741542230582e-42
1.322409165490004701e-01,7.990069910155336223e-54,2.688656884534503984e-12,2.971770015026920334e-42
1.325913298335691937e-01,7.981717688886379574e-54,2.688732157833702944e-12,2.968580438788371979e-42
1.329419861767214550e-01,7.973353557035922313e-54,2.688775945474328730e-12,2.965421336224182228e-42
1.332928884165584249e-01,7.959150233673268648e-54,2.688848839862712106e-12,2.960058637613726403e-42
1.336440393813653482e-01,7.942140526609728190e-54,2.688891512776601372e-12,2.953685743315289208e-42
1.339954418885210552e-01,7.919150028352212462e-54,2.688926531455224551e-12,2.945097210992386052e-42
1.343470987434463859e-01,7.895519723867487381e-54,2.689008181702176212e-12,2.936220044845502921e-42
1.346990127385928604e-01,7.880267158596106735e-54,2.689063931729748904e-12,2.930487098358832798e-42
1.350511866524676252e-01,7.869020969556207590e-54,2.689115249464679081e-12,2.926249059471396918e-42
1.354036232486916513e-01,7.858713703601767449e-54,2.689209923066193057e-12,2.922313217794983801e-42
1.357563252750905447e-01,7.850657712035913512e-54,2.689282609981332698e-12,2.919238641152112946e-42
1.361092954628181639e-01,7.841952040208112959e-54,2.689320487685450394e-12,2.915960398218379713e-42
1.364625365255128508e-01,7.826701854838367446e-54,2.689395538514310112e-12,2.910208536733884613e-42
1.368160511584845807e-01,7.808661472984541210e-54,2.689438936213249564e-12,2.903453715881423148e-42
1.371698420379338090e-01,7.785185136872682535e-54,2.689474263795803760e-12,2.894686609079136802e-42
1.375239118202003508e-01,7.764012237763330440e-54,2.689556265850978097e-12,2.886726087995333495e-42
1.378782631410435389e-01,7.750128692814401051e-54,2.689613307557964780e-12,2.881502954731858307e-42
1.382328986149525540e-01,7.739808783804312164e-54,2.689666912929246985e-12,2.877608653547024292e-42
1.385878208344863971e-01,7.730177627924895271e-54,2.689763205289842101e-12,2.873924965856580386e-42
1.389430323696438929e-01,7.722247440374546448e-54,2.689830272773959044e-12,2.870905097075427315e-42
1.392985357672620883e-01,7.712918059136559043e-54,2.689861868933962544e-12,2.867403024748374324e-42
1.396543282948432829e-01,7.696565051840956541e-54,2.689936164159199457e-12,2.861244498806421494e-42
1.400104051722717846e-01,7.677143861579042747e-54,2.689980282980955984e-12,2.853977744800218648e-42
1.403667689040248301e-01,7.654270093488597074e-54,2.690015955720762504e-12,2.845436688659979854e-42
1.407234219691110289e-01,7.635465510702980197e-54,2.690098326069681312e-12,2.838359266168027635e-42
1.410803668218348073e-01,7.622901389267745512e-54,2.690157328837504109e-12,2.833626608954437967e-42
1.414376058927010460e-01,7.613490710458837536e-54,2.690213589716336500e-12,2.830069233001542019e-42
1.417951415881537336e-01,7.604455127395654241e-54,2.690310069853363934e-12,2.826609175131302632e-42
1.421529762899665095e-01,7.596333639016806270e-54,2.690368420498189348e-12,2.823529142380489966e-42
1.425111123546101699e-01,7.586082438992087226e-54,2.690395185732857440e-12,2.819690757410293243e-42
1.428695521126949475e-01,7.568317181526321267e-54,2.690469434066073206e-12,2.813009910351747578e-42
1.432282978684989438e-01,7.546197182495318812e-54,2.690514374213853397e-12,2.804741448259408278e-42
1.435873518995230413e-01,7.526340611447560096e-54,2.690550743798121380e-12,2.797323421160600776e-42
1.439467164559967427e-01,7.509800129899039898e-54,2.690633895895540349e-12,2.791089542637128752e-42
1.443063937603490110e-01,7.498522221813447659e-54,2.690695745797062800e-12,2.786833938220750364e-42
1.446663860067511909e-01,7.489997007445875148e-54,2.690754884032531992e-12,2.783604352775865555e-42
1.450266953608214116e-01,7.481340915162223319e-54,2.690848547264404219e-12,2.780290597465240080e-42
1.453873239594826450e-01,7.472593529862933354e-54,2.690896636339015914e-12,2.776990178273606922e-42
1.457482739108967029e-01,7.461091630193103469e-54,2.690921407393431605e-12,2.772690279877148113e-42
1.461095472944020646e-01,7.441496598499589985e-54,2.690996231418042660e-12,2.765331482674813062e-42
1.464711461604224774e-01,7.418433061647316510e-54,2.691042203829411512e-12,2.756713756139062133e-42
1.468330725303467477e-01,7.401415215646530681e-54,2.691079889643610906e-12,2.750351353049844115e-42
1.471953283963884085e-01,7.386989988428576946e-54,2.691164525432137047e-12,2.744904638352574061e-42
1.475579157214352288e-01,7.376946605154191384e-54,2.691230243776381300e-12,2.741105716322038414e-42
1.479208364388987229e-01,7.369233181862300667e-54,2.691291379924947258e-12,2.738177380877951866e-42
1.482840924525745396e-01,7.360492459887723205e-54,2.691377689971129042e-12,2.734841894288973038e-42
1.486476856365203936e-01,7.350600980274690763e-54,2.691417596268836335e-12,2.731126150941782379e-42
1.490116178349539799e-01,7.337453406907149039e-54,2.691443022055645581e-12,2.726215397011457701e-42
1.493758908621695414e-01,7.314702637529754992e-54,2.691518852602808988e-12,2.717685826519899023e-42
1.497405065024705606e-01,7.293911471090931588e-54,2.691566226789515037e-12,2.709913431998687306e-42
1.501054665101166086e-01,7.279468111932669413e-54,2.691606151576789897e-12,2.704507161149200827e-42
1.504707691212123499e-01,7.266981922466641061e-54,2.691693441140760523e-12,2.699780670189112483e-42
1.508364071492346026e-01,7.258106912488083420e-54,2.691763662663383041e-12,2.696413141006035472e-42
1.512023823290746805e-01,7.250990707759986015e-54,2.691822923062868826e-12,2.693710141791015293e-42
1.515686963643573804e-01,7.241388868104249537e-54,2.691899092111767941e-12,2.690066982571569050e-42
1.519353509284109005e-01,7.229777707542450960e-54,2.691935819020611802e-12,2.685716968606186994e-42
1.523023476658666442e-01,7.214425988842635462e-54,2.691963781945074188e-12,2.679986275160754083e-42
1.526696881929434368e-01,7.189630398336429758e-54,2.692041039738494627e-12,2.670698660312708824e-42
1.530373740972886254e-01,7.172585228080248236e-54,2.692090480701028508e-12,2.664318038156163717e-42
1.534054069377462082e-01,7.160457173166868201e-54,2.692133990396471102e-12,2.659769981252807608e-42
1.537737882441680415e-01,7.149724771127005209e-54,2.692225358648874743e-12,2.655693271797714538e-42
1.541425195172885232e-01,7.141885840810381425e-54,2.692298765416917368e-12,2.652709250752273232e-42
1.545116022286537882e-01,7.134807859756156746e-54,2.692348142130031669e-12,2.650031676108389810e-42
1.548810378205921490e-01,7.123278920755914091e-54,2.692419783378582928e-12,2.645679163676797849e-42
1.552508277062032982e-01,7.109345464766926820e-54,2.692457639727084309e-12,2.640466969607570685e-42
1.556209732693294989e-01,7.090263888223439808e-54,2.692488550011542100e-12,2.633349689896748237e-42
1.559914758644824762e-01,7.068301225028410080e-54,2.692567598857548801e-12,2.625115606392751940e-42
1.563623368167402494e-01,7.054468866666532861e-54,2.692620260104683705e-12,2.619927128674382490e-42
1.567335574216642824e-01,7.044382317995006540e-54,2.692669115356848756e-12,2.616133663738866809e-42
1.571051389452823854e-01,7.035173400534574597e-54,2.692764462774695938e-12,2.612621154872693752e-42
1.574770826241477795e-01,7.027953633581032559e-54,2.692833887331294909e-12,2.609872694578280630e-42
1.578493896654515893e-01,7.019934596254935434e-54,2.692867751802065803e-12,2.606861993708082638e-42
1.582220612471532117e-01,7.005741037696433886e-54,2.692940256602172934e-12,2.601521151655979623e-42
1.585950985181003858e-01,6.988752964295225489e-54,2.692981166023408501e-12,2.595173353779955963e-42
1.589685025981225353e-01,6.968149784200488367e-54,2.693014028246816740e-12,2.587491082895262167e-42
1.593422745780922467e-01,6.951078399116892891e-54,2.693094501639458606e-12,2.581074817421121823e-42
1.597164155199568003e-01,6.939813808297412400e-54,2.693151527242113200e-12,2.576837485042677345e-42
1.600909264567476065e-01,6.931423482100757517e-54,2.693206292937859770e-12,2.573669718608772784e-42
1.604658020551951447e-01,6.923275406851744820e-54,2.693301887883159232e-12,2.570553059053174415e-42
1.608410381595688499e-01,6.915607295638085640e-54,2.693354788650516110e-12,2.567655521945957596e-42
1.612166358120583898e-01,6.905657881716248885e-54,2.693378884362138959e-12,2.563938524138123801e-42
1.615925960248843496e-01,6.888394612579583878e-54,2.693451752464506884e-12,2.557459812033650190e-42
1.619689197815444293e-01,6.867434693869266522e-54,2.693495058348867768e-12,2.549637012543492321e-42
1.623456080379067634e-01,6.851376779589651646e-54,2.693530096403120814e-12,2.543642184930038655e-42
1.627226617223409832e-01,6.837901811045697686e-54,2.693612921863491002e-12,2.538561407819172320e-42
1.631000817355419685e-01,6.828632356422622220e-54,2.693676398333203026e-12,2.535060395765450328e-42
1.634778689503142424e-01,6.821536156631259155e-54,2.693735308082251209e-12,2.532370621628637184e-42
1.638560242113967225e-01,6.813307034289438690e-54,2.693820399232365239e-12,2.529235815509812055e-42
1.642345483353361280e-01,6.803822210842052372e-54,2.693858461050078316e-12,2.525679173281394721e-42
1.646134421103997991e-01,6.791114551245378782e-54,2.693882848705057089e-12,2.520939080372352026e-42
1.649927062965135527e-01,6.769010566209201188e-54,2.693957651750081350e-12,2.512664058327655756e-42
1.653723416252147471e-01,6.751263290294971342e-54,2.694003664176826495e-12,2.506033447566921276e-42
1.657523487996132583e-01,6.738907816286672833e-54,2.694042960446589756e-12,2.501410673558660844e-42
1.661327284943524274e-01,6.728163672583954079e-54,2.694130870030700810e-12,2.497341071076953040e-42
1.665134813555557425e-01,6.720490792952759633e-54,2.694201128097056518e-12,2.494428022788155857e-42
1.668946080007465693e-01,6.713932201390607340e-54,2.694252742315485372e-12,2.491945946994023738e-42
1.672761090187378785e-01,6.703594031178597202e-54,2.694327473477467098e-12,2.488039815934668273e-42
1.676579849695066515e-01,6.691108540025234345e-54,2.694363482358702358e-12,2.483372634700236155e-42
1.680402363840759195e-01,6.674034650940250867e-54,2.694392105517397471e-12,2.477009429055854565e-42
1.684228637644235305e-01,6.652788746845424871e-54,2.694469618198780967e-12,2.469053167982176194e-42
1.688058675834241962e-01,6.639641916196018303e-54,2.694520101726412948e-12,2.464127809602131481e-42
1.691892482848174062e-01,6.630129880296298477e-54,2.694566807492701416e-12,2.460555018290915864e-42
1.695730062831868057e-01,6.621467424834327233e-54,2.694662003821388733e-12,2.457253420074282637e-42
1.699571357770780777e-01,6.614660977067272905e-54,2.694728794512223185e-12,2.454666677603303113e-42
1.703416333050093989e-01,6.606955927041173225e-54,2.694759916899612998e-12,2.451779056682213579e-42
1.707264993132132092e-01,6.593223699683607599e-54,2.694830935790392839e-12,2.446618677304822370e-42
1.711117342177445599e-01,6.576421021428747780e-54,2.694870069022333915e-12,2.440348088401380090e-42
1.714973384055400174e-01,6.557784645322507906e-54,2.694901128789948505e-12,2.433404541363286551e-42
1.718833122351884068e-01,6.542634131894443630e-54,2.694980500021973782e-12,2.427711121412974010e-42
1.722696560369080254e-01,6.532614423753917484e-54,2.695037199135526582e-12,2.423942209721391137e-42
1.726563701122642291e-01,6.525138699924361091e-54,2.695091900715126585e-12,2.421119182686480672e-42
1.730434547338462747e-01,6.517549536190792566e-54,2.695184794756660199e-12,2.418219911625481545e-42
1.734309101449702517e-01,6.509702921804919170e-54,2.695229637185825464e-12,2.415268380842645396e-42
1.738187365594187905e-01,6.499240224284554435e-54,2.695251550170752149e-12,2.411366843986346324e-42
1.742069341612097200e-01,6.481187138491991190e-54,2.695323361363639017e-12,2.404604668737400929e-42
1.745955031043836814e-01,6.461799570231839299e-54,2.695365416968028834e-12,2.397374222268017694e-42
1.749844435128031506e-01,6.448616567327119973e-54,2.695400128874164292e-12,2.392452422275659783e-42
1.753737554799559284e-01,6.437381641879380536e-54,2.695483814861480612e-12,2.388210089182150733e-42
1.757634390687592141e-01,6.429548812900781668e-54,2.695549599260949596e-12,2.385245967895971542e-42
1.761534943113618745e-01,6.423261387076148300e-54,2.695603855249214805e-12,2.382865484692038651e-42
1.765439212089414955e-01,6.414281278030963658e-54,2.695681111770145503e-12,2.379465898256401337e-42
1.769347197314923570e-01,6.403405292496371274e-54,2.695715467177701875e-12,2.375401028210318168e-42
1.773258898175983644e-01,6.388802369435421178e-54,2.695741205418755047e-12,2.369961314013816210e-42
1.777174313741848866e-01,6.367322301908983191e-54,2.695816360771453476e-12,2.361927316179231902e-42
1.781093442762508583e-01,6.353964116957147017e-54,2.695863540127015976e-12,2.356930913742681304e-42
1.785016283665866177e-01,6.344428937996334215e-54,2.695906436592424878e-12,2.353356500760305793e-42
1.788942834554877181e-01,6.335853227803269355e-54,2.695998791555134137e-12,2.350094980624437414e-42
1.792873093204752910e-01,6.329326178828631197e-54,2.696065370720671975e-12,2.347615991646660169e-42
1.796807020069877137e-01,6.322241332407047714e-54,2.696097308701128463e-12,2.344960366231310242e-42
1.800744571767474989e-01,6.309561088415059160e-54,2.696167364305032399e-12,2.340196373544273467e-42
1.804685746545396097e-01,6.294230519041571465e-54,2.696204335393903085e-12,2.334478302113557531e-42
1.808630542312070766e-01,6.276110753810973237e-54,2.696233139523125357e-12,2.327732962632826986e-42
1.812578956640998329e-01,6.261431674961382138e-54,2.696310462469016384e-12,2.322222074244290609e-42
1.816530986776026813e-01,6.251816593871622444e-54,2.696364920964311857e-12,2.318609230250540525e-42
1.820486629629874953e-01,6.244675201728533928e-54,2.696417467009899857e-12,2.315915572470072129e-42
1.824445881780275835e-01,6.237399668576886540e-54,2.696508541352320822e-12,2.313139221672474225e-42
1.828408739465607058e-01,6.229847467323915499e-54,2.696550927963659680e-12,2.310302172571417881e-42
1.832375198580581677e-01,6.219731646648589451e-54,2.696570974429544510e-12,2.306533633131745922e-42
1.836345254672085148e-01,6.201943655773070617e-54,2.696641297188422844e-12,2.299877133172792484e-42
1.840318902935131062e-01,6.184024090791740971e-54,2.696681703561606213e-12,2.293197629747802166e-42
1.844296138208863511e-01,6.171863907880882862e-54,2.696715010685709576e-12,2.288660048772275185e-42
1.848276954972554176e-01,6.161478217371123080e-54,2.696797747325796058e-12,2.284738714084502804e-42
1.852261347341574160e-01,6.154231124756961871e-54,2.696862539532871210e-12,2.281996592167040258e-42
1.856249309063309483e-01,6.148260641182873136e-54,2.696912447617436570e-12,2.279740540563153735e-42
1.860240833513013559e-01,6.138949463095516791e-54,2.696991072718834201e-12,2.276221647595906756e-42
1.864235913689583912e-01,6.127868708861099733e-54,2.697023370261450304e-12,2.272085876759407676e-42
1.868234542211259230e-01,6.112584446510906892e-54,2.697047725572406564e-12,2.266398324565652968e-42
1.872236711311226209e-01,6.093371430825632548e-54,2.697121534341119421e-12,2.259212776748002138e-42
1.876242412833121209e-01,6.081667244813813114e-54,2.697168046823515772e-12,2.254834381556706906e-42
1.880251638226411171e-01,6.073243902789615690e-54,2.697211576297297158e-12,2.251675009910382883e-42
1.884264378541619100e-01,6.065525497568843743e-54,2.697303978004199321e-12,2.248736348232012351e-42
1.888280624425382748e-01,6.059292168105499807e-54,2.697363655249524261e-12,2.246375699588409766e-42
1.892300366115320931e-01,6.051850863794182369e-54,2.697387855713212546e-12,2.243596837946770073e-42
1.896323593434747490e-01,6.038479116137388843e-54,2.697455795821756536e-12,2.238583158801243000e-42
1.900350295787247290e-01,6.021588832131887498e-54,2.697491975603358361e-12,2.232291657062303413e-42
1.904380462151173958e-01,6.006436810938406598e-54,2.697519826551644922e-12,2.226651590033609462e-42
1.908414081074090440e-01,5.994006243552310887e-54,2.697596608510517801e-12,2.221980196980567338e-42
1.912451140667171257e-01,5.985710379143841420e-54,2.697652792563689431e-12,2.218858703997773269e-42
1.916491628599547581e-01,5.979455783226727526e-54,2.697705357605108209e-12,2.216496981914658621e-42
1.920535532092579323e-01,5.972228615487664624e-54,2.697788549106703432e-12,2.213749708984864425e-42
1.924582837913998146e-01,5.963904927946371782e-54,2.697822378223954681e-12,2.210636614213483883e-42
1.928633513221854057e-01,5.952648365708905142e-54,2.697841757078876320e-12,2.206448302644041324e-42
1.932687533244069888e-01,5.933123621700001450e-54,2.697911561249186849e-12,2.199154229856536388e-42
1.936744885349501455e-01,5.918837863024573856e-54,2.697952151330848241e-12,2.193826106258009158e-42
1.940805556444391566e-01,5.908924762004934173e-54,2.697987200678738343e-12,2.190123348442280652e-42
1.944869532969378534e-01,5.900241484155370717e-54,2.698072388587928902e-12,2.186835871828975962e-42
1.948936800895411936e-01,5.893986293074881989e-54,2.698137063317329542e-12,2.184465116026496799e-42
1.953007345717225895e-01,5.888001214531267194e-54,2.698173409604941723e-12,2.182217493349832807e-42
1.957081152445926953e-01,5.877476761672708351e-54,2.698242386760064108e-12,2.178261223125375120e-42
1.961158205601322146e-01,5.864778030508880552e-54,2.698274380318992749e-12,2.173529153775510711e-42
1.965238489204178818e-01,5.848048701491965331e-54,2.698298363054241896e-12,2.167309880021005739e-42
1.969321986768437227e-01,5.833324571105684160e-54,2.698370984869523755e-12,2.161794876914505115e-42
1.973408681293355171e-01,5.823941729919503270e-54,2.698419640496317901e-12,2.158278735641099360e-42
1.977498555255552404e-01,5.817060238893337449e-54,2.698466702676647032e-12,2.155690945944715006e-42
1.981591590600928765e-01,5.810291600605523886e-54,2.698555624391607512e-12,2.153111667622364119e-42
1.985687768736436321e-01,5.803670634522156657e-54,2.698598169958698066e-12,2.150624238587911460e-42
1.989787070521686907e-01,5.794884208072519389e-54,2.698614882331752857e-12,2.147355017573095798e-42
1.993889476260387872e-01,5.779409467046605970e-54,2.698681291980542033e-12,2.141567988862123302e-42
1.997994965691592684e-01,5.762574108785858527e-54,2.698717592996539093e-12,2.135300901339345302e-42
2.000000000000000111e-01,5.756939210602415891e-54,2.698719374337387211e-12,2.133211502220718770e-42
2.004110018850473740e-01,5.745639558962956044e-54,2.698788905004403756e-12,2.128969608667329399e-42
2.008223068539176370e-01,5.738094055462401462e-54,2.698843209142578579e-12,2.126130942332656659e-42
2.012339126759807306e-01,5.732342314880089879e-54,2.698893710646261738e-12,2.123960010825122866e-42
2.016458170599233490e-01,5.725282850756237674e-54,2.698970843403646030e-12,2.121283697728330732e-42
2.020580176527631555e-01,5.717004828859119450e-54,2.699002517705147850e-12,2.118191736152975702e-42
2.024705120388392565e-01,5.705768547179366596e-54,2.699021828508803009e-12,2.114013487001613755e-42
2.028832977387785841e-01,5.686965315148058494e-54,2.699091674393677137e-12,2.106992277846796857e-42
2.032963722084373814e-01,5.674189993083830854e-54,2.699132530871617051e-12,2.102227263087186710e-42
2.037097328378170424e-01,5.665266087370462424e-54,2.699168129458195961e-12,2.098893368494111289e-42
2.041233769499536665e-01,5.657390210248250142e-54,2.699253362647604238e-12,2.095909294227612545e-42
2.045373017091488832e-01,5.651586743488943078e-54,2.699315178776247007e-12,2.093711319050607694e-42
2.049515006979102660e-01,5.645596977945970353e-54,2.699344472126253227e-12,2.091469627623693585e-42
2.053659707528537326e-01,5.634860540555450212e-54,2.699409572012156846e-12,2.087441860982655618e-42
2.057807086350002257e-01,5.621855866253870631e-54,2.699440393224215732e-12,2.082600482813075588e-42
2.061957110293474171e-01,5.606171964675562340e-54,2.699463149817723089e-12,2.076772918739087134e-42
2.066109745433484524e-01,5.593382726813922548e-54,2.699534210138880713e-12,2.071980679409935823e-42
2.070264957054666344e-01,5.585093228925115809e-54,2.699583344857503767e-12,2.068872309337766512e-42
2.074422709637660789e-01,5.578962089262092189e-54,2.699630558891922785e-12,2.066565023457137748e-42
2.078582966844967628e-01,5.572549221553247790e-54,2.699713770855391924e-12,2.064125938724093374e-42
2.082745691506559527e-01,5.565717336001325341e-54,2.699748580120421332e-12,2.061568761248526589e-42
2.086910845605189635e-01,5.556528376864988002e-54,2.699763282704416439e-12,2.058153917590464777e-42
2.091078390261375541e-01,5.539980938671344745e-54,2.699827664123321840e-12,2.051975765819951689e-42
2.095248285718058212e-01,5.525604173925572639e-54,2.699863043070731750e-12,2.046623878980520285e-42
2.099420491324947846e-01,5.515792426331609818e-54,2.699892483545033348e-12,2.042967436647411258e-42
2.103594965522549431e-01,5.507332269247700710e-54,2.699971273759626298e-12,2.039774394184168895e-42
2.107771665825874385e-01,5.501369921466620089e-54,2.700031639341796286e-12,2.037520539132542831e-42
2.111950548807823846e-01,5.496078022084061062e-54,2.700069465568102070e-12,2.035532082478356215e-42
2.116131570082242230e-01,5.487094903633263933e-54,2.700136718952539866e-12,2.032154470223220774e-42
2.120314684286626616e-01,5.476356720311926498e-54,2.700164126110437906e-12,2.028156980294590161e-42
2.124499845064487524e-01,5.461547474474818426e-54,2.700183812437791505e-12,2.022657661051601100e-42
2.128687005047342484e-01,5.447214041883040515e-54,2.700251884147874205e-12,2.017298487545369293e-42
2.132876034820119504e-01,5.438246703270402556e-54,2.700295834356066766e-12,2.013944781189964941e-42
2.137066856607259535e-01,5.431718880950127539e-54,2.700338175857417072e-12,2.011495793198360082e-42
2.141259416282698669e-01,5.425452477922685126e-54,2.700423328717458139e-12,2.009111838216660208e-42
2.145453658596213620e-01,5.419635518510599349e-54,2.700465943421069271e-12,2.006926075744086740e-42
2.149649527154235962e-01,5.412083066751777596e-54,2.700479800841312260e-12,2.004119069902203155e-42
2.153846964395543240e-01,5.398660034642743864e-54,2.700540901578528227e-12,1.999103228352180473e-42
2.158045911568788611e-01,5.383294979695001664e-54,2.700572592678571043e-12,1.993390214463949954e-42
2.162246308710882026e-01,5.372462086014156456e-54,2.700597508113793014e-12,1.989360528502635867e-42
2.166448094625574028e-01,5.363320831287226326e-54,2.700671006958932981e-12,1.985921579291713412e-42
2.170651206861934357e-01,5.357049208804320043e-54,2.700727039002016054e-12,1.983558179498169342e-42
2.174855535479011115e-01,5.352020105855373131e-54,2.700770824735020772e-12,1.981663922328719861e-42
2.179060908082672832e-01,5.344658590542466520e-54,2.700838011238063773e-12,1.978888984938595343e-42
2.183267254330080731e-01,5.335846607072377751e-54,2.700863201990764124e-12,1.975607873490004291e-42
2.187474502492761930e-01,5.323920157841324051e-54,2.700879813072868610e-12,1.971179958498096674e-42
2.191682579453002322e-01,5.307531635604092033e-54,2.700944824956366181e-12,1.965064812343893489e-42
2.195891410674880584e-01,5.297666811887674155e-54,2.700984161764255205e-12,1.961383886245113181e-42
2.200100920178346131e-01,5.290612391040905030e-54,2.701020816019626648e-12,1.958745508239897085e-42
2.204311030515193337e-01,5.284160459388481573e-54,2.701103999050105203e-12,1.956296559201999576e-42
2.208521540146576589e-01,5.278937485111375200e-54,2.701155242736113711e-12,1.954325838660097771e-42
2.212732297725902020e-01,5.272756629517072888e-54,2.701172217651883162e-12,1.952025344796658987e-42
2.216943217034441083e-01,5.261626339179701397e-54,2.701230315474553166e-12,1.947862908629965177e-42
2.221154210276978791e-01,5.247678541986392407e-54,2.701258337115013252e-12,1.942679257990184112e-42
2.225365188068172406e-01,5.235510934691495636e-54,2.701279313038207796e-12,1.938159785780524536e-42
2.229576059406550292e-01,5.225463984107700124e-54,2.701347784183354237e-12,1.934391422942015778e-42
2.233786625201021891e-01,5.218748036420314249e-54,2.701397742184866330e-12,1.931869548465468548e-42
2.237996670697630364e-01,5.213654452616019335e-54,2.701442876085211175e-12,1.929951767172427830e-42
2.242206095655301656e-01,5.207582667972421849e-54,2.701511721419558870e-12,1.927655033543960377e-42
2.246414798139693136e-01,5.200587625788664669e-54,2.701536832641843064e-12,1.925047833126520935e-42
2.250622674524496991e-01,5.191177603832130021e-54,2.701548858067506729e-12,1.921556068967608541e-42
2.254829547827440495e-01,5.175116506124642254e-54,2.701608828890825729e-12,1.915568401606587080e-42
2.259035125845795244e-01,5.163832546699730739e-54,2.701642627714940145e-12,1.911367733735871793e-42
2.263239295637700654e-01,5.155949972871540339e-54,2.701672061149457728e-12,1.908429245360697841e-42
2.267441942541024158e-01,5.149013821070899746e-54,2.701746979014217186e-12,1.905809041729589923e-42
2.271642950196645638e-01,5.143930592744881318e-54,2.701802802592189421e-12,1.903888243734754610e-42
2.275841970854821095e-01,5.138923515038148457e-54,2.701829240762345783e-12,1.902016395968885925e-42
2.280038828393432249e-01,5.130093339960503089e-54,2.701886553063821593e-12,1.898707898798786026e-42
2.284233397539378596e-01,5.119583557146222979e-54,2.701910752120127497e-12,1.894801134023025493e-42
2.288425551418120651e-01,5.106098224468635325e-54,2.701927911750058978e-12,1.889798096486363133e-42
2.292614873034436174e-01,5.094458214400026260e-54,2.701991076491802964e-12,1.885445980456213254e-42
2.296801213169577527e-01,5.086964286913373366e-54,2.702033429022450382e-12,1.882642987416240143e-42
2.300984437004369165e-01,5.081439277612283046e-54,2.702074186043059898e-12,1.880569861426930308e-42
2.305164282076938298e-01,5.075944174086563909e-54,2.702148449757745199e-12,1.878484571986278338e-42
2.309340409171887765e-01,5.070601174160810333e-54,2.702181645677032391e-12,1.876484203892358876e-42
2.313512525086467986e-01,5.063621606876750919e-54,2.702190989201703567e-12,1.873894786531234217e-42
2.317679995938908555e-01,5.051382105684916782e-54,2.702245414032982466e-12,1.869327663376788165e-42
2.321842675175112558e-01,5.037872880844528234e-54,2.702273554805444361e-12,1.864308989697099688e-42
2.326000415699971680e-01,5.028493602889312422e-54,2.702295873897491784e-12,1.860822736496566858e-42
2.330153070043420593e-01,5.020577178930438411e-54,2.702358540885009841e-12,1.857850134603612744e-42
2.334300490485987367e-01,5.015019729040295131e-54,2.702410430157538404e-12,1.855757982975199634e-42
2.338442529145507154e-01,5.010550829376756692e-54,2.702450932874578677e-12,1.854076523064590138e-42
2.342579038097382105e-01,5.004372121230879646e-54,2.702507050572461769e-12,1.851751735548968480e-42
2.346709869532197235e-01,4.996980913094381032e-54,2.702528453918820770e-12,1.849002146803846957e-42
2.350834717577739985e-01,4.987199204380967974e-54,2.702540180874267966e-12,1.845374673677420191e-42
2.354953414638376041e-01,4.972475779026652846e-54,2.702595880211276893e-12,1.839888758595283211e-42
2.359065725959249848e-01,4.963153903407439172e-54,2.702628853618593182e-12,1.836417122818100832e-42
2.363171349381607556e-01,4.956488282018986829e-54,2.702658972536703726e-12,1.833930337635920508e-42
2.367270142220179452e-01,4.950524920930214416e-54,2.702726502711755466e-12,1.831678090980774795e-42
2.371361819849211461e-01,4.945978143436886138e-54,2.702776893355192858e-12,1.829961679632761762e-42
2.375446108329027917e-01,4.941224456594111823e-54,2.702797716200365456e-12,1.828188778974018424e-42
2.379522873252080117e-01,4.932869266255763406e-54,2.702848176552035687e-12,1.825063393885674069e-42
2.383591883180774251e-01,4.923057066874462233e-54,2.702869784669864594e-12,1.821418514053860320e-42
2.387652824019853293e-01,4.910769847839426116e-54,2.702885523051432935e-12,1.816861944746884437e-42
2.391705574505295362e-01,4.900483456544324186e-54,2.702935975393909921e-12,1.813022395334449859e-42
2.395750017083698724e-01,4.893532945811799334e-54,2.702975838004907613e-12,1.810424228365934199e-42
2.399785772341923307e-01,4.888362997267918608e-54,2.703015351840929701e-12,1.808485103104806632e-42
2.403812726912211983e-01,4.883286340284037245e-54,2.703085715600465085e-12,1.806559929676244450e-42
2.407830783008141629e-01,4.878577434664511988e-54,2.703121018552178908e-12,1.804794310421784610e-42
2.411839791225407481e-01,4.872676498199623405e-54,2.703129496192125878e-12,1.802605648402608385e-42
2.415839472797579879e-01,4.862467600006074346e-54,2.703176715315139093e-12,1.798797530497077661e-42
2.419829755258723625e-01,4.850283785365890826e-54,2.703199843916885853e-12,1.794274957613907207e-42
2.423810572546166997e-01,4.840870703113915761e-54,2.703217887544051668e-12,1.790780804396045608e-42
2.427781865217921720e-01,4.833090322572294344e-54,2.703265849661358880e-12,1.787870890751548209e-42
2.431743425196033481e-01,4.827521155235492132e-54,2.703309910740678592e-12,1.785781621283962287e-42
2.435695166620925056e-01,4.823190834564495307e-54,2.703352537401141454e-12,1.784151629443510507e-42
2.439637062608349116e-01,4.818249502571262190e-54,2.703409990109782784e-12,1.782285898253855898e-42
2.443569094051580570e-01,4.812876870748075133e-54,2.703430092597857946e-12,1.780285306406109717e-42
2.447491249771594768e-01,4.805870017545131786e-54,2.703437386645182898e-12,1.777688671942556940e-42
2.451403526654121201e-01,4.793689881319632371e-54,2.703482205646245767e-12,1.773153849989458155e-42
2.455305901194196339e-01,4.782945618228570059e-54,2.703506278097506171e-12,1.769163865820350029e-42
2.459198298503899593e-01,4.775348989013806045e-54,2.703527939482146803e-12,1.766339795966196233e-42
2.463080753097900699e-01,4.768861077529121225e-54,2.703577853054453318e-12,1.763907435527091855e-42
2.466953307942624796e-01,4.764098778975749977e-54,2.703625371887096018e-12,1.762114984018836208e-42
2.470816014418323048e-01,4.760159161554606711e-54,2.703665223665809775e-12,1.760631871094034694e-42
2.474668932272293398e-01,4.755004002657571158e-54,2.703708518387868720e-12,1.758696978730836471e-42
2.478512129540755005e-01,4.749041165254821729e-54,2.703722245624416307e-12,1.756482631653624450e-42
2.482345682439898449e-01,4.741278097079305387e-54,2.703729844851535522e-12,1.753606450773063043e-42
2.486169675226781728e-01,4.729234902857867235e-54,2.703760602436934392e-12,1.749132263631383091e-42
2.489984200030508354e-01,4.719956282002155963e-54,2.703785265365275917e-12,1.745684593545005424e-42
2.493789356654113887e-01,4.713213804569303400e-54,2.703811139731539642e-12,1.743174194125583990e-42
2.497585252347714613e-01,4.707353131677575721e-54,2.703865887597488484e-12,1.740971382223501888e-42
2.501372001553692770e-01,4.702974434529821928e-54,2.703916019669777967e-12,1.739319712712151307e-42
2.505149725624885026e-01,4.699195674629679888e-54,2.703949456978248815e-12,1.737900707612036373e-42
2.508918552516964939e-01,4.693906530207247271e-54,2.703986021794319495e-12,1.735921152096951426e-42
2.512678616456391345e-01,4.687642624410185980e-54,2.703998915728454394e-12,1.733596340273435387e-42
2.516430057585519742e-01,4.679657772932511656e-54,2.704005098253020300e-12,1.730639404472981197e-42
2.520173021586657458e-01,4.667988742506244685e-54,2.704035575693563607e-12,1.726304485217041852e-42
2.523907659287078498e-01,4.659640503945032835e-54,2.704060124230922527e-12,1.723201515450884615e-42
2.527634126247143564e-01,4.653507557747812577e-54,2.704085289379667117e-12,1.720917448878010311e-42
2.531352582333853962e-01,4.648107487143985303e-54,2.704137376660884487e-12,1.718887334371875898e-42
2.535063084197108907e-01,4.644002104420793808e-54,2.704185116181848375e-12,1.717338830330467172e-42
2.538765778636465908e-01,4.640378300290653561e-54,2.704215658930311238e-12,1.715979376484424907e-42
2.542460827522743383e-01,4.635310493803370991e-54,2.704248151199561386e-12,1.714084741722841043e-42
2.546148395674471265e-01,4.629311274247411199e-54,2.704259748863766341e-12,1.711858957406914335e-42
2.549828650392445550e-01,4.621720320450102395e-54,2.704265257108276258e-12,1.709048440533603020e-42
2.553501760997023973e-01,4.610671917780167250e-54,2.704291267924526767e-12,1.704946494657263029e-42
2.557167898370557579e-01,4.602491220384554120e-54,2.704313968098664621e-12,1.701907128638784003e-42
2.560827234505562711e-01,4.596423158936922528e-54,2.704338425784740820e-12,1.699647912077845724e-42
2.564479915848714708e-01,4.591106935280000960e-54,2.704387504381541900e-12,1.697651289928558869e-42
2.568125956118847419e-01,4.587043713770998872e-54,2.704434095556940666e-12,1.696119613824925075e-42
2.571765522900209544e-01,4.583548927411315820e-54,2.704467122300486824e-12,1.694806673601724389e-42
2.575398783641588696e-01,4.578885071678680217e-54,2.704500314747504872e-12,1.693061393526282512e-42
2.579025905278180542e-01,4.573437491052726952e-54,2.704511747759451614e-12,1.691039979708568061e-42
2.582647053840078089e-01,4.566586668193228605e-54,2.704516246840547024e-12,1.688504061873533735e-42
2.586262394088345573e-01,4.556221765950901851e-54,2.704538895301149514e-12,1.684657511809815417e-42
2.589871938533753748e-01,4.547723671486119602e-54,2.704559068502030808e-12,1.681502809256430382e-42
2.593475782626045723e-01,4.541416735523189334e-54,2.704581474206644346e-12,1.679156933830347154e-42
2.597074083374465436e-01,4.535972900154646756e-54,2.704626047132180669e-12,1.677116474184781923e-42
2.600666995768322609e-01,4.531809855853308005e-54,2.704670421482799226e-12,1.675549752701034906e-42
2.604254672519277225e-01,4.528376922740473776e-54,2.704707425247073983e-12,1.674257585301230234e-42
2.607837234947130711e-01,4.524166721590835124e-54,2.704745221670462155e-12,1.672677590977197656e-42
2.611414634508900656e-01,4.519421189259374915e-54,2.704758253572938072e-12,1.670915019221883824e-42
2.614987016054790003e-01,4.513494572842423415e-54,2.704761697554953922e-12,1.668721712867541952e-42
2.618554521758195142e-01,4.504536592038572797e-54,2.704781807117577303e-12,1.665397401071309363e-42
2.622117290988086324e-01,4.495262822824681073e-54,2.704799199782174313e-12,1.661958057066379662e-42
2.625675460160915575e-01,4.488424352018079548e-54,2.704818447829735853e-12,1.659417975213624762e-42
2.629228960812725058e-01,4.482637271827083357e-54,2.704857755645975556e-12,1.657254346358977982e-42
2.632777908661375621e-01,4.478219347157383630e-54,2.704898245247546594e-12,1.655596233620073514e-42
2.636322433251366282e-01,4.474701930548196170e-54,2.704937453856919968e-12,1.654271866496507068e-42
2.639862661130874533e-01,4.470838520705542743e-54,2.704982929466946281e-12,1.652815798577546860e-42
2.643398715780818642e-01,4.466806517108898763e-54,2.705001536772503097e-12,1.651313855606348030e-42
2.646930550141986527e-01,4.461861947135838933e-54,2.705005070012640499e-12,1.649483764965730376e-42
2.650458255579786204e-01,4.454605020686250324e-54,2.705023196199380895e-12,1.646789952465129196e-42
2.653981949907515125e-01,4.445319581620077017e-54,2.705037357163346985e-12,1.643348684205118220e-42
2.657501747932417002e-01,4.437584117681392212e-54,2.705052645842780865e-12,1.640479760902703934e-42
2.661017761440062634e-01,4.431186470960742613e-54,2.705085871292429253e-12,1.638094567712787969e-42
2.664529943869624606e-01,4.426331323205674175e-54,2.705120289465373717e-12,1.636278926465215306e-42
2.668038403235646339e-01,4.422525332861986293e-54,2.705157836029777863e-12,1.634849277169239513e-42
2.671543246129107763e-01,4.418748757587389498e-54,2.705208813273429688e-12,1.633422431535144932e-42
2.675044576222945225e-01,4.415269532320694157e-54,2.705238200867899934e-12,1.632118580502145253e-42
2.678542494283266406e-01,4.411246257300706144e-54,2.705245600760720905e-12,1.630626903546300727e-42
2.682037098196796143e-01,4.405298734920896258e-54,2.705263338893908419e-12,1.628417711350080611e-42
2.685528395459022555e-01,4.398173787979684044e-54,2.705272764334206994e-12,1.625778311882024133e-42
2.689016468062225274e-01,4.389285387320385002e-54,2.705282090453940276e-12,1.622487134635143752e-42
2.692501408329776025e-01,4.381898926929490693e-54,2.705306790677490402e-12,1.619741961255392803e-42
2.695983305903261185e-01,4.376311614302147886e-54,2.705333418771579699e-12,1.617660723050290616e-42
2.699462247788663727e-01,4.371990056583902596e-54,2.705364631781396641e-12,1.616044656318688551e-42
2.702938318363971582e-01,4.368003161634418443e-54,2.705413314509277218e-12,1.614541903157119327e-42
2.706411599425874170e-01,4.364714711332080967e-54,2.705453290709466661e-12,1.613302556847136226e-42
2.709882170272244206e-01,4.361417979919248815e-54,2.705471486172759054e-12,1.612073164403976371e-42
2.713350107781301035e-01,4.356724895144518118e-54,2.705490702867627193e-12,1.610327062121004719e-42
2.716815486473812546e-01,4.351227188340230746e-54,2.705497650742566649e-12,1.608290876595648621e-42
2.720278378571990285e-01,4.344217352418273744e-54,2.705502234142930511e-12,1.605697196474305635e-42
2.723738854066494186e-01,4.335159986568426040e-54,2.705520737400625628e-12,1.602338480219339719e-42
2.727196980788599290e-01,4.328487382440476409e-54,2.705539754334101331e-12,1.599860942906685031e-42
2.730652824480314655e-01,4.323365202735311888e-54,2.705563503779590607e-12,1.597953696779137202e-42
2.734106375167492109e-01,4.318866856399086252e-54,2.705603822280948970e-12,1.596267280831264422e-42
2.737557536577730488e-01,4.315309291052834752e-54,2.705645794329600450e-12,1.594927650949991837e-42
2.741006376404490630e-01,4.312273623114578693e-54,2.705678519253654837e-12,1.593786398653190135e-42
2.744452960237324102e-01,4.308512974273568538e-54,2.705708742761239339e-12,1.592378701440211051e-42
2.747897351655653742e-01,4.304296134426744889e-54,2.705719020249986164e-12,1.590814161490080862e-42
2.751339612309145477e-01,4.299078173068396402e-54,2.705721077534032385e-12,1.588884459955692744e-42
2.754779801978647358e-01,4.291568593425147775e-54,2.705735797501156576e-12,1.586100386219735132e-42
2.758217978639285195e-01,4.283157684352033218e-54,2.705749978442850759e-12,1.582983541892874660e-42
2.761654198519413184e-01,4.276836225508691008e-54,2.705767189110073219e-12,1.580637182209065791e-42
2.765088516156095078e-01,4.271528770654514581e-54,2.705799364229959876e-12,1.578656875717813382e-42
2.768520984450180689e-01,4.267451866359110482e-54,2.705832083714596128e-12,1.577131076256847978e-42
2.771951654727945469e-01,4.263969715041141553e-54,2.705873660096533990e-12,1.575819957125796167e-42
2.775380576803461175e-01,4.260919944068097891e-54,2.705906505109185791e-12,1.574673750191589009e-42
2.778807799031598469e-01,4.257225070563652387e-54,2.705939448573092607e-12,1.573289111405870717e-42
2.782233327385549848e-01,4.253056192001620656e-54,2.705951974577875077e-12,1.571741195689584265e-42
2.785657164552166609e-01,4.248018190138423069e-54,2.705954131822739329e-12,1.569878121798370746e-42
2.789079357466515696e-01,4.241166468220396023e-54,2.705963840039286261e-12,1.567340407682173979e-42
2.792499951689484949e-01,4.232994256073756905e-54,2.705972726808925242e-12,1.564315195839244018e-42
2.795918991460349390e-01,4.226353327248531441e-54,2.705995864522036965e-12,1.561847666753561953e-42
2.799336519745803664e-01,4.221331318489675530e-54,2.706018923797975304e-12,1.559978491416059919e-42
2.802752578281658136e-01,4.217263073276364152e-54,2.706050169054851258e-12,1.558457090523690329e-42
2.806167207612957903e-01,4.213755818265421550e-54,2.706088232386318588e-12,1.557139108708806399e-42
2.809580447135323622e-01,4.210753340308336926e-54,2.706121422900255530e-12,1.556010497043960794e-42
2.812992335135835464e-01,4.207224056771945733e-54,2.706152973330689986e-12,1.554688185861777495e-42
2.816402908831502350e-01,4.203356988566487978e-54,2.706163751577318314e-12,1.553253008476118149e-42
2.819812204405474088e-01,4.198599891138386813e-54,2.706165060661490464e-12,1.551494383018930785e-42
2.823220257042018955e-01,4.191982985791038524e-54,2.706176912759155445e-12,1.549042476131757815e-42
2.826627100960631411e-01,4.183838880056193315e-54,2.706187588144710571e-12,1.546026926730722666e-42
2.830032769448958541e-01,4.177472250999129622e-54,2.706202461271571892e-12,1.543665823523140034e-42
2.833437294894314840e-01,4.172176428672474484e-54,2.706228920696098147e-12,1.541693829655513565e-42
2.836840708813886391e-01,4.167987443112655369e-54,2.706261119999446482e-12,1.540127599776294893e-42
2.840243041883850350e-01,4.164660560614566256e-54,2.706296619771274582e-12,1.538878085346959164e-42
2.843644323967469134e-01,4.161364350783532553e-54,2.706340776166219247e-12,1.537635019001002716e-42
2.847044584142152668e-01,4.158352949036865798e-54,2.706367313532076211e-12,1.536507231758502670e-42
2.850443844873615240e-01,4.154903886968628309e-54,2.706375641201134763e-12,1.535228082796596706e-42
2.853842093065941388e-01,4.150117660320737505e-54,2.706387733479630046e-12,1.533452730730821479e-42
2.857239356961174814e-01,4.144362673535956250e-54,2.706393676617087452e-12,1.531322922212960578e-42
2.860635664066341066e-01,4.136694345630318424e-54,2.706401751169982817e-12,1.528484950115782737e-42
2.864031041178595194e-01,4.129872128743688351e-54,2.706417405794965047e-12,1.525955353339374293e-42
2.867425514410369969e-01,4.124625068106914862e-54,2.706435721309517019e-12,1.524006291976963168e-42
2.870819109212200959e-01,4.120119380251417142e-54,2.706469011338513326e-12,1.522322761868153643e-42
2.874211850394242651e-01,4.116611499441369360e-54,2.706503201534659202e-12,1.521007437606998365e-42
2.877603762146546673e-01,4.113589987031292257e-54,2.706540124828449252e-12,1.519870313133461328e-42
2.880994868058655012e-01,4.110661443852087334e-54,2.706567875021083243e-12,1.518772716468478236e-42
2.884385191139006155e-01,4.107329481709328825e-54,2.706582859222455151e-12,1.517533249615450288e-42
2.887774753834061459e-01,4.103247761387405950e-54,2.706587008362873911e-12,1.516022854136629526e-42
2.891163578046716531e-01,4.097849542152498652e-54,2.706594916649191358e-12,1.514023955688833847e-42
2.894551685153835541e-01,4.090816864430771175e-54,2.706599853075802155e-12,1.511422850253218312e-42
2.897939096022986161e-01,4.083420455394802140e-54,2.706616056087981226e-12,1.508681087666638247e-42
2.901325831028535029e-01,4.077799205810717231e-54,2.706634470263289877e-12,1.506593982531393063e-42
2.904711910067090952e-01,4.073415199930176839e-54,2.706658883000727828e-12,1.504960682527603586e-42
2.908097352572225902e-01,4.069545941793104598e-54,2.706696086170513083e-12,1.503510483716987489e-42
2.911482177528476600e-01,4.066447720225527641e-54,2.706734251119589917e-12,1.502344649661678970e-42
2.914866403484632773e-01,4.063702179773240860e-54,2.706763407393600842e-12,1.501314140967446133e-42
2.918250048566362609e-01,4.060358652245341079e-54,2.706789609413951298e-12,1.500064370767424238e-42
2.921633130488189289e-01,4.056687569790750712e-54,2.706797564735474128e-12,1.498703716392325144e-42
2.925015666564823591e-01,4.052109524007021649e-54,2.706799448639810760e-12,1.497011360055965781e-42
2.928397673721890304e-01,4.045973882382630172e-54,2.706808111731713976e-12,1.494739824683829641e-42
2.931779168506076783e-01,4.038546804912944731e-54,2.706815992738756233e-12,1.491991629924848994e-42
2.935160167094732486e-01,4.032512140966949690e-54,2.706834162798481003e-12,1.489752197008591814e-42
2.938540685304934508e-01,4.027859182896309297e-54,2.706853709831582840e-12,1.488022484653194541e-42
2.941920738602031848e-01,4.023841077483352785e-54,2.706887037122091447e-12,1.486519763219015185e-42
2.945300342107679548e-01,4.020664623147849912e-54,2.706920361735444137e-12,1.485328005944787548e-42
2.948679510607358778e-01,4.017760195218701577e-54,2.706956980570476057e-12,1.484234963487295923e-42
2.952058258557392345e-01,4.014993878295064661e-54,2.706978206052382409e-12,1.483201404916435140e-42
2.955436600091436716e-01,4.011400715128641423e-54,2.706997886683382166e-12,1.481863260722163201e-42
2.958814549026477225e-01,4.007288455113102886e-54,2.707003742726746095e-12,1.480340936313811176e-42
2.962192118868297586e-01,4.002212121818402746e-54,2.707005206421098001e-12,1.478464877838075389e-42
2.965569322816464237e-01,3.995016800727376426e-54,2.707015514031440636e-12,1.475801220946004638e-42
2.968946173768813312e-01,3.988604473515957542e-54,2.707026694913334553e-12,1.473426354092031993e-42
2.972322684325476305e-01,3.983562158978852164e-54,2.707044662451813508e-12,1.471553910518371806e-42
2.975698866792452768e-01,3.979287815537723784e-54,2.707071578239140118e-12,1.469960324479531575e-42
2.979074733184765567e-01,3.975897586516434307e-54,2.707103018998613790e-12,1.468690906335423203e-42
2.982450295229211457e-01,3.972931568271647428e-54,2.707138788097773521e-12,1.467575872260065678e-42
2.985825564366739182e-01,3.970250021126713269e-54,2.707166809949075806e-12,1.466570145044515124e-42
2.989200551754468971e-01,3.967074511451718679e-54,2.707191148206740848e-12,1.465383969683681765e-42
2.992575268267380073e-01,3.963564070304907403e-54,2.707198524074137682e-12,1.464083270974908162e-42
2.995949724499671341e-01,3.959148661763612203e-54,2.707201271403427123e-12,1.462450798758368444e-42
2.999323930765823154e-01,3.953423392335342518e-54,2.707206936308695514e-12,1.460332913347908221e-42
3.002697897101362368e-01,3.946327268035446368e-54,2.707214280469226704e-12,1.457707761260572026e-42
3.006071633263338039e-01,3.940470811188489087e-54,2.707230973096855849e-12,1.455535508549869061e-42
3.009445148730531816e-01,3.935900775608360408e-54,2.707251395018785601e-12,1.453836456728854883e-42
3.012818452703408534e-01,3.932217600739285002e-54,2.707279213057404725e-12,1.452461047155355568e-42
3.016191546918383093e-01,3.928938868421803227e-54,2.707315614139922835e-12,1.451230454218753410e-42
3.019564437892375275e-01,3.926232557795084566e-54,2.707348871789782247e-12,1.450213010486350597e-42
3.022937134571928031e-01,3.923438103448915118e-54,2.707375842621949348e-12,1.449166400055218992e-42
3.026309645625631095e-01,3.920413970603736628e-54,2.707386019458444815e-12,1.448043959164689762e-42
3.029681979443658579e-01,3.916396619803434117e-54,2.707396146652274605e-12,1.446554699668203979e-42
3.033054144136901886e-01,3.911601890720786741e-54,2.707399811750848457e-12,1.444781769483537402e-42
3.036426147535737918e-01,3.905121716017288153e-54,2.707406022711902305e-12,1.442384955657918373e-42
3.039797997188589118e-01,3.898785904004126820e-54,2.707415708851903013e-12,1.440039625705441331e-42
3.043169700360335850e-01,3.893617302506242984e-54,2.707433372245007757e-12,1.438121189766398489e-42
3.046541264030566132e-01,3.889544334171402349e-54,2.707455158717845382e-12,1.436605264411231401e-42
3.049912694891697695e-01,3.886047686162016975e-54,2.707487730271825716e-12,1.435296508535559118e-42
3.053283999347020106e-01,3.883206839448234526e-54,2.707519833863113903e-12,1.434230246767071516e-42
3.056655183508738549e-01,3.880345874391863527e-54,2.707557288445049685e-12,1.433153747457859549e-42
3.060026253195981538e-01,3.877627960010748235e-54,2.707577037441290338e-12,1.432139476140327079e-42
3.063397213932757546e-01,3.874435708883094822e-54,2.707583991453330751e-12,1.430956794364647259e-42
3.066768070945854463e-01,3.870347884235058081e-54,2.707588651013791635e-12,1.429444566029592044e-42
3.070138829162691319e-01,3.865279158678687011e-54,2.707591556304930030e-12,1.427570990047576274e-42
3.073509493209161669e-01,3.858362288468920573e-54,2.707602121198314164e-12,1.425010808737773426e-42
3.076880067407479769e-01,3.852629513474335763e-54,2.707614134070986563e-12,1.422887207226157039e-42
3.080250555774055043e-01,3.848061387332464857e-54,2.707633484641667537e-12,1.421189909623873445e-42
3.083620962017397660e-01,3.844276053605680072e-54,2.707658497615831758e-12,1.419778770842287434e-42
3.086991289536091254e-01,3.841177946599504284e-54,2.707688463454405341e-12,1.418618869358042573e-42
3.090361541416827285e-01,3.838232574442149793e-54,2.707726843840925456e-12,1.417510995679902385e-42
3.093731720432534860e-01,3.835672433162926367e-54,2.707755454849812806e-12,1.416550533133603921e-42
3.097101829040614929e-01,3.832922488205570788e-54,2.707769779532036298e-12,1.415527463663467892e-42
3.100471869381283829e-01,3.829467068013860910e-54,2.707778531227257541e-12,1.414246779731360045e-42
3.103841843276052281e-01,3.825302397868185353e-54,2.707780842747253010e-12,1.412707534331737284e-42
3.107211752226349821e-01,3.819780081667782607e-54,2.707789250394923497e-12,1.410663729132789254e-42
3.110581597412317989e-01,3.813149896181041971e-54,2.707797401158867868e-12,1.408210929868354113e-42
3.113951379691764498e-01,3.807878851884484610e-54,2.707812513097939892e-12,1.406256464753531460e-42
3.117321099599329459e-01,3.803684632014039055e-54,2.707830846920936765e-12,1.404698021052235550e-42
3.120690757345839228e-01,3.800058478568110996e-54,2.707860217569105224e-12,1.403343663721125113e-42
3.124060348196240899e-01,3.797139349497329547e-54,2.707890997397625026e-12,1.402249703974978671e-42
3.127429865046228441e-01,3.794450705660822134e-54,2.707925974733511177e-12,1.401238712234087750e-42
3.130799306458589282e-01,3.791958005900502464e-54,2.707948770160668368e-12,1.400306404495058968e-42
3.134168670675055446e-01,3.788930854566082958e-54,2.707967179837029717e-12,1.399179016192547561e-42
3.137537955618081575e-01,3.785502475589774279e-54,2.707972517514141942e-12,1.397910226601849238e-42
3.140907158892109474e-01,3.781190911692265688e-54,2.707975463901877414e-12,1.396316533180108520e-42
3.144276277785305607e-01,3.775492822656978604e-54,2.707980474652943419e-12,1.394209765541551144e-42
3.147645309271681624e-01,3.769295397178396906e-54,2.707989444656120560e-12,1.391916576564443819e-42
3.151014250013479678e-01,3.764405776801275842e-54,2.708002754649510879e-12,1.390104116525720525e-42
3.154383096363815309e-01,3.760262029397640371e-54,2.708025397834671674e-12,1.388562320133457206e-42
3.157751844369688921e-01,3.756957842000296135e-54,2.708052287460393947e-12,1.387328398124677168e-42
3.161120489775476883e-01,3.754130073961981667e-54,2.708084988928325196e-12,1.386267450730048753e-42
3.164489028026840067e-01,3.751625007729860306e-54,2.708114711084517220e-12,1.385327213937495728e-42
3.167857454274959905e-01,3.748992894535637862e-54,2.708140294641494893e-12,1.384342200422054415e-42
3.171225763381048113e-01,3.746169325132666965e-54,2.708150532739151316e-12,1.383294347874973654e-42
3.174593949921166725e-01,3.742554023204689985e-54,2.708158657741280907e-12,1.381955230911817697e-42
3.177962008191388410e-01,3.738202468530221539e-54,2.708161372624969409e-12,1.380347015623685978e-42
3.181329932213315392e-01,3.732230566284679519e-54,2.708169105743198646e-12,1.378137930297542895e-42
3.184697715739926993e-01,3.726433161928837552e-54,2.708178008181600559e-12,1.375992697182760906e-42
3.188065352261781893e-01,3.721695705175341451e-54,2.708195505713563015e-12,1.374234503130799098e-42
3.191432835013547353e-01,3.717943892012871751e-54,2.708215680623012521e-12,1.372838920701314330e-42
3.194800156980879824e-01,3.714621964958648799e-54,2.708247547126155333e-12,1.371596170704706468e-42
3.198167310907630845e-01,3.711940939408593257e-54,2.708279520104303651e-12,1.370590041335775992e-42
3.201534289303387681e-01,3.709512035177228769e-54,2.708309294989629097e-12,1.369678139066252176e-42
3.204901084451321491e-01,3.707008980044569859e-54,2.708330230715234968e-12,1.368743345255056517e-42
3.208267688416350238e-01,3.704160749947670222e-54,2.708340292316765112e-12,1.367686608826788737e-42
3.211634093053607475e-01,3.700636501644189923e-54,2.708345617712419820e-12,1.366382664547038142e-42
3.215000290017190898e-01,3.696281180324225429e-54,2.708348813880778091e-12,1.364772942606253387e-42
3.218366270769200121e-01,3.690366957512895754e-54,2.708356081750650200e-12,1.362585585543642836e-42
3.221732026589042008e-01,3.684787436585733440e-54,2.708365128221423102e-12,1.360520927621573865e-42
3.225097548582978590e-01,3.680146453902898836e-54,2.708383281729876526e-12,1.358798246440343356e-42
3.228462827693934778e-01,3.676475076945179280e-54,2.708404875323149373e-12,1.357431863471493060e-42
3.231827854711516457e-01,3.673413680678807747e-54,2.708433432681488318e-12,1.356287230970243757e-42
3.235192620282246190e-01,3.670778894153771199e-54,2.708464180692981647e-12,1.355299036376613216e-42
3.238557114919990432e-01,3.668346867728853188e-54,2.708493934853090050e-12,1.354386221997512503e-42
3.241921329016572151e-01,3.665898459136165047e-54,2.708513412088018504e-12,1.353472514765983511e-42
3.245285252852533331e-01,3.663008681493695390e-54,2.708525868402781860e-12,1.352399371268981859e-42
3.248648876608046798e-01,3.659602176536411216e-54,2.708529285153703772e-12,1.351139969796832385e-42
3.252012190373954614e-01,3.655181657225922882e-54,2.708535753136210923e-12,1.349504673509881309e-42
3.255375184162905833e-01,3.649467350877813218e-54,2.708540988272278774e-12,1.347392329183739493e-42
3.258737847920586406e-01,3.643944658747669558e-54,2.708552643234910348e-12,1.345347548569553012e-42
3.262100171537017368e-01,3.639611489444014835e-54,2.708566888698371308e-12,1.343740671360368884e-42
3.265462144857899096e-01,3.635901625318414424e-54,2.708591154115499945e-12,1.342358967610868841e-42
3.268823757695986099e-01,3.632924358320320334e-54,2.708618296885308001e-12,1.341246333046590465e-42
3.272184999842470132e-01,3.630338057916247013e-54,2.708650043345862090e-12,1.340275783073057703e-42
3.275545861078354437e-01,3.628005913011627493e-54,2.708677582317893142e-12,1.339401166345917975e-42
3.278906331185795220e-01,3.625516659465950448e-54,2.708700483024312546e-12,1.338470857958424513e-42
3.282266399959394287e-01,3.622819672208579014e-54,2.708709864247459028e-12,1.337470550104516486e-42
3.285626057217420626e-01,3.619405418890438768e-54,2.708717212843407383e-12,1.336206452902870415e-42
3.288985292812939831e-01,3.615295124826734772e-54,2.708720037447151938e-12,1.334687629155647095e-42
3.292344096644839180e-01,3.609685828026275757e-54,2.708727569828434220e-12,1.332613094145494545e-42
3.295702456154758209e-01,3.604338545886090794e-54,2.708736397900292457e-12,1.330634663705200115e-42
3.299060335766787477e-01,3.599950636016130604e-54,2.708752820737280374e-12,1.329006695795993766e-42
3.302417725796161219e-01,3.596440036494383902e-54,2.708772245408694089e-12,1.327701154126289544e-42
3.305774616665777543e-01,3.593324151090080651e-54,2.708802101779641858e-12,1.326536238557006907e-42
3.309130998919397326e-01,3.590787902784211235e-54,2.708832630827771537e-12,1.325584999944027477e-42
3.312486863229747724e-01,3.588494240888142660e-54,2.708861494413898153e-12,1.324724150085999786e-42
3.315842200407157492e-01,3.586155803505498329e-54,2.708882899260785000e-12,1.323850434614249486e-42
3.319197001407537262e-01,3.583550246136808538e-54,2.708893867424710643e-12,1.322883221535591458e-42
3.322551257340286002e-01,3.580357603462686128e-54,2.708900015481000101e-12,1.321701643841198537e-42
3.325904959476725375e-01,3.576465242296549056e-54,2.708902977236352660e-12,1.320263321481262972e-42
3.329258099258629588e-01,3.571254151144534078e-54,2.708909561349522394e-12,1.318336426619355193e-42
3.332610668306141277e-01,3.565831017727529091e-54,2.708917438014571639e-12,1.316330637356378495e-42
3.335962658424965199e-01,3.561345143623168659e-54,2.708932964172492902e-12,1.314667136737754260e-42
3.339314061613125051e-01,3.557769062291367005e-54,2.708951832631475765e-12,1.313337881993771048e-42
3.342664870067497684e-01,3.554740892041525424e-54,2.708978163042330572e-12,1.312207289278905511e-42
3.346015076190036464e-01,3.552207311432985766e-54,2.709006236930598264e-12,1.311258447104117643e-42
3.349364672593589942e-01,3.549761678560851440e-54,2.709039283301866064e-12,1.310339684050016890e-42
3.352713652107291997e-01,3.547529093862193927e-54,2.709062559439124807e-12,1.309504308603586600e-42
3.356062007781580037e-01,3.545062708058588191e-54,2.709075692786802038e-12,1.308587544267474322e-42
3.359409732892844613e-01,3.542108059567937885e-54,2.709081634959111326e-12,1.307494028182505984e-42
3.362756820947716552e-01,3.538468844413318963e-54,2.709085178049598594e-12,1.306148980875098930e-42
3.366103265686940516e-01,3.533901097829307238e-54,2.709089718155321117e-12,1.304460710232815135e-42
3.369449061088862774e-01,3.528301852017622718e-54,2.709096999868817276e-12,1.302390372950276023e-42
3.372794201372532608e-01,3.523768204257696790e-54,2.709109035297816003e-12,1.300711104036580194e-42
3.376138681000417918e-01,3.520105584376235782e-54,2.709125488449159470e-12,1.299351247989373215e-42
3.379482494680746130e-01,3.516913913327420801e-54,2.709150578196394667e-12,1.298161106891589208e-42
3.382825637369458738e-01,3.514312437413540936e-54,2.709178630062956836e-12,1.297187419986357379e-42
3.386168104271796708e-01,3.512002773625859038e-54,2.709208500685984625e-12,1.296320594275635515e-42
3.389509890843512285e-01,3.509813928552375722e-54,2.709232619849663777e-12,1.295501132991354749e-42
3.392850992791724973e-01,3.507435425889540880e-54,2.709249584622301411e-12,1.294615101464900703e-42
3.396191406075422248e-01,3.504728914997652427e-54,2.709256415656081433e-12,1.293612850649626407e-42
3.399531126905608880e-01,3.501325172179910060e-54,2.709262335436103032e-12,1.292353688450148035e-42
3.402870151745128746e-01,3.497206817570690671e-54,2.709265502664027709e-12,1.290832077598846670e-42
3.406208477308143578e-01,3.491718728889776213e-54,2.709273366161067210e-12,1.288802662921166563e-42
3.409546100559309734e-01,3.487042104785976553e-54,2.709283143656456233e-12,1.287071863622144252e-42
3.412883018712631333e-01,3.483167326857313346e-54,2.709299936996871170e-12,1.285633709023090602e-42
3.416219229230029186e-01,3.480027476592810775e-54,2.709320051910655181e-12,1.284465256933613486e-42
3.419554729819611061e-01,3.477226688476955873e-54,2.709348979879362916e-12,1.283417793093521532e-42
3.422889518433678835e-01,3.474908115829137642e-54,2.709378071027584270e-12,1.282548254519241476e-42
3.426223593266463641e-01,3.472752705071229731e-54,2.709404998594187773e-12,1.281739978656980267e-42
3.429556952751619536e-01,3.470553501849649993e-54,2.709423492100735324e-12,1.280919543204660527e-42
3.432889595559466822e-01,3.468034150374052849e-54,2.709434397361136945e-12,1.279984543545972909e-42
3.436221520594022194e-01,3.465047164429002791e-54,2.709438692364505258e-12,1.278880077336270809e-42
3.439552726989810183e-01,3.461302895642026435e-54,2.709443275374943934e-12,1.277495981222576900e-42
3.442883214108473644e-01,3.456481569421053139e-54,2.709447624348483563e-12,1.275714480826032645e-42
3.446212981535201059e-01,3.451392245793344645e-54,2.709457167484413895e-12,1.273831632111674196e-42
3.449542029074973981e-01,3.447350464990517569e-54,2.709469472723480880e-12,1.272334122858870929e-42
3.452870356748664049e-01,3.443943861761129217e-54,2.709489084985094145e-12,1.271067627046770590e-42
3.456197964788966792e-01,3.441157743607578432e-54,2.709511965258282377e-12,1.270028620552540139e-42
3.459524853636216091e-01,3.438642057256014681e-54,2.709542010568112545e-12,1.269086083125550430e-42
3.462851023934062078e-01,3.436498110318860020e-54,2.709569720532906399e-12,1.268281854597557483e-42
3.466176476525049122e-01,3.434364413032139542e-54,2.709593430853729727e-12,1.267483296174825593e-42
3.469501212446088889e-01,3.432111917205957051e-54,2.709606393152958503e-12,1.266645932737217518e-42
3.472825232923851813e-01,3.429373427002572365e-54,2.709615416303523977e-12,1.265631058329652963e-42
3.476148539370082502e-01,3.426147672599366740e-54,2.709618469783769419e-12,1.264439149203458577e-42
3.479471133376854097e-01,3.422050414737580804e-54,2.709623743018987878e-12,1.262924575249265792e-42
3.482793016711770440e-01,3.416900341645135030e-54,2.709629489344446102e-12,1.261021241126144715e-42
3.486114191313126609e-01,3.412447318725304937e-54,2.709641108402919889e-12,1.259372434283971806e-42
3.489434659285042817e-01,3.408873293847290895e-54,2.709655798781033031e-12,1.258046610710042216e-42
3.492754422892575539e-01,3.405822886990222599e-54,2.709677670531775604e-12,1.256910710830719682e-42
3.496073484556818656e-01,3.403301703992051770e-54,2.709702266205288657e-12,1.255968873937612068e-42
3.499391846850006260e-01,3.400977530197543183e-54,2.709732404867149483e-12,1.255097191179762846e-42
3.502709512490618793e-01,3.398934451844082522e-54,2.709757954607067225e-12,1.254331386338508051e-42
3.506026484338512494e-01,3.396802569785241264e-54,2.709777764403074919e-12,1.253535479701416842e-42
3.509342765390064955e-01,3.394461114646710600e-54,2.709787302214049444e-12,1.252666994148671349e-42
3.512658358773357303e-01,3.391579174795693415e-54,2.709794140993457845e-12,1.251600305531800057e-42
3.515973267743392472e-01,3.388142811057574759e-54,2.709796928788516556e-12,1.250330891980282059e-42
3.519287495677362321e-01,3.383605568607365329e-54,2.709802786646358108e-12,1.248653808048851799e-42
3.522601046069959163e-01,3.378766267179458835e-54,2.709809878270511462e-12,1.246864694926825239e-42
3.525913922528752242e-01,3.374755360332771728e-54,2.709822893182021474e-12,1.245378570246688867e-42
3.529226128769620274e-01,3.371507325098784846e-54,2.709839260444984143e-12,1.244172440156154399e-42
3.532537668612251158e-01,3.368697696128616546e-54,2.709862719176776002e-12,1.243124853628004729e-42
3.535848545975714963e-01,3.366359133928515195e-54,2.709888272144004335e-12,1.242250157887552186e-42
3.539158764874112961e-01,3.364180027750341362e-54,2.709917294120728862e-12,1.241432731194070386e-42
3.542468329412301609e-01,3.362194684937563574e-54,2.709939956738351437e-12,1.240689734315832328e-42
3.545777243781697008e-01,3.360020393125769266e-54,2.709957234772165455e-12,1.239879489614254667e-42
3.549085512256171526e-01,3.357608111797046998e-54,2.709964600375836989e-12,1.238985967319052853e-42
3.552393139188028126e-01,3.354613627033533397e-54,2.709970348386010089e-12,1.237878351337481111e-42
3.555700129004069621e-01,3.351020706254256824e-54,2.709973250242129529e-12,1.236551211697329999e-42
3.559006486201754527e-01,3.346218392272773467e-54,2.709979625997225112e-12,1.234776217567105719e-42
3.562312215345447286e-01,3.341795039140773119e-54,2.709987711937217229e-12,1.233140292267935238e-42
3.565617321062760636e-01,3.338102291824820015e-54,2.710001854193601558e-12,1.231771220620850231e-42
3.568921808040990684e-01,3.335090638946751885e-54,2.710019419733845375e-12,1.230651933584407896e-42
3.572225681023648014e-01,3.332459191334404691e-54,2.710043783503071961e-12,1.229669871616163525e-42
3.575528944807082055e-01,3.330252328334754351e-54,2.710069601050706942e-12,1.228843837458491618e-42
3.578831604237197039e-01,3.328170992354120418e-54,2.710097306854516954e-12,1.228063281689679441e-42
3.582133664206266777e-01,3.326219136840390570e-54,2.710117671434144779e-12,1.227333843065277739e-42
3.585435129649839903e-01,3.324023638190247000e-54,2.710132897264200232e-12,1.226516840390281731e-42
3.588736005543736174e-01,3.321562143069408198e-54,2.710139060519742806e-12,1.225605796933685163e-42
3.592036296901134351e-01,3.318508233207229428e-54,2.710143976773329299e-12,1.224476729519814195e-42
3.595336008769754454e-01,3.314821035623816959e-54,2.710147059865437462e-12,1.223114820857139099e-42
3.598635146229119952e-01,3.309986981666882626e-54,2.710153755616128493e-12,1.221328116461195911e-42
3.601933714387915986e-01,3.305853549719057133e-54,2.710162584782538128e-12,1.219798977478805702e-42
3.605231718381428085e-01,3.302383703093913013e-54,2.710177375006409608e-12,1.218512018271904724e-42
3.608529163369063042e-01,3.299538868850935898e-54,2.710195630184460514e-12,1.217454132130809874e-42
3.611826054531955266e-01,3.297037587562753567e-54,2.710220302478978616e-12,1.216520142125356371e-42
3.615122397070653082e-01,3.294924601944907804e-54,2.710245935642199363e-12,1.215729007693970564e-42
3.618418196202877191e-01,3.292909002146864090e-54,2.710272483385872370e-12,1.214973410360982966e-42
3.621713457161361838e-01,3.290983545712487357e-54,2.710291271006087341e-12,1.214254564045746045e-42
3.625008185191765930e-01,3.288792505726509315e-54,2.710305016349072872e-12,1.213439995088335158e-42
3.628302385550658538e-01,3.286315828899783462e-54,2.710310447554518720e-12,1.212523765262753446e-42
3.631596063503568783e-01,3.283244760331839293e-54,2.710315001848207092e-12,1.211388623865839307e-42
3.634889224323109569e-01,3.279529184353244701e-54,2.710318214224338246e-12,1.210016287807669088e-42
3.638181873287166246e-01,3.274766803237271559e-54,2.710325041787646465e-12,1.208256114210322513e-42
3.641474015677138576e-01,3.270831570130486944e-54,2.710334203966840578e-12,1.206800093266469994e-42
3.644765656776263185e-01,3.267514836777271660e-54,2.710349209391024711e-12,1.205569682849625727e-42
3.648056801867971544e-01,3.264784956567852289e-54,2.710367702023222160e-12,1.204554258129172418e-42
3.651347456234325106e-01,3.262377515864085695e-54,2.710392224006552649e-12,1.203655134105121480e-42
3.654637625154492642e-01,3.260331321670607818e-54,2.710417435047326898e-12,1.202889001344429056e-42
3.657927313903283628e-01,3.258363423476650597e-54,2.710443105380749383e-12,1.202151565922256175e-42
3.661216527749733829e-01,3.256467199769717378e-54,2.710460985917951151e-12,1.201444040954107413e-42
3.664505271955739718e-01,3.254304312605470079e-54,2.710473852012395995e-12,1.200640364115413284e-42
3.667793551774730099e-01,3.251848642803289459e-54,2.710478922329084858e-12,1.199732127047500317e-42
3.671081372450400448e-01,3.248808201529665124e-54,2.710483288484132739e-12,1.198608460466323821e-42
3.674368739215466140e-01,3.245130424113280706e-54,2.710486509685780601e-12,1.197250166166471634e-42
3.677655657290478941e-01,3.240472386967580375e-54,2.710493292653319842e-12,1.195528649988084042e-42
3.680942131882667945e-01,3.236661899709163306e-54,2.710502386331626345e-12,1.194118815770399366e-42
3.684228168184822128e-01,3.233442626072996707e-54,2.710517195124225122e-12,1.192924594571629483e-42
3.687513771374208993e-01,3.230785587643576652e-54,2.710535511240484751e-12,1.191936270248308979e-42
3.690798946611527076e-01,3.228440804832228995e-54,2.710559547787916545e-12,1.191060645565582467e-42
3.694083699039891200e-01,3.226440020707251497e-54,2.710584249460171327e-12,1.190311653788225145e-42
3.697368033783844932e-01,3.224510903082244693e-54,2.710609324874757578e-12,1.189588950901743006e-42
3.700651955948409677e-01,3.222650324030364670e-54,2.710626881220979359e-12,1.188894844346392967e-42
3.703935470618157644e-01,3.220536013243571738e-54,2.710639460909127656e-12,1.188109322426608716e-42
3.707218582856308675e-01,3.218135837630844503e-54,2.710644503407338315e-12,1.187221649163355360e-42
3.710501297703863721e-01,3.215173064379107595e-54,2.710648752323415087e-12,1.186126775600580033e-42
3.713783620178752187e-01,3.211594860159810545e-54,2.710651857729455366e-12,1.184805363699477074e-42
3.717065555275007593e-01,3.207049109582783718e-54,2.710658307631706375e-12,1.183125553137227607e-42
3.720347107961969879e-01,3.203299963143217934e-54,2.710667116883080775e-12,1.181738599768237692e-42
3.723628283183502141e-01,3.200129976548449804e-54,2.710681370131201892e-12,1.180562943254949176e-42
3.726909085857234571e-01,3.197508925677830066e-54,2.710699145236227336e-12,1.179588273858100518e-42
3.730189520873828379e-01,3.195199320037334667e-54,2.710722363412902187e-12,1.178726144426852160e-42
3.733469593096255812e-01,3.193225532333696624e-54,2.710746499992113850e-12,1.177987514635907982e-42
3.736749307359103489e-01,3.191328311069136386e-54,2.710771234818647270e-12,1.177276883448498971e-42
3.740028668467890727e-01,3.189509186752623890e-54,2.710788977646540760e-12,1.176598109647656705e-42
3.743307681198411729e-01,3.187460832460639505e-54,2.710801810669866890e-12,1.175836912870065262e-42
3.746586350296085000e-01,3.185146320054541550e-54,2.710807142861871368e-12,1.174980790662923281e-42
3.749864680475333834e-01,3.182302002832879433e-54,2.710811369043743246e-12,1.173929709449115048e-42
3.753142676418971257e-01,3.178877030663529826e-54,2.710814265567916234e-12,1.172665007352524931e-42
3.756420342777608279e-01,3.174460982530459125e-54,2.710820190227581684e-12,1.171033399402250075e-42
3.759697684169075460e-01,3.170715701074649576e-54,2.710828371465250389e-12,1.169648264881048884e-42
3.762974705177865031e-01,3.167551635065435710e-54,2.710841718011796002e-12,1.168475316732473362e-42
3.766251410354580220e-01,3.164932857938519593e-54,2.710858604034999167e-12,1.167502005906043903e-42
3.769527804215410116e-01,3.162631825954162617e-54,2.710880866596103830e-12,1.166643604639585845e-42
3.772803891241611751e-01,3.160666902044305180e-54,2.710904387856269879e-12,1.165908659930164020e-42
3.776079675879014941e-01,3.158793904471303490e-54,2.710928947488111621e-12,1.165207191209557127e-42
3.779355162537534341e-01,3.157018370754992623e-54,2.710947291448952898e-12,1.164544357137841115e-42
3.782630355590704818e-01,3.155047602234795550e-54,2.710960834868684825e-12,1.163811576196238828e-42
3.785905259375227372e-01,3.152842505240935565e-54,2.710966801604431787e-12,1.162995615945937981e-42
3.789179878190530038e-01,3.150149128965387534e-54,2.710971165063677857e-12,1.162000234292936127e-42
3.792454216298348224e-01,3.146920307521337407e-54,2.710973819386547482e-12,1.160808077531873051e-42
3.795728277922315042e-01,3.142688684324860891e-54,2.710979085154581985e-12,1.159244902158904916e-42
3.799002067247570502e-01,3.138891218921321724e-54,2.710986407403017162e-12,1.157841002208570570e-42
3.802275588420386265e-01,3.135691106996949053e-54,2.710998553033507617e-12,1.156655396768185661e-42
3.805548845547802594e-01,3.133041691213738891e-54,2.711014228194272836e-12,1.155671430503913776e-42
3.808821842697285853e-01,3.130722561744519974e-54,2.711035209516430405e-12,1.154807045941299106e-42
3.812094583896397659e-01,3.128747470742254014e-54,2.711057955281165306e-12,1.154068825658052009e-42
3.815367073132481801e-01,3.126888250049940532e-54,2.711082348295200891e-12,1.153372656502377841e-42
3.818639314352364478e-01,3.125152984961639913e-54,2.711101569015146855e-12,1.152724420463857535e-42
3.821911311462076744e-01,3.123264124537730220e-54,2.711116422187128928e-12,1.152021395679537363e-42
3.825183068326583613e-01,3.121183949824660362e-54,2.711123469447575028e-12,1.151251127068971160e-42
3.828454588769539813e-01,3.118664240161269611e-54,2.711128263671172826e-12,1.150319696028784453e-42
3.831725876573054967e-01,3.115662332214623842e-54,2.711130662648341958e-12,1.149211425011555440e-42
3.834996935477473778e-01,3.111728562118552260e-54,2.711135203699896236e-12,1.147758532245815330e-42
3.838267769181182287e-01,3.107820953826391651e-54,2.711141497600230454e-12,1.146314552957594563e-42
3.841538381340416919e-01,3.104541274094997013e-54,2.711152207602462592e-12,1.145100325016579603e-42
3.844808775569105164e-01,3.101827110003148153e-54,2.711166380193393271e-12,1.144093233327085013e-42
3.848078955438711257e-01,3.099462012394795938e-54,2.711185786713157643e-12,1.143212695929759953e-42
3.851348924478104618e-01,3.097455262137824738e-54,2.711207506730249119e-12,1.142463368978125602e-42
3.854618686173443276e-01,3.095594565512385325e-54,2.711231578415532198e-12,1.141766933579859797e-42
3.857888243968074504e-01,3.093889220366627368e-54,2.711251778869903910e-12,1.141129438615329722e-42
3.861157601262454886e-01,3.092078708758134147e-54,2.711268267566438261e-12,1.140454725837034581e-42
3.864426761414081479e-01,3.090129640400892735e-54,2.711276878205429834e-12,1.139732229209368784e-42
3.867695727737448519e-01,3.087796679082766709e-54,2.711282481558407661e-12,1.138869409619002154e-42
3.870964503504012444e-01,3.085040282329404354e-54,2.711284943017946330e-12,1.137851737152875159e-42
3.874233091942180240e-01,3.081593556332940279e-54,2.711288827084909925e-12,1.136578857091433586e-42
3.877501496237311662e-01,3.077511931551568863e-54,2.711294010102683713e-12,1.135071268584042437e-42
3.880769719531740325e-01,3.074104190829736493e-54,2.711303068734262892e-12,1.133810611686742440e-42
3.884037764924807012e-01,3.071287767312371626e-54,2.711315487557986676e-12,1.132766651983610701e-42
3.887305635472918519e-01,3.068847205565648954e-54,2.711333003272665407e-12,1.131859200570882546e-42
3.890573334189613708e-01,3.066784242254093908e-54,2.711353346521058551e-12,1.131089847138178861e-42
3.893840864045652883e-01,3.064901108700473266e-54,2.711376770870106780e-12,1.130385544948412670e-42
3.897108227969118266e-01,3.063207941634769944e-54,2.711397836071298636e-12,1.129752300043592733e-42
3.900375428845535564e-01,3.061463612529121152e-54,2.711416157916636632e-12,1.129101338276839675e-42
3.903642469518008862e-01,3.059640866531862938e-54,2.711426843060590483e-12,1.128424642679356685e-42
3.906909352787371614e-01,3.057496521828543881e-54,2.711433803889280518e-12,1.127630893087956272e-42
3.910176081412353177e-01,3.054992471587863479e-54,2.711436617918594095e-12,1.126706208582886443e-42
3.913442658109760330e-01,3.051909962714870614e-54,2.711440012726525120e-12,1.125567944852293130e-42
3.916709085554678227e-01,3.047985407649058378e-54,2.711444085126228672e-12,1.124118850308935110e-42
3.919975366380678006e-01,3.044392627779466272e-54,2.711451544946627025e-12,1.122790718297491386e-42
3.923241503180047718e-01,3.041430389928547987e-54,2.711462057870734814e-12,1.121693877699668756e-42
3.926507498504029914e-01,3.038881783325633409e-54,2.711477333669550495e-12,1.120747625506790906e-42
3.929773354863080326e-01,3.036734473305458638e-54,2.711495880895723706e-12,1.119948031159204502e-42
3.933039074727135431e-01,3.034802274578482056e-54,2.711518183711102744e-12,1.119226230091113976e-42
3.936304660525893340e-01,3.033096772787419320e-54,2.711539741140008917e-12,1.118588352871501198e-42
3.939570114649111332e-01,3.031397771766729993e-54,2.711559809472576011e-12,1.117953497163083161e-42
3.942835439446912837e-01,3.029684994554306786e-54,2.711572980035618314e-12,1.117316412599195389e-42
3.946100637230107733e-01,3.027719349485746911e-54,2.711581969215981140e-12,1.116587801460109516e-42
3.949365710270522634e-01,3.025462883303331792e-54,2.711585706962830472e-12,1.115754104889447255e-42
3.952630660801347284e-01,3.022709189441321084e-54,2.711588958321834760e-12,1.114737239272442755e-42
3.955895491017486498e-01,3.019276906304546622e-54,2.711592056739751442e-12,1.113470183982887207e-42
3.959160203075927642e-01,3.015430898349056413e-54,2.711597901328285534e-12,1.112049429184149088e-42
3.962424799096112005e-01,3.012271479335932009e-54,2.711606408313475688e-12,1.110880793798337214e-42
3.965689281160325041e-01,3.009576385493338137e-54,2.711619343027374871e-12,1.109881589107308317e-42
3.968953651314084397e-01,3.007312087777076351e-54,2.711635654447123163e-12,1.109039882568677471e-42
3.972217911566547910e-01,3.005300177536657692e-54,2.711656256445310589e-12,1.108289507710790315e-42
3.975482063890921625e-01,3.003552097126073732e-54,2.711677684181396509e-12,1.107636100944935287e-42
3.978746110224880561e-01,3.001869153726717814e-54,2.711699033527662307e-12,1.107006757243842055e-42
3.982010052470994488e-01,3.000238397496524305e-54,2.711714843068273255e-12,1.106398928768553696e-42
3.985273892497160908e-01,2.998429364280755954e-54,2.711726530234710534e-12,1.105727045426380145e-42
3.988537632137044153e-01,2.996404473825131088e-54,2.711731929890157787e-12,1.104978128847162330e-42
3.991801273190522803e-01,2.993961978617631173e-54,2.711735662890117678e-12,1.104075894855740472e-42
3.995064817424139325e-01,2.991042782577742374e-54,2.711738097952564031e-12,1.102998399748139774e-42
3.998328266571553047e-01,2.987259980296169006e-54,2.711742508660137276e-12,1.101601634652312169e-42
4.000000000000000222e-01,2.985498157931414837e-54,2.711740744285101179e-12,1.100952649777914072e-42
4.003263308616422100e-01,2.982345993616573468e-54,2.711751122852049314e-12,1.099786027000859004e-42
4.006526526355654316e-01,2.979707715079068625e-54,2.711763448810074962e-12,1.098808126640459020e-42
4.009789654839868711e-01,2.977432630296971737e-54,2.711779767752466680e-12,1.097962550537309716e-42
4.013052695660758729e-01,2.975482853659640276e-54,2.711798923993670567e-12,1.097235796995465300e-42
4.016315650379981284e-01,2.973703523313195619e-54,2.711820669479437422e-12,1.096570859858528029e-42
4.019578520529404897e-01,2.972093031215463171e-54,2.711840478643185899e-12,1.095968975543314160e-42
4.022841307611444428e-01,2.970443439857837827e-54,2.711857838927098685e-12,1.095353671279850112e-42
4.026104013099559564e-01,2.968726221204964659e-54,2.711868379396637931e-12,1.094716190416835312e-42
4.029366638438804937e-01,2.966728502179106870e-54,2.711875241715978861e-12,1.093976764322633721e-42
4.032629185046320841e-01,2.964407230238171229e-54,2.711878168157327015e-12,1.093119619106057817e-42
4.035891654311790089e-01,2.961573442972043308e-54,2.711881197713254994e-12,1.092073445352007539e-42
4.039154047597902641e-01,2.957957104402512655e-54,2.711884821317685052e-12,1.090738471320940191e-42
4.042416366240840775e-01,2.954513909128771145e-54,2.711891322525430255e-12,1.089466190841821904e-42
4.045678611550766468e-01,2.951659580291550869e-54,2.711900694596787764e-12,1.088409906075270553e-42
4.048940784812290472e-01,2.949208402983891207e-54,2.711914353073586657e-12,1.087500569345548842e-42
4.052202887284929722e-01,2.947131612661453274e-54,2.711931267688191568e-12,1.086727988933790348e-42
4.055464920203570300e-01,2.945268455960651066e-54,2.711951738500275995e-12,1.086032769001044400e-42
4.058726884778925403e-01,2.943626179988818693e-54,2.711972229144917511e-12,1.085418998157271439e-42
4.061988782197990533e-01,2.942016987276747407e-54,2.711991807377227527e-12,1.084817800435016022e-42
4.065250613624489806e-01,2.940419926223761352e-54,2.712005657541575469e-12,1.084223374699462423e-42
4.068512380199313938e-01,2.938626943738834988e-54,2.712015497541465554e-12,1.083558315357268595e-42
4.071774083040961001e-01,2.936597566563999063e-54,2.712020011506583142e-12,1.082808221954327922e-42
4.075035723245962194e-01,2.934150962863382302e-54,2.712023276821554563e-12,1.081904785972986820e-42
4.078297301889304283e-01,2.931217616418679305e-54,2.712025837204035066e-12,1.080822157446929106e-42
4.081558820024845380e-01,2.927518041026734982e-54,2.712030470737462349e-12,1.079456175959068961e-42
4.084820278685722394e-01,2.924365043066797010e-54,2.712037440778530316e-12,1.078290807898033644e-42
4.088081678884749603e-01,2.921688676287202795e-54,2.712048164820960241e-12,1.077299700715338323e-42
4.091343021614809450e-01,2.919431314198401478e-54,2.712062274552113362e-12,1.076461754433914866e-42
4.094604307849233349e-01,2.917440304013081350e-54,2.712080389457939855e-12,1.075720437842989747e-42
4.097865538542176389e-01,2.915715176866292960e-54,2.712100204370473228e-12,1.075076493179602991e-42
4.101126714628975378e-01,2.914090426307765330e-54,2.712120908298247303e-12,1.074469216100047074e-42
4.104387837026504116e-01,2.912557003246661755e-54,2.712137830873788678e-12,1.073897119125506517e-42
4.107648906633510899e-01,2.910916883913832339e-54,2.712151293486843120e-12,1.073287058470638845e-42
4.110909924330951593e-01,2.909132304686212435e-54,2.712158464774030119e-12,1.072626228323496508e-42
4.114170890982304929e-01,2.907021746417356654e-54,2.712163044439965129e-12,1.071846234457349078e-42
4.117431807433872271e-01,2.904532621313903861e-54,2.712165389980672558e-12,1.070927544479358660e-42
4.120692674515076814e-01,2.901418284195292241e-54,2.712168685365898449e-12,1.069777960290792936e-42
4.123953493038734486e-01,2.897874352911785419e-54,2.712173445294070254e-12,1.068469407050617355e-42
4.127214263801316507e-01,2.894899272620029358e-54,2.712181326828973699e-12,1.067369369438394294e-42
4.130474987583199198e-01,2.892404322396577089e-54,2.712192396935422805e-12,1.066445111218798685e-42
4.133735665148892124e-01,2.890238404836174804e-54,2.712207476866180014e-12,1.065640600687267701e-42
4.136996297247252929e-01,2.888381072929476003e-54,2.712225317902832524e-12,1.064948790892805370e-42
4.140256884611681620e-01,2.886685851945363670e-54,2.712245615261971182e-12,1.064315796365125115e-42
4.143517427960304311e-01,2.885151943142384989e-54,2.712264478858294055e-12,1.063742848690355837e-42
4.146777927996127544e-01,2.883599680376095137e-54,2.712281327484788146e-12,1.063163931836738179e-42
4.150038385407184283e-01,2.881998988624283464e-54,2.712292233710823773e-12,1.062569494836946564e-42
4.153298800866656038e-01,2.880165479090031668e-54,2.712299493469920577e-12,1.061890652571466298e-42
4.156559175032977782e-01,2.878054118330520088e-54,2.712302789308214858e-12,1.061110923778749910e-42
4.159819508549923439e-01,2.875502119157886559e-54,2.712305607628506860e-12,1.060168924574863700e-42
4.163079802046675826e-01,2.872282771851607723e-54,2.712308690951445670e-12,1.058980779523309017e-42
4.166340056137881054e-01,2.868912250984369321e-54,2.712314079383423644e-12,1.057736002180302218e-42
4.169600271423681837e-01,2.866106700000783806e-54,2.712322141478299226e-12,1.056698485836445348e-42
4.172860448489746910e-01,2.863706625715608883e-54,2.712333824880866809e-12,1.055809059875360606e-42
4.176120587907279358e-01,2.861663281437063789e-54,2.712348800391513271e-12,1.055049881867699967e-42
4.179380690233019946e-01,2.859844090051383471e-54,2.712367165372507927e-12,1.054372035822304163e-42
4.182640756009247673e-01,2.858243028683488010e-54,2.712386436838580930e-12,1.053774266772587964e-42
4.185900785763765897e-01,2.856705323618608718e-54,2.712405566382553165e-12,1.053199919298390000e-42
4.189160780009893448e-01,2.855212780975913334e-54,2.712420335096230569e-12,1.052643922489475446e-42
4.192420739246457417e-01,2.853585050551255799e-54,2.712431462552842241e-12,1.052039504019602059e-42
4.195680663957788159e-01,2.851780555973770289e-54,2.712437200168997382e-12,1.051372011781909994e-42
4.198940554613714848e-01,2.849638951776794643e-54,2.712440885927085580e-12,1.050581034433425432e-42
4.202200411669581026e-01,2.847098637570350216e-54,2.712443184443778394e-12,1.049643603190967720e-42
4.205460235566252924e-01,2.843831349999346081e-54,2.712446642394527746e-12,1.048437711382529840e-42
4.208720026730153885e-01,2.840618439128956932e-54,2.712451976395789077e-12,1.047251145402202108e-42
4.211979785573303769e-01,2.837905568339780684e-54,2.712460427943888321e-12,1.046247731064958935e-42
4.215239512493361707e-01,2.835612823795181415e-54,2.712472089321232035e-12,1.045397972926152473e-42
4.218499207873691592e-01,2.833612229333125478e-54,2.712487423719748589e-12,1.044654513253843287e-42
4.221758872083425929e-01,2.831879616913463212e-54,2.712505163826559156e-12,1.044008931182457700e-42
4.225018505477542430e-01,2.830284299260321690e-54,2.712524637202270807e-12,1.043413305981806450e-42
4.228278108396936741e-01,2.828815378148754266e-54,2.712542232348713500e-12,1.042865008482969595e-42
4.231537681168499598e-01,2.827308905509785300e-54,2.712557433177378322e-12,1.042303794540487111e-42
4.234797224105190105e-01,2.825730131684484842e-54,2.712566935899660648e-12,1.041718121048796199e-42
4.238056737506097349e-01,2.823914932034874165e-54,2.712573142264875990e-12,1.041046557615413465e-42
4.241316221656489804e-01,2.821814165539045718e-54,2.712576088815800302e-12,1.040270972369639350e-42
4.244575676827850863e-01,2.819279482647595947e-54,2.712578773127777091e-12,1.039335524769585234e-42
4.247835103277889934e-01,2.816058572217114927e-54,2.712582045688683869e-12,1.038146874374876222e-42
4.251094501250526903e-01,2.812926829357273790e-54,2.712587601639004750e-12,1.036990225737831192e-42
4.254353870975851604e-01,2.810303563532795149e-54,2.712595889439668684e-12,1.036019988997811902e-42
4.257613212670045000e-01,2.808052411984864830e-54,2.712607658672890118e-12,1.035185609318330196e-42
4.260872526535268157e-01,2.806122941706093355e-54,2.712622531700881949e-12,1.034468640185844124e-42
4.264131812759516804e-01,2.804401120239822565e-54,2.712640283132085100e-12,1.033827130592408653e-42
4.267391071516433154e-01,2.802870325968948645e-54,2.712658740178683810e-12,1.033255781294598990e-42
4.270650302965076639e-01,2.801393379749929141e-54,2.712676746255985315e-12,1.032704461973358960e-42
4.273909507249665229e-01,2.799944759954816379e-54,2.712690565050065903e-12,1.032165185380493372e-42
4.277168684499269569e-01,2.798363711650926411e-54,2.712700844923538487e-12,1.031578442159479109e-42
4.280427834827475464e-01,2.796605827525376967e-54,2.712706255989202756e-12,1.030928365852711774e-42
4.283686958332015293e-01,2.794526942600591511e-54,2.712709717928989818e-12,1.030160700251431511e-42
4.286946055094359997e-01,2.792061881089311332e-54,2.712712019925685187e-12,1.029251118652026976e-42
4.290205125179295531e-01,2.788901458821098132e-54,2.712715449440931702e-12,1.028084777338466443e-42
4.293464168634466560e-01,2.785838224401528474e-54,2.712720658117300811e-12,1.026953592167861973e-42
4.296723185489903507e-01,2.783246749935368591e-54,2.712728843034062086e-12,1.025995191919895559e-42
4.299982175757537384e-01,2.781046578243260359e-54,2.712740158758897262e-12,1.025179860763226847e-42
4.303241139430696860e-01,2.779127059820752037e-54,2.712754863792239594e-12,1.024466713492766169e-42
4.306500076483609218e-01,2.777454512558341570e-54,2.712771912667509178e-12,1.023843729577408120e-42
4.309758986870884656e-01,2.775917898203726862e-54,2.712790462115300087e-12,1.023270295649448329e-42
4.313017870527016129e-01,2.774495095965303482e-54,2.712807403288343578e-12,1.022739429493662068e-42
4.316276727365874755e-01,2.773044152560647541e-54,2.712822083956535707e-12,1.022199048349046280e-42
4.319535557280215210e-01,2.771525591404677832e-54,2.712831541938676958e-12,1.021635714772048238e-42
4.322794360141196668e-01,2.769793337707393874e-54,2.712837749236573580e-12,1.020994837780788164e-42
4.326053135797913729e-01,2.767795363096560433e-54,2.712840824856676471e-12,1.020257192289483925e-42
4.329311884076943451e-01,2.765398199877443066e-54,2.712843417338846974e-12,1.019372582362364760e-42
4.332570604781912360e-01,2.762366444229385929e-54,2.712846491622774488e-12,1.018253871997375524e-42
4.335829297693084561e-01,2.759312239977627782e-54,2.712851597400584735e-12,1.017126127585291063e-42
4.339087962566959833e-01,2.756746416245008740e-54,2.712859296680114059e-12,1.016177440392357243e-42
4.342346599135907259e-01,2.754546702852322867e-54,2.712870227127214559e-12,1.015362502529006542e-42
4.345605207107810508e-01,2.752654884345716105e-54,2.712884201596164999e-12,1.014659926408267386e-42
4.348863786165733658e-01,2.750974266031888064e-54,2.712900887897337085e-12,1.014034194284207739e-42
4.352122335967612554e-01,2.749475464515602507e-54,2.712918637563447880e-12,1.013475091529094785e-42
4.355380856145961155e-01,2.748045608334449018e-54,2.712936087701646391e-12,1.012941521472607453e-42
4.358639346307602858e-01,2.746650079410382016e-54,2.712950054694595000e-12,1.012421911217079377e-42
4.361897806033415148e-01,2.745151055490993987e-54,2.712960673080525540e-12,1.011865406944479148e-42
4.365156234878092567e-01,2.743499485835556764e-54,2.712966663065138430e-12,1.011254403965259992e-42
4.368414632369926331e-01,2.741566435905576651e-54,2.712970392524576276e-12,1.010540492244144969e-42
4.371672998010603939e-01,2.739287231832374662e-54,2.712972704369625453e-12,1.009699517956950338e-42
4.374931331275014323e-01,2.736418216226096996e-54,2.712975670494452565e-12,1.008640897884414799e-42
4.378189631611070221e-01,2.733357027129869968e-54,2.712980250886452224e-12,1.007510845770720161e-42
4.381447898439544963e-01,2.730770458456860212e-54,2.712987449277210425e-12,1.006554770160985233e-42
4.384706131153915942e-01,2.728571522237903781e-54,2.712997610279630027e-12,1.005740481266649011e-42
4.387964329120220830e-01,2.726661623924797317e-54,2.713010963180368694e-12,1.005031553845409617e-42
4.391222491676924355e-01,2.724995092949056572e-54,2.713026840869292018e-12,1.004411402017655594e-42
4.394480618134790628e-01,2.723481927074693135e-54,2.713044405546084483e-12,1.003847162069029078e-42
4.397738707776766565e-01,2.722087999810983462e-54,2.713061245248996536e-12,1.003327147360861866e-42
4.400996759857871421e-01,2.720699203051273327e-54,2.713076213196132890e-12,1.002809721974658544e-42
4.404254773605097428e-01,2.719268144636790608e-54,2.713086759858391295e-12,1.002278358683495232e-42
4.407512748217315979e-01,2.717668991052135272e-54,2.713093877333228030e-12,1.001686308666696187e-42
4.410770682865189918e-01,2.715845226734688101e-54,2.713097612995000202e-12,1.001012722036438149e-42
4.414028576691098604e-01,2.713680141601288972e-54,2.713100250442517761e-12,1.000213737460927513e-42
4.417286428809063525e-01,2.711075107820671304e-54,2.713102890007513887e-12,9.992525966507532226e-43
4.420544238304692231e-01,2.707954453443328164e-54,2.713107066450534087e-12,9.981008442051839077e-43
4.423802004235124485e-01,2.705332765789063944e-54,2.713113504884924739e-12,9.971321733934640729e-43
4.427059725628986198e-01,2.703094490955155045e-54,2.713122804659871954e-12,9.963037744964978643e-43
4.430317401486360551e-01,2.701169911510882536e-54,2.713135152727736229e-12,9.955898838268989029e-43
4.433575030778764692e-01,2.699475971723664394e-54,2.713150317662555962e-12,9.949599748123531276e-43
4.436832612449136404e-01,2.697970595668113554e-54,2.713167131216445870e-12,9.943989681381998578e-43
4.440090145411838551e-01,2.696567086807049068e-54,2.713184277186736768e-12,9.938753919078000262e-43
4.443347628552668516e-01,2.695220785404442339e-54,2.713199161651660559e-12,9.933737351458291261e-43
4.446605060728889280e-01,2.693821786539342929e-54,2.713211058157735281e-12,9.928537547567134583e-43
4.449862440769268290e-01,2.692312408534749606e-54,2.713218592654493609e-12,9.922946922977958920e-43
4.453119767474135737e-01,2.690581747662706627e-54,2.713223199565297053e-12,9.916551458404830252e-43
4.456377039615453395e-01,2.688564177157129402e-54,2.713225814710551883e-12,9.909105842131855998e-43
4.459634255936906211e-01,2.686147392796469652e-54,2.713228381405878931e-12,9.900189055978482932e-43
4.462891415154006114e-01,2.683121657384983992e-54,2.713231943719400227e-12,9.889024281893349708e-43
4.466148515954216358e-01,2.680422866479538793e-54,2.713237607943093604e-12,9.879056882569044221e-43
4.469405556997094187e-01,2.678132703688806541e-54,2.713245933336789125e-12,9.870585894125713785e-43
4.472662536914450704e-01,2.676158006946708266e-54,2.713257257982852833e-12,9.863266739904620087e-43
4.475919454310532952e-01,2.674439885718019790e-54,2.713271344783190971e-12,9.856883244870321169e-43
4.479176307762228748e-01,2.672905832306236054e-54,2.713287498093873970e-12,9.851170707800014936e-43
4.482433095819284286e-01,2.671510444861257813e-54,2.713304274460720452e-12,9.845967037339483864e-43
4.485689817004552826e-01,2.670169904427842090e-54,2.713320047267091002e-12,9.840969210828222543e-43
4.488946469814260598e-01,2.668827652764812505e-54,2.713332515456493706e-12,9.835977115085750137e-43
4.492203052718293232e-01,2.667382981301456773e-54,2.713341493542630588e-12,9.830620243155722608e-43
4.495459564160512178e-01,2.665770429256663156e-54,2.713346777721617784e-12,9.824658061197382157e-43
4.498716002559086102e-01,2.663892127859467896e-54,2.713350008785774420e-12,9.817723917791059191e-43
4.501972366306852269e-01,2.661671055972649513e-54,2.713352373417936403e-12,9.809529650657996478e-43
4.505228653771697900e-01,2.658859757423719982e-54,2.713355460877304957e-12,9.799157521971098702e-43
4.508484863296970402e-01,2.656057370240556972e-54,2.713360160248059908e-12,9.788812444263705171e-43
4.511740993201903693e-01,2.653679459497695240e-54,2.713367367891203230e-12,9.780022752909065816e-43
4.514997041782078946e-01,2.651642383148153958e-54,2.713377415702986732e-12,9.772479006431037294e-43
4.518253007309903646e-01,2.649869441331033984e-54,2.713390332024528226e-12,9.765898440988032661e-43
4.521508888035117857e-01,2.648306676557660997e-54,2.713405552503952558e-12,9.760084238472138316e-43
4.524764682185324904e-01,2.646888513361574907e-54,2.713422037023764826e-12,9.754798469407406709e-43
4.528020387966546489e-01,2.645563017449339000e-54,2.713437946405013105e-12,9.749856343515795846e-43
4.531276003563804444e-01,2.644249944308266780e-54,2.713451705042218048e-12,9.744967781791146709e-43
4.534531527141728025e-01,2.642883209710819506e-54,2.713461803087708374e-12,9.739894649349491561e-43
4.537786956845180630e-01,2.641372698401289290e-54,2.713468397198311834e-12,9.734304262133798568e-43
4.541042290799919834e-01,2.639647302554404023e-54,2.713472212808405702e-12,9.727931946730370437e-43
4.544297527113276836e-01,2.637617429956522945e-54,2.713474780872148381e-12,9.720442027136718384e-43
4.547552663874862011e-01,2.635193620498226776e-54,2.713477412949770558e-12,9.711500113920450856e-43
4.550807699157293218e-01,2.632250810473197566e-54,2.713481333937815183e-12,9.700640935138714739e-43
4.554062631016951301e-01,2.629757210776052647e-54,2.713487360699739619e-12,9.691429740427848991e-43
4.557317457494762802e-01,2.627625477227303834e-54,2.713496043650588115e-12,9.683542687949680063e-43
4.560572176616993767e-01,2.625782940994375845e-54,2.713507546642109998e-12,9.676711399766362373e-43
4.563826786396083524e-01,2.624164514210525952e-54,2.713521613513813698e-12,9.670696931772079607e-43
4.567081284831492338e-01,2.622717490517548865e-54,2.713537332433474567e-12,9.665308301343768360e-43
4.570335669910571830e-01,2.621380572920766023e-54,2.713553461624904166e-12,9.660324036332256215e-43
4.573589939609463140e-01,2.620095034267391743e-54,2.713568050330660000e-12,9.655534652790895142e-43
4.576844091894012867e-01,2.618784584575405336e-54,2.713579756972988466e-12,9.650663769310663238e-43
4.580098124720715091e-01,2.617377823608432548e-54,2.713587831937173137e-12,9.645450914850033042e-43
4.583352036037670052e-01,2.615793323002050027e-54,2.713592836811296989e-12,9.639594000682247096e-43
4.586605823785570024e-01,2.613956585207783958e-54,2.713595823875299406e-12,9.632814740534128979e-43
4.589859485898699631e-01,2.611780373332471500e-54,2.713598285014848426e-12,9.624786350121754122e-43
4.593113020305959471e-01,2.609033299998399384e-54,2.713601437682904750e-12,9.614651819414593109e-43
4.596366424931913053e-01,2.606382605694226754e-54,2.713606224480810908e-12,9.604866697978262544e-43
4.599619697697845400e-01,2.604127381610413533e-54,2.713613418842498362e-12,9.596530454662969752e-43
4.602872836522844402e-01,2.602186052969284238e-54,2.713623340438583573e-12,9.589341358438903199e-43
4.606125839324901050e-01,2.600494007300289098e-54,2.713635941668553083e-12,9.583061483558124053e-43
4.609378704022024098e-01,2.598993586051424526e-54,2.713650704337801628e-12,9.577480188945849966e-43
4.612631428533375821e-01,2.597632015947436298e-54,2.713666538932848182e-12,9.572406847633377478e-43
4.615884010780418878e-01,2.596350026460616855e-54,2.713681904979432297e-12,9.567628474422448103e-43
4.619136448688081487e-01,2.595084440766642776e-54,2.713695032735984126e-12,9.562918491066564396e-43
4.622388740185939260e-01,2.593762248590229122e-54,2.713704927741777033e-12,9.558011344839326692e-43
4.625640883209403142e-01,2.592310825318910516e-54,2.713711430357415143e-12,9.552639961344322211e-43
4.628892875700933440e-01,2.590654316019616655e-54,2.713715303139086594e-12,9.546522116829575893e-43
4.632144715611253294e-01,2.588716380492744723e-54,2.713717882741604212e-12,9.539371785682550903e-43
4.635396400900582137e-01,2.586408041564761306e-54,2.713720502754383968e-12,9.530856397847890093e-43
4.638647929539878589e-01,2.583589871502948655e-54,2.713724256740366749e-12,9.520458333545903872e-43
4.641899299512089461e-01,2.581170931899496054e-54,2.713729977350594032e-12,9.511524556394830586e-43
4.645150508813414847e-01,2.579100064890883036e-54,2.713738189705298521e-12,9.503864723114513665e-43
4.648401555454574896e-01,2.577306100422539801e-54,2.713749083367137979e-12,9.497215922500454629e-43
4.651652437462089895e-01,2.575730405518109839e-54,2.713762429141659931e-12,9.491362905826622315e-43
4.654903152879561468e-01,2.574319612253698745e-54,2.713777497058346565e-12,9.486111573421859337e-43
4.658153699768964318e-01,2.573020883662852432e-54,2.713792985801553036e-12,9.481271773951755872e-43
4.661404076211937975e-01,2.571775550310856553e-54,2.713807337952196177e-12,9.476632752609052370e-43
4.664654280311091306e-01,2.570518684349319176e-54,2.713819067453174982e-12,9.471960438253025240e-43
4.667904310191295925e-01,2.569179789807183895e-54,2.713827496903435775e-12,9.466997415048305603e-43
4.671154164000994036e-01,2.567687457926569717e-54,2.713832860395383522e-12,9.461479722640246135e-43
4.674403839684628803e-01,2.565968886405952526e-54,2.713836127850280073e-12,9.455135702827207867e-43
4.677653330213116245e-01,2.563946575281132287e-54,2.713838607295283946e-12,9.447675216900462699e-43
4.680902633882653707e-01,2.561424258690550946e-54,2.713841519517552466e-12,9.438370812256947364e-43
4.684151749020187827e-01,2.558793523774756891e-54,2.713845854007122007e-12,9.428661985339281391e-43
4.687400673987222599e-01,2.556552896616916014e-54,2.713852318164223364e-12,9.420383266641008010e-43
4.690649407179555697e-01,2.554624529641274411e-54,2.713861254273293223e-12,9.413246626439424532e-43
4.693897947027470541e-01,2.552944519817369207e-54,2.713872816365007506e-12,9.407016070991906242e-43
4.697146291997450485e-01,2.551458540438265083e-54,2.713886584264687315e-12,9.401492881949481985e-43
4.700394440594173884e-01,2.550115718429300105e-54,2.713901666561015074e-12,9.396492694817272549e-43
4.703642391361829711e-01,2.548863365177581234e-54,2.713916735398545176e-12,9.391825961098524646e-43
4.706890142885021833e-01,2.547643133989255941e-54,2.713930126308008828e-12,9.387283442905114564e-43
4.710137693789831492e-01,2.546390353195209704e-54,2.713940678803366391e-12,9.382630847767707422e-43
4.713385042745136255e-01,2.545036756357959914e-54,2.713948010730121696e-12,9.377617943658691638e-43
4.716632188463918962e-01,2.543513011140047006e-54,2.713952601546020001e-12,9.371987593634166689e-43
4.719879129704441789e-01,2.541748123394061341e-54,2.713955503839634378e-12,9.365474562121823113e-43
4.723125865271345925e-01,2.539663921841599896e-54,2.713957935821069633e-12,9.357786605020686976e-43
4.726372394016777334e-01,2.537046412076820909e-54,2.713961127514686135e-12,9.348130989628892412e-43
4.729618714841536398e-01,2.534585952162761232e-54,2.713965932924325712e-12,9.339048517207139002e-43
4.732864826696202010e-01,2.532481474444984747e-54,2.713972953094135000e-12,9.331270127647232937e-43
4.736110728582217377e-01,2.530662099187637428e-54,2.713982488182735344e-12,9.324533633531850382e-43
4.739356419552940292e-01,2.529069266673115637e-54,2.713994476092368324e-12,9.318623486347292339e-43
4.742601898714683406e-01,2.527651835219670357e-54,2.714008415165610483e-12,9.313352976709291069e-43
4.745847165227738973e-01,2.526360577648942014e-54,2.714023332173008644e-12,9.308544063348884861e-43
4.749092218307378599e-01,2.525143440152520644e-54,2.714037834172499559e-12,9.304009724398067035e-43
4.752337057224818029e-01,2.523942572373750694e-54,2.714050384648757253e-12,9.299542066903781984e-43
4.755581681308160835e-01,2.522694664706027281e-54,2.714059968992329216e-12,9.294911289829193218e-43
4.758826089943316018e-01,2.521333605945719720e-54,2.714066518803257603e-12,9.289874026586047425e-43
4.762070282574890068e-01,2.519792321899156541e-54,2.714070598821781292e-12,9.284181196292522049e-43
4.765314258707042949e-01,2.518001161137716125e-54,2.714073322181170690e-12,9.277572350602965213e-43
4.768558017904326873e-01,2.515881708177981340e-54,2.714075877644478773e-12,9.269754500605530531e-43
4.771801559792482883e-01,2.513256753303265808e-54,2.714079321334661426e-12,9.260071117108543825e-43
4.775044884059219119e-01,2.510923086809710630e-54,2.714084465637296775e-12,9.251455209298795957e-43
4.778287990454941903e-01,2.508920210183333292e-54,2.714091846195911531e-12,9.244050505143559457e-43
4.781530878793477379e-01,2.507182517194784819e-54,2.714101691046883098e-12,9.237614513359352485e-43
4.784773548952737099e-01,2.505655217518959182e-54,2.714113861323970345e-12,9.231945841419773346e-43
4.788016000875367495e-01,2.504289597412539179e-54,2.714127723622728697e-12,9.226867164784328282e-43
4.791258234569358287e-01,2.503037758170149794e-54,2.714142362299958945e-12,9.222205116938229882e-43
4.794500250108618133e-01,2.501848593966503199e-54,2.714156339314636884e-12,9.217776285496713114e-43
4.797742047633519191e-01,2.500665328675354153e-54,2.714168241418206461e-12,9.213376276809970266e-43
4.800983627351397831e-01,2.499426420677748272e-54,2.714177255267368688e-12,9.208781098681538494e-43
4.804224989537032031e-01,2.498068002969655051e-54,2.714183336006355727e-12,9.203755582131410964e-43
4.807466134533073809e-01,2.496525157281439102e-54,2.714187141630972425e-12,9.198058302572538724e-43
4.810707062750448904e-01,2.494729723781791534e-54,2.714189780986635310e-12,9.191434369320085448e-43
4.813947774668720370e-01,2.492603932951435592e-54,2.714192394832826413e-12,9.183593387472301513e-43
4.817188270836415542e-01,2.490013361609094349e-54,2.714195981442135910e-12,9.174036726287073069e-43
4.820428551871314138e-01,2.487770611324559195e-54,2.714201241004794743e-12,9.165755927528751212e-43
4.823668618460701940e-01,2.485840764934575344e-54,2.714208762837179998e-12,9.158620364691880795e-43
4.826908471361586739e-01,2.484162042000144734e-54,2.714218693975527051e-12,9.152401932511866837e-43
4.830148111400875410e-01,2.482682346951740211e-54,2.714230848110164449e-12,9.146909330429118195e-43
4.833387539475515471e-01,2.481354832457661104e-54,2.714244616076928283e-12,9.141972015934666905e-43
4.836626756552597772e-01,2.480133021137968759e-54,2.714258975162169811e-12,9.137422198225529414e-43
4.839865763669423671e-01,2.478967142841047312e-54,2.714272546770086458e-12,9.133081148357609534e-43
4.843104561933531671e-01,2.477801995727725556e-54,2.714284020950778764e-12,9.128749889850448317e-43
4.846343152522689102e-01,2.476578085574184770e-54,2.714292671715706912e-12,9.124211664355035798e-43
4.849581536684849925e-01,2.475233791781064942e-54,2.714298494061096645e-12,9.119239454307965828e-43
4.852819715738066475e-01,2.473706319436430265e-54,2.714302133630551157e-12,9.113599730799648461e-43
4.856057691070370663e-01,2.471929311902441829e-54,2.714304734398191614e-12,9.107044174428379119e-43
4.859295464139620768e-01,2.469826669086363215e-54,2.714307367372864105e-12,9.099288823273062667e-43
4.862533036473306591e-01,2.467285345709565368e-54,2.714310984796788437e-12,9.089914013276863850e-43
4.865770409668318530e-01,2.465102458166255718e-54,2.714316312429286944e-12,9.081854045080002474e-43
4.869007585390686677e-01,2.463220726666326965e-54,2.714323812288833340e-12,9.074896353612409971e-43
4.872244565375278280e-01,2.461581106268752334e-54,2.714333646015903859e-12,9.068822876221788788e-43
4.875481351425461352e-01,2.460133517563587019e-54,2.714345621234696813e-12,9.063449762320708718e-43
4.878717945412737733e-01,2.458832620971928714e-54,2.714359144012569531e-12,9.058611961485309431e-43
4.881954349276336758e-01,2.457633395755778770e-54,2.714373213642512637e-12,9.054146951508538126e-43
4.885190565022781151e-01,2.456487729994343631e-54,2.714386444124745811e-12,9.049882102496419819e-43
4.888426594725409635e-01,2.455342341329371605e-54,2.714397683760923612e-12,9.045624950310822202e-43
4.891662440523881217e-01,2.454139923328982894e-54,2.714406205147170307e-12,9.041166788800219234e-43
4.894898104623634505e-01,2.452821095637730710e-54,2.714411988426659056e-12,9.036288913015916079e-43
4.898133589295318724e-01,2.451325117048322936e-54,2.714415698565101748e-12,9.030765325827381507e-43
4.901368896874205849e-01,2.449587831545982836e-54,2.714418330352998665e-12,9.024356357140516377e-43
4.904604029759548900e-01,2.447535809228095735e-54,2.714420950822135338e-12,9.016787939566977809e-43
4.907838990413934677e-01,2.445048111816628838e-54,2.714424496882956292e-12,9.007611427852720621e-43
4.911073781362593205e-01,2.442897613677485853e-54,2.714429684657382917e-12,8.999671744990623456e-43
4.914308405192682194e-01,2.441041968762492190e-54,2.714436973858127413e-12,8.992811372197567677e-43
4.917542864552547632e-01,2.439423925092038116e-54,2.714446474571117349e-12,8.986819036383715701e-43
4.920777162150952178e-01,2.437994712353184715e-54,2.714458114735990211e-12,8.981515312828120158e-43
4.924011300756281351e-01,2.436710259475358747e-54,2.714471304918011811e-12,8.976739798503625399e-43
4.927245283195724190e-01,2.435527044970302726e-54,2.714485090718490363e-12,8.972335318023976638e-43
4.930479112354428928e-01,2.434398774339883931e-54,2.714498212219405607e-12,8.968135485893324385e-43
4.933712791174635903e-01,2.433274439335011363e-54,2.714509435878784959e-12,8.963956459953407218e-43
4.936946322654784947e-01,2.432099049810589571e-54,2.714518051255012435e-12,8.959597998201371481e-43
4.940179709848602219e-01,2.430815452582881888e-54,2.714523987200452686e-12,8.954849778615640335e-43
4.943412955864170399e-01,2.429365058581491073e-54,2.714527835083551894e-12,8.949494004752824485e-43
4.946646063862973342e-01,2.427686190507549727e-54,2.714530529865556785e-12,8.943300374771567691e-43
4.949879037058920184e-01,2.425708946244300348e-54,2.714533047924235378e-12,8.936008158379965709e-43
4.953111878717360028e-01,2.423283824115861757e-54,2.714536417107145810e-12,8.927063232028144972e-43
4.956344592154066642e-01,2.421140609006589810e-54,2.714541327628605322e-12,8.919151771108501172e-43
4.959577180734213719e-01,2.419290715186449474e-54,2.714548248547561094e-12,8.912314292003866893e-43
4.962809647102424115e-01,2.417677777031923610e-54,2.714557375220463622e-12,8.906342518678837164e-43
4.966041989149491687e-01,2.416253889411888157e-54,2.714568579422970075e-12,8.901060403217022444e-43
4.969274210270981373e-01,2.414976034366752342e-54,2.714581367782569171e-12,8.896311096172622034e-43
4.972506313909614839e-01,2.413802187449115998e-54,2.714594868741261119e-12,8.891942643980533928e-43
4.975738303554346764e-01,2.412688021461112709e-54,2.714607913517629950e-12,8.887795579784910148e-43
4.978970182739685946e-01,2.411584997497471089e-54,2.714619261648980568e-12,8.883695152271803346e-43
4.982201955044379682e-01,2.410440558333750300e-54,2.714628095357324643e-12,8.879450420690004529e-43
4.985433624090008231e-01,2.409199787284132956e-54,2.714634342315048027e-12,8.874859312468435343e-43
4.988665193539863485e-01,2.407806260269867003e-54,2.714638451755548018e-12,8.869712497856745793e-43
4.991896667097981966e-01,2.406200956465860048e-54,2.714641271906148378e-12,8.863789780873293907e-43
4.995128048508079011e-01,2.404317862011853393e-54,2.714643799604199332e-12,8.856844726230410302e-43
4.998359341552358059e-01,2.401979740942306980e-54,2.714646961418471258e-12,8.848221426506274871e-43
5.001590550050306616e-01,2.399819658329296340e-54,2.714651500154835051e-12,8.840249506032056619e-43
5.004821677857543838e-01,2.397955845194302211e-54,2.714657926210449660e-12,8.833362841195058074e-43
5.008052728864685887e-01,2.396332162478652265e-54,2.714666484456636702e-12,8.827353843278094022e-43
5.011283706996182419e-01,2.394900956323376308e-54,2.714677112910688964e-12,8.822047178036406966e-43
5.014514616209134745e-01,2.393619935859584944e-54,2.714689346713226559e-12,8.817288573949089280e-43
5.017745460492112342e-01,2.392448398521473124e-54,2.714702509514977770e-12,8.812930293967717473e-43
5.020976243863978228e-01,2.391343987108326574e-54,2.714715514893505872e-12,8.808819833934368887e-43
5.024206970372713243e-01,2.390260826890220568e-54,2.714727093630452836e-12,8.804792321476713517e-43
5.027437644094236990e-01,2.389148816918826455e-54,2.714736414236288205e-12,8.800665892975630064e-43
5.030668269131224335e-01,2.387955384471656291e-54,2.714743169523899572e-12,8.796247878175694432e-43
5.033898849611925241e-01,2.386626275341350786e-54,2.714747694177230709e-12,8.791337332969630285e-43
5.037129389688987935e-01,2.385105131391639274e-54,2.714750738746116433e-12,8.785724218987658235e-43
5.040359893538284286e-01,2.383330033613372319e-54,2.714753255897404147e-12,8.779177365147041223e-43
5.043590365357730754e-01,2.381127325668572892e-54,2.714756174458221588e-12,8.771054093444577907e-43
5.046820809366127092e-01,2.378926844501738022e-54,2.714760211525473153e-12,8.762935431284282257e-43
5.050051229801980623e-01,2.377029739462045765e-54,2.714766023286948009e-12,8.755928573851891035e-43
5.053281630922354939e-01,2.375379466362490542e-54,2.714773886156753172e-12,8.749824353604874501e-43
5.056512017001705273e-01,2.373928051239567889e-54,2.714783812649915227e-12,8.744446022471173304e-43
5.059742392330736083e-01,2.372633421811707645e-54,2.714795497021224398e-12,8.739639595008354518e-43
5.062972761215251971e-01,2.371456022449016376e-54,2.714808278325400595e-12,8.735261496667538464e-43
5.066203127975025255e-01,2.370355501499287174e-54,2.714821197757363336e-12,8.731166175722255678e-43
5.069433496942669093e-01,2.369288552516093333e-54,2.714833063097113134e-12,8.727197943483057222e-43
5.072663872462510604e-01,2.368207773536248806e-54,2.714842929892831327e-12,8.723185225414620761e-43
5.075894258889490640e-01,2.367062945791446760e-54,2.714850334229515752e-12,8.718944525033007430e-43
5.079124660588050233e-01,2.365802040296095602e-54,2.714855373699240070e-12,8.714283873886338096e-43
5.082355081931044793e-01,2.364371229393842421e-54,2.714858758695282301e-12,8.709002712649852596e-43
5.085585527298663866e-01,2.362712539941423258e-54,2.714861343642673895e-12,8.702884754958594259e-43
5.088816001077356432e-01,2.360722924802194686e-54,2.714864045035941238e-12,8.695547495716095647e-43
5.092046507658770649e-01,2.358458070112196855e-54,2.714867669922576774e-12,8.687193472599185043e-43
5.095277051438706906e-01,2.356507570229571061e-54,2.714872832745620440e-12,8.679992454182005366e-43
5.098507636816083100e-01,2.354814092272399379e-54,2.714879914699796154e-12,8.673732048044519174e-43
5.101738268191905457e-01,2.353328793185234727e-54,2.714889029583665257e-12,8.668231988642730104e-43
5.104968949968263781e-01,2.352009335865579867e-54,2.714899989706804850e-12,8.663336936104172327e-43
5.108199686547325591e-01,2.350816856469738670e-54,2.714912265646427720e-12,8.658905432106119566e-43
5.111430482330358016e-01,2.349712771530826724e-54,2.714924958604018437e-12,8.654798225948096094e-43
5.114661341716753018e-01,2.348656210967085496e-54,2.714937080462635000e-12,8.650867925701122284e-43
5.117892269103069269e-01,2.347602631091768085e-54,2.714947546127722445e-12,8.646953914229793705e-43
5.121123268882091795e-01,2.346504275675046475e-54,2.714955723154199304e-12,8.642882296986077711e-43
5.124354345441904934e-01,2.345311314941081407e-54,2.714961555384944638e-12,8.638469706096992219e-43
5.127585503164970859e-01,2.343972302309158549e-54,2.714965477133137953e-12,8.633525258613126789e-43
5.130816746427239172e-01,2.342432828409448972e-54,2.714968272047200186e-12,8.627846050823850141e-43
5.134048079597264280e-01,2.340631607882243578e-54,2.714970841501572820e-12,8.621203484409088751e-43
5.137279507035329429e-01,2.338411305368585144e-54,2.714974025834004038e-12,8.613015384742976869e-43
5.140511033092602933e-01,2.336386577195345014e-54,2.714978502052989328e-12,8.605543562973467060e-43
5.143742662110295516e-01,2.334632560144455654e-54,2.714984676515823903e-12,8.599063487682445147e-43
5.146974398418848740e-01,2.333098950891536062e-54,2.714992861574368297e-12,8.593388895831646389e-43
5.150206246337116767e-01,2.331742529469448977e-54,2.715002963908216970e-12,8.588360898556557495e-43
5.153438210171594758e-01,2.330524577369771923e-54,2.715014589961484306e-12,8.583838134743995019e-43
5.156670294215636163e-01,2.329407795299958500e-54,2.715027033976588537e-12,8.579685454874350650e-43
5.159902502748703323e-01,2.328353540664759169e-54,2.715039352255234168e-12,8.575763510502062496e-43
5.163134840035625839e-01,2.327320284224083373e-54,2.715050415104826144e-12,8.571922905285084137e-43
5.166367310325881146e-01,2.326262863874257314e-54,2.715059445732317564e-12,8.567999745017766438e-43
5.169599917852890636e-01,2.325133777006730846e-54,2.715066167699364776e-12,8.563819934366290077e-43
5.172832666833331317e-01,2.323883801571686103e-54,2.715070799198336091e-12,8.559201484756295961e-43
5.176065561466461906e-01,2.322461639703874149e-54,2.715073922201273076e-12,8.553953616927362207e-43
5.179298605933472244e-01,2.320811127831659197e-54,2.715076480591647806e-12,8.547866494449270616e-43
5.182531804396844910e-01,2.318788544246261082e-54,2.715079301808828095e-12,8.540408166720757864e-43
5.185765160999737944e-01,2.316667591597111485e-54,2.715083115699520431e-12,8.532584428820477566e-43
5.188998679865375330e-01,2.314834216876720305e-54,2.715088468985231527e-12,8.525815063926419112e-43
5.192232365096468572e-01,2.313236421405569148e-54,2.715095682420392453e-12,8.519907553841407613e-43
5.195466220774641597e-01,2.311829563168012617e-54,2.715104815848559965e-12,8.514697295196279043e-43
5.198700250959883418e-01,2.310574410060865999e-54,2.715115638555588033e-12,8.510040520005499167e-43
5.201934459690010781e-01,2.309434394003283006e-54,2.715127601558300627e-12,8.505804267459926569e-43
5.205168850980148587e-01,2.308372792981352210e-54,2.715139881062049270e-12,8.501855867839904602e-43
5.208403428822233616e-01,2.307350719420601563e-54,2.715151441075162070e-12,8.498055336857831805e-43
5.211638197184522703e-01,2.306325938970967831e-54,2.715161274731382631e-12,8.494250269531920661e-43
5.214873160011133102e-01,2.305253340402785963e-54,2.715168984646749380e-12,8.490275756087812345e-43
5.218108321221586188e-01,2.304085922714064796e-54,2.715174512368041883e-12,8.485958866432323793e-43
5.221343684710374466e-01,2.302774954993840556e-54,2.715178292892484086e-12,8.481118757548294622e-43
5.224579254346541912e-01,2.301268495440602572e-54,2.715181069982871666e-12,8.475561799107267980e-43
5.227815033973289838e-01,2.299507668293429413e-54,2.715183688578554920e-12,8.469068512625240113e-43
5.231051027407583875e-01,2.297354393363721109e-54,2.715186934392079798e-12,8.461127903438774615e-43
5.234287238439786494e-01,2.295421236414705104e-54,2.715191439514338158e-12,8.453994083103338951e-43
5.237523670833310607e-01,2.293741945993255528e-54,2.715197631201566341e-12,8.447790023219037743e-43
5.240760328324276518e-01,2.292269866972903158e-54,2.715205698483724664e-12,8.442343312158614909e-43
5.243997214621193281e-01,2.290964548328069835e-54,2.715215563419013896e-12,8.437505217608855441e-43
5.247234333404655615e-01,2.289789472379080876e-54,2.715226788544114480e-12,8.433142609081467432e-43
5.250471688327055242e-01,2.288709221120834476e-54,2.715238795044567103e-12,8.429126842537134504e-43
5.253709283012302222e-01,2.287687139205910682e-54,2.715250668118009323e-12,8.425325757461461408e-43
5.256947121055576266e-01,2.286684026794947995e-54,2.715261333374739868e-12,8.421598314269359206e-43
5.260185206023073601e-01,2.285657356602422442e-54,2.715270107297345013e-12,8.417790003505251860e-43
5.263423541451786036e-01,2.284562458686259527e-54,2.715276703399006136e-12,8.413737192332645804e-43
5.266662130849285584e-01,2.283352912134020620e-54,2.715281321456687508e-12,8.409268292351574849e-43
5.269900977693531274e-01,2.281980111752992720e-54,2.715284547769116020e-12,8.404202475309163771e-43
5.273140085432679314e-01,2.280390848861524876e-54,2.715287170982577049e-12,8.398341336530983109e-43
5.276379457484916546e-01,2.278453835802407060e-54,2.715290000885782638e-12,8.391198859271492246e-43
5.279619097238309466e-01,2.276398690554444150e-54,2.715293687759194645e-12,8.383618688529599867e-43
5.282859008050658778e-01,2.274618769187799816e-54,2.715298857025291082e-12,8.377047569930211884e-43
5.286099193249379491e-01,2.273065076426107049e-54,2.715305795285297970e-12,8.371304183760545296e-43
5.289339656131382128e-01,2.271695249050408669e-54,2.715314567615870838e-12,8.366232318508226137e-43
5.292580399962977244e-01,2.270471935035020933e-54,2.715324961654189065e-12,8.361695071855556498e-43
5.295821427979786611e-01,2.269360327500895366e-54,2.715336474237364521e-12,8.357565808260550690e-43
5.299062743386676599e-01,2.268325647842807853e-54,2.715348345661244214e-12,8.353718783327679751e-43
5.302304349357694901e-01,2.267331286222998203e-54,2.715359623468580552e-12,8.350022098828757804e-43
5.305546249036023898e-01,2.266337663680795828e-54,2.715369388976862342e-12,8.346332815273949619e-43
5.308788445533948464e-01,2.265302500171313580e-54,2.715377145932514688e-12,8.342496745119226108e-43
5.312030941932833761e-01,2.264181629358465559e-54,2.715382816165577471e-12,8.338351468820672202e-43
5.315273741283115250e-01,2.262929157113507190e-54,2.715386710324257631e-12,8.333727010261752285e-43
5.318516846604300907e-01,2.261496199132780039e-54,2.715389593281800195e-12,8.328440989565523121e-43
5.321760260884992322e-01,2.259827788013699915e-54,2.715392228011539111e-12,8.322288635511616584e-43
5.325003987082900236e-01,2.257775634759429384e-54,2.715395364419125331e-12,8.314721547896619700e-43
5.328248028124890068e-01,2.255873555759211910e-54,2.715399625698736293e-12,8.307703714803019802e-43
5.331492386907028536e-01,2.254219661086325233e-54,2.715405447953578426e-12,8.301595118272968832e-43
5.334737066294641394e-01,2.252769188344080627e-54,2.715413044133295198e-12,8.296230266740575194e-43
5.337982069122391149e-01,2.251483154788866092e-54,2.715422377027174428e-12,8.291465717586721526e-43
5.341227398194349218e-01,2.250326436524656568e-54,2.715433125470609686e-12,8.287173104786567486e-43
5.344473056284092527e-01,2.249265349868303935e-54,2.715444692476945684e-12,8.283230205718506523e-43
5.347719046134806753e-01,2.248265409457001621e-54,2.715456270302675252e-12,8.279512485783471500e-43
5.350965370459395132e-01,2.247290028935354021e-54,2.715466817592039151e-12,8.275888382713346792e-43
5.354212031940599470e-01,2.246299525594566517e-54,2.715475716672592245e-12,8.272213637568702574e-43
5.357459033231136702e-01,2.245252059758794710e-54,2.715482589369544846e-12,8.268335317443800165e-43
5.360706376953833230e-01,2.244104028022622815e-54,2.715487526059633267e-12,8.264092567123585798e-43
5.363954065701778129e-01,2.242809807220368945e-54,2.715491007567664939e-12,8.259315906294646253e-43
5.367202102038479694e-01,2.241319915860254891e-54,2.715493745787593149e-12,8.253820946327349307e-43
5.370450488498036412e-01,2.239563445727215406e-54,2.715496511550580730e-12,8.247344219375918819e-43
5.373699227585309046e-01,2.237515619918666477e-54,2.715500004106163628e-12,8.239792364335382370e-43
5.376948321776103823e-01,2.235740802833081151e-54,2.715504771200535911e-12,8.233242034940895168e-43
5.380197773517368942e-01,2.234191671732267538e-54,2.715511163024391586e-12,8.227517905851448987e-43
5.383447585227389975e-01,2.232826921386573933e-54,2.715519304655033340e-12,8.222467494740280801e-43
5.386697759295999699e-01,2.231610226388751692e-54,2.715529002841724135e-12,8.217957620977109091e-43
5.389948298084794587e-01,2.230508042971191094e-54,2.715539938010817474e-12,8.213865727951985492e-43
5.393199203927347973e-01,2.229487410384113527e-54,2.715551418024673560e-12,8.210072531073158221e-43
5.396450479129450972e-01,2.228514064964041418e-54,2.715562583989657599e-12,8.206454449265341073e-43
5.399702125969340072e-01,2.227551344427195582e-54,2.715572527946648525e-12,8.202879214246341094e-43
5.402954146697939164e-01,2.226559844100287718e-54,2.715580665793485045e-12,8.199203478456395567e-43
5.406206543539110454e-01,2.225498264122610464e-54,2.715586808052822088e-12,8.195275722812839598e-43
5.409459318689908702e-01,2.224323538772404540e-54,2.715591186725735139e-12,8.190936653665952151e-43
5.412712474320835465e-01,2.222990155067204854e-54,2.715594361014961028e-12,8.186016980225117333e-43
5.415966012576111099e-01,2.221447792661258986e-54,2.715597057339380688e-12,8.180329208478864020e-43
5.419219935573942326e-01,2.219557953847302382e-54,2.715600014310937334e-12,8.173361106755252945e-43
5.422474245406797566e-01,2.217639082360461302e-54,2.715603818292128312e-12,8.166283562508604974e-43
5.425728944141690047e-01,2.215971014292477964e-54,2.715609038455677372e-12,8.160125345409310384e-43
5.428984033820455357e-01,2.214509742532871229e-54,2.715615919738058721e-12,8.154723672213841413e-43
5.432239516460053430e-01,2.213216788769719726e-54,2.715624496645774404e-12,8.149936751209132065e-43
5.435495394052852758e-01,2.212057808539149578e-54,2.715634545184034529e-12,8.145638788039653809e-43
5.438751668566929043e-01,2.211000473618460781e-54,2.715645578686884057e-12,8.141712199010748789e-43
5.442008341946371619e-01,2.210012360253105172e-54,2.715656889171051434e-12,8.138039709897618314e-43
5.445265416111584322e-01,2.209059449014340753e-54,2.715667593517863053e-12,8.134498693018373683e-43
5.448522892959593023e-01,2.208105107306511850e-54,2.715676904227163767e-12,8.130956609269031624e-43
5.451780774364363147e-01,2.207110376177884887e-54,2.715684360710157344e-12,8.127271372585880273e-43
5.455039062177107212e-01,2.206034505604945483e-54,2.715689904632002268e-12,8.123293097058814647e-43
5.458297758226605678e-01,2.204834943849983579e-54,2.715693813025860175e-12,8.118864259565877717e-43
5.461556864319523363e-01,2.203466135078847110e-54,2.715696783981449933e-12,8.113815018215591150e-43
5.464816382240738069e-01,2.201876806083743596e-54,2.715699512844210483e-12,8.107954490803257622e-43
5.468076313753655882e-01,2.199928814146126248e-54,2.715702692541943479e-12,8.100771929812964442e-43
5.471336660600542023e-01,2.198118812062217284e-54,2.715706905040097275e-12,8.094094425222085298e-43
5.474597424502848364e-01,2.196540760084808892e-54,2.715712560884812534e-12,8.088266747085887853e-43
5.477858607161538718e-01,2.195153539800154676e-54,2.715719866903174070e-12,8.083136874877162790e-43
5.481120210257425240e-01,2.193921012112922050e-54,2.715728788280581716e-12,8.078571842595395129e-43
5.484382235451491505e-01,2.192810405333078797e-54,2.715739033335674870e-12,8.074451846868748383e-43
5.487644684385232230e-01,2.191790281915541724e-54,2.715750060544408970e-12,8.070662737925771402e-43
5.490907558680980793e-01,2.190828631737392775e-54,2.715761126877720160e-12,8.067088854225422542e-43
5.494170859942245633e-01,2.189891679731535144e-54,2.715771322260665190e-12,8.063608529118067209e-43
5.497434589754041090e-01,2.188943002998482687e-54,2.715780040420171712e-12,8.060089441779020084e-43
5.500698749683223809e-01,2.187944163972989710e-54,2.715786911353519510e-12,8.056391150668524017e-43
5.503963341278824695e-01,2.186854987877878994e-54,2.715791977303195974e-12,8.052365594103581168e-43
5.507228366072380865e-01,2.185633296659233884e-54,2.715795639440161119e-12,8.047856270620510947e-43
5.510493825578273164e-01,2.184233412541195144e-54,2.715798527965980644e-12,8.042693116035726523e-43
5.513759721294052563e-01,2.182603099356892973e-54,2.715801350538701951e-12,8.036681692215652736e-43
5.517026054700773230e-01,2.180649522540942054e-54,2.715804768105969540e-12,8.029478216365861598e-43
5.520292827263330038e-01,2.178931932758063334e-54,2.715809312657088710e-12,8.023140367783198906e-43
5.523560040430777196e-01,2.177430333951640770e-54,2.715815337184261129e-12,8.017593479714220504e-43
5.526827695636660209e-01,2.176106037716513520e-54,2.715822986903419956e-12,8.012694671966484402e-43
5.530095794299346723e-01,2.174924779339880601e-54,2.715832164560379059e-12,8.008318068108390703e-43
5.533364337822349599e-01,2.173855065274789064e-54,2.715842467344434628e-12,8.004348895097720167e-43
5.536633327594643328e-01,2.172866138561367337e-54,2.715853405508911735e-12,8.000675346297652884e-43
5.539902764990995987e-01,2.171926334446260116e-54,2.715864203470452519e-12,7.997183112730289869e-43
5.543172651372278992e-01,2.171002135305155176e-54,2.715874009023670999e-12,7.993751286296260761e-43
5.546442988085792392e-01,2.170057500451415623e-54,2.715882230756732380e-12,7.990248899145998062e-43
5.549713776465572401e-01,2.169054577891892580e-54,2.715888623249457285e-12,7.986537295099758274e-43
5.552985017832708925e-01,2.167953763580744070e-54,2.715893320513791151e-12,7.982470250969252820e-43
5.556256713495649757e-01,2.166713225814921160e-54,2.715896775293207583e-12,7.977892405653021087e-43
5.559528864750512556e-01,2.165287118888344091e-54,2.715899628705242417e-12,7.972633067889208929e-43
5.562801472881385711e-01,2.163581088820982750e-54,2.715902568329767447e-12,7.966342806441496758e-43
5.566074539160628110e-01,2.161698616219778030e-54,2.715906216755809235e-12,7.959400817609820500e-43
5.569348064849168889e-01,2.160059970939159578e-54,2.715911056753934635e-12,7.953353131972112498e-43
5.572622051196798321e-01,2.158623730191589433e-54,2.715917341023977707e-12,7.948046494587818451e-43
5.575896499442465348e-01,2.157353245954566503e-54,2.715925248143338392e-12,7.943345448956583004e-43
5.579171410814558474e-01,2.156215778852672122e-54,2.715934602421113577e-12,7.939129966275765827e-43
5.582446786531188865e-01,2.155180813891020401e-54,2.715945002977606954e-12,7.935288864569066354e-43
5.585722627800475681e-01,2.154218228949087356e-54,2.715955828820162896e-12,7.931713049563476470e-43
5.588998935820816971e-01,2.153296743609838769e-54,2.715966354959699122e-12,7.928289463813296468e-43
5.592275711781168335e-01,2.152383142027203941e-54,2.715975758738593551e-12,7.924898206848708070e-43
5.595552956861299387e-01,2.151441874380220227e-54,2.715983541330485127e-12,7.921409837875116611e-43
5.598830672232070205e-01,2.150435676835251724e-54,2.715989541252615675e-12,7.917687620562301194e-43
5.602108859055683343e-01,2.149325504019007755e-54,2.715993957724695095e-12,7.913587207755021045e-43
5.605387518485941412e-01,2.148069839695695732e-54,2.715997276461016017e-12,7.908954321539902444e-43
5.608666651668497982e-01,2.146622692427815259e-54,2.716000139051747428e-12,7.903617755989062849e-43
5.611946259741105170e-01,2.144859751497915677e-54,2.716003156374639461e-12,7.897118037082495424e-43
5.615226343833852329e-01,2.143058717225767976e-54,2.716007004792248806e-12,7.890475663149822255e-43
5.618506905069404755e-01,2.141487780200225763e-54,2.716012100271165250e-12,7.884676876021358147e-43
5.621787944563240158e-01,2.140107557406151951e-54,2.716018695653955529e-12,7.879575942649624677e-43
5.625069463423869598e-01,2.138883173295275783e-54,2.716026831011376647e-12,7.875044343721789597e-43
5.628351462753065082e-01,2.137783196636758290e-54,2.716036313098142155e-12,7.870966917221444158e-43
5.631633943646077167e-01,2.136777970070020408e-54,2.716046714495044975e-12,7.867235709409661382e-43
5.634916907191844793e-01,2.135837900803695503e-54,2.716057401807632940e-12,7.863743599020473996e-43
5.638200354473210663e-01,2.134932133958592451e-54,2.716067642386214046e-12,7.860379103382483669e-43
5.641484286567115536e-01,2.134027782356928554e-54,2.716076684476008203e-12,7.857023310697246525e-43
5.644768704544802507e-01,2.133089854840221971e-54,2.716084096401768595e-12,7.853548635206511244e-43
5.648053609472006853e-01,2.132081683996239034e-54,2.716089783604767186e-12,7.849820344180823680e-43
5.651339002409144774e-01,2.130964775342731267e-54,2.716093993383373675e-12,7.845695990396263712e-43
5.654624884411501018e-01,2.129697960498260814e-54,2.716097177894484792e-12,7.841022691791905035e-43
5.657911256529394306e-01,2.128235164000028921e-54,2.716100062845159027e-12,7.835628713069826182e-43
5.661198119808361628e-01,2.126445736743649519e-54,2.716103263329198858e-12,7.829031264949806363e-43
5.664485475289318117e-01,2.124714627197309572e-54,2.716107324680263084e-12,7.822646063691273477e-43
5.667773324008721358e-01,2.123201841899633834e-54,2.716112649199233571e-12,7.817061057926290382e-43
5.671061666998727935e-01,2.121869814822979379e-54,2.716119457858638323e-12,7.812137307450535813e-43
5.674350505287342195e-01,2.120685153286319444e-54,2.716127754336124364e-12,7.807751862557940929e-43
5.677639839898563912e-01,2.119617509821991820e-54,2.716137311547738450e-12,7.803793647730455831e-43
5.680929671852527063e-01,2.118637958533448768e-54,2.716147678074703204e-12,7.800157464321713619e-43
5.684220002165640828e-01,2.117717400567905964e-54,2.716158215118470307e-12,7.796738013199786285e-43
5.687510831850708382e-01,2.116825419514481311e-54,2.716168191789807418e-12,7.793425406839803642e-43
5.690802161917059010e-01,2.115929539118933991e-54,2.716176920468016855e-12,7.790102048118220819e-43
5.694093993370666906e-01,2.114995355722181631e-54,2.716184027642311887e-12,7.786642341601681113e-43
5.697386327214262192e-01,2.113986810599297933e-54,2.716189472140957307e-12,7.782913645317274280e-43
5.700679164447441938e-01,2.112865985399629270e-54,2.716193482322942264e-12,7.778775698970694964e-43
5.703972506066770087e-01,2.111592000337739423e-54,2.716196664421011630e-12,7.774076258899498983e-43
5.707266353065877373e-01,2.110118790652560806e-54,2.716199618455571422e-12,7.768644013919611070e-43
5.710560706435553469e-01,2.108323904785430297e-54,2.716202954410695213e-12,7.762026402930742639e-43
5.713855567163839133e-01,2.106653083514095631e-54,2.716207191413978125e-12,7.755862992238944009e-43
5.717150936236096159e-01,2.105190464530334197e-54,2.716212705624079884e-12,7.750462473617814520e-43
5.720446814635096189e-01,2.103900068791174435e-54,2.716219682369446716e-12,7.745691861550292359e-43
5.723743203341090657e-01,2.102749771299811570e-54,2.716228094501460405e-12,7.741432965649935700e-43
5.727040103331868526e-01,2.101710155073600855e-54,2.716237688634930194e-12,7.737578209253971466e-43
5.730337515582829555e-01,2.100752958032639466e-54,2.716247985660781187e-12,7.734024909075412865e-43
5.733635441067037597e-01,2.099849537774510816e-54,2.716258379215188658e-12,7.730669342219285996e-43
5.736933880755266113e-01,2.098969943664391570e-54,2.716268122007884387e-12,7.727403368828031551e-43
5.740232835616048135e-01,2.098082172894942003e-54,2.716276586905112406e-12,7.724110950297103139e-43
5.743532306615722893e-01,2.097152428242274790e-54,2.716283450359053119e-12,7.720668577372003670e-43
5.746832294718464684e-01,2.096145265183393551e-54,2.716288712896825757e-12,7.716945754812376881e-43
5.750132800886326168e-01,2.095023277632120974e-54,2.716292680278591141e-12,7.712803899384101204e-43
5.753433826079248359e-01,2.093745988284117424e-54,2.716295819014884656e-12,7.708092666591275000e-43
5.756735371255097267e-01,2.092267452253062434e-54,2.716298831638870994e-12,7.702640916686987060e-43
5.760037437369679436e-01,2.090481138632940324e-54,2.716302288132184653e-12,7.696054845465749590e-43
5.763340025376748610e-01,2.088862414256137170e-54,2.716306677441280057e-12,7.690083125016700527e-43
5.766643136228024602e-01,2.087443199499186434e-54,2.716312345804151695e-12,7.684842292616420261e-43
5.769946770873182196e-01,2.086188883921274816e-54,2.716319451080630254e-12,7.680204488066853462e-43
5.773250930259868907e-01,2.085068435833847783e-54,2.716327941127395820e-12,7.676055620031109301e-43
5.776555615333687221e-01,2.084053250731211815e-54,2.716337543034154456e-12,7.672291155698272683e-43
5.779860827038189042e-01,2.083115661358708559e-54,2.716347768590166286e-12,7.668810619340849102e-43
5.783166566314865698e-01,2.082227502732218252e-54,2.716358016934871918e-12,7.665512019221221680e-43
5.786472834103123519e-01,2.081359301679448697e-54,2.716367554183030411e-12,7.662288921373287296e-43
5.789779631340272736e-01,2.080479569798405076e-54,2.716375801490597823e-12,7.659027033949986088e-43
5.793086958961489730e-01,2.079555125527701192e-54,2.716382475419931484e-12,7.655604997989903506e-43
5.796394817899794827e-01,2.078551141408304190e-54,2.716387607652840089e-12,7.651894507074144081e-43
5.799703209086018996e-01,2.077430762208106289e-54,2.716391519074027576e-12,7.647758975908847321e-43
5.803012133448763876e-01,2.076153882458485229e-54,2.716394728266951244e-12,7.643049299330156525e-43
5.806321591446119701e-01,2.074674796194809509e-54,2.716397834624154716e-12,7.637595530928056358e-43
5.809631580228954428e-01,2.072905776348917671e-54,2.716401412954696118e-12,7.631073104523854085e-43
5.812942100714115767e-01,2.071332112647711299e-54,2.716405936968609371e-12,7.625267212304902344e-43
5.816253153815992283e-01,2.069950535394437990e-54,2.716411678250042600e-12,7.620165058073724012e-43
5.819564740446560025e-01,2.068727601518988781e-54,2.716418862929194051e-12,7.615642895691789738e-43
5.822876861515530189e-01,2.067633208292111009e-54,2.716427395195749625e-12,7.611590178883152114e-43
5.826189517930314699e-01,2.066639462704489789e-54,2.716436981285293065e-12,7.607905049675222360e-43
5.829502710595936277e-01,2.065719250207750415e-54,2.716447127227301493e-12,7.604489075096580437e-43
5.832816440414894110e-01,2.064844884901437728e-54,2.716457240445792856e-12,7.601241993275696995e-43
5.836130708287016189e-01,2.063987390286733136e-54,2.716466602935518280e-12,7.598059140709879969e-43
5.839445515109378260e-01,2.063115823591028760e-54,2.716474676207288591e-12,7.594828111821487957e-43
5.842760861776249426e-01,2.062197626012259888e-54,2.716481208838937025e-12,7.591429748537346296e-43
5.846076749179057730e-01,2.061198590844322959e-54,2.716486254908809768e-12,7.587737972609457426e-43
5.849393178206321320e-01,2.060082427339548511e-54,2.716490143544020468e-12,7.583618266517612956e-43
5.852710149743556300e-01,2.058809490967049482e-54,2.716493388255473390e-12,7.578923254030861453e-43
5.856027664673202349e-01,2.057334435940404509e-54,2.716496574320447326e-12,7.573484374649221657e-43
5.859345723874525014e-01,2.055587940152792832e-54,2.716500256369881748e-12,7.567044896582191415e-43
5.862664328223542443e-01,2.054053420613826446e-54,2.716504892839070768e-12,7.561383106757801912e-43
5.865983478592928790e-01,2.052704499527129993e-54,2.716510786974272754e-12,7.556401061869115152e-43
5.869303175851917631e-01,2.051508820188596282e-54,2.716518058489764487e-12,7.551979320649622205e-43
5.872623420866212030e-01,2.050437138899011437e-54,2.716526622508630554e-12,7.548010470096164460e-43
5.875944214497879070e-01,2.049462229676786122e-54,2.716536173216582310e-12,7.544395137761296380e-43
5.879265557605262149e-01,2.048557477281744287e-54,2.716546249475885386e-12,7.541036629422308733e-43
5.882587451042867732e-01,2.047695678674353001e-54,2.716556246692350446e-12,7.537836483848272953e-43
5.885909895661270985e-01,2.046848362878974429e-54,2.716565468323781472e-12,7.534691825932520052e-43
5.889232892307002531e-01,2.045985146471455999e-54,2.716573409964361395e-12,7.531492206199195343e-43
5.892556441822448532e-01,2.045074088951253162e-54,2.716579845372844586e-12,7.528120671419364935e-43
5.895880545045736332e-01,2.044081600720654927e-54,2.716584843975995085e-12,7.524453378488765026e-43
5.899205202810623438e-01,2.042971965279084794e-54,2.716588737922405270e-12,7.520357928162179492e-43
5.902530415946388720e-01,2.041706046327407167e-54,2.716592033175883262e-12,7.515688853510007305e-43
5.905856185277714721e-01,2.040232694326465459e-54,2.716595300985347471e-12,7.510256288768680975e-43
5.909182511624573308e-01,2.038517446429399092e-54,2.716599079508251698e-12,7.503931889715590835e-43
5.912509395802109102e-01,2.037016985346615655e-54,2.716603810437662367e-12,7.498395524294134240e-43
5.915836838620521787e-01,2.035696567363916856e-54,2.716609781758294154e-12,7.493518506166668102e-43
5.919164840884943990e-01,2.034524769016154219e-54,2.716617100113845308e-12,7.489184872357953949e-43
5.922493403395321376e-01,2.033473091220011030e-54,2.716625671084095309e-12,7.485289978904360127e-43
5.925822526946294966e-01,2.032514898852652694e-54,2.716635185064770253e-12,7.481736635183105944e-43
5.929152212327072347e-01,2.031624077886111518e-54,2.716645184457355249e-12,7.478429974991100727e-43
5.932482460321309992e-01,2.030773904467490218e-54,2.716655077632756595e-12,7.475273254921524006e-43
5.935813271706982253e-01,2.029936421904724369e-54,2.716664186134700283e-12,7.472165430917467417e-43
5.939144647256263676e-01,2.029081842571986544e-54,2.716671977072500524e-12,7.468998317413850554e-43
5.942476587735392446e-01,2.028178807667804035e-54,2.716678388561225440e-12,7.465656649707232152e-43
5.945809093904558251e-01,2.027194376947652538e-54,2.716683328662122435e-12,7.462019424788752548e-43
5.949142166517762398e-01,2.026093391107934226e-54,2.716687291317204527e-12,7.457955862581330607e-43
5.952475806322693463e-01,2.024837307543631501e-54,2.716690607475674424e-12,7.453323179208444564e-43
5.955810014060605173e-01,2.023365868295122971e-54,2.716693998893841513e-12,7.447897588462220658e-43
5.959144790466180952e-01,2.021686097329105781e-54,2.716697879751539010e-12,7.441703814021466753e-43
5.962480136267407360e-01,2.020215312278833339e-54,2.716702695965393715e-12,7.436276760350251806e-43
5.965816052185446416e-01,2.018919776022917191e-54,2.716708729407616257e-12,7.431491474108623030e-43
5.969152538934505703e-01,2.017768900886802451e-54,2.716716079050121359e-12,7.427235096250101013e-43
5.972489597221708468e-01,2.016734855803981246e-54,2.716724645292889565e-12,7.423405457370367426e-43
5.975827227746965953e-01,2.015791548745782347e-54,2.716734118480584317e-12,7.419907362422255620e-43
5.979165431202847492e-01,2.014913345918514936e-54,2.716744047224765332e-12,7.416647688901015559e-43
5.982504208274451729e-01,2.014074000144185251e-54,2.716753853621901503e-12,7.413531400568649540e-43
5.985843559639276723e-01,2.013246071073915784e-54,2.716762877525028870e-12,7.410459292302989564e-43
5.989183485967091158e-01,2.012400319902866390e-54,2.716770661124236197e-12,7.407324985871674727e-43
5.992523987919811113e-01,2.011506033991551473e-54,2.716777010043436304e-12,7.404015959187578701e-43
5.995865066151364609e-01,2.010530856046754389e-54,2.716782007307077660e-12,7.400412880530035363e-43
5.999206721307569490e-01,2.009440257318544650e-54,2.716785979178396112e-12,7.396387763773113218e-43
5.999999999999999778e-01,2.009171658810365913e-54,2.716784344146912948e-12,7.395403551772373768e-43
6.003342369434384596e-01,2.007885950922542072e-54,2.716788819999339289e-12,7.390658913720906001e-43
6.006685317207663966e-01,2.006337898291358897e-54,2.716792604688931529e-12,7.384950528901639936e-43
6.010028843938607368e-01,2.004737549480338884e-54,2.716796939842159627e-12,7.379048172797228690e-43
6.013372950237342307e-01,2.003333675083336791e-54,2.716802175209094880e-12,7.373866575063210703e-43
6.016717636705255501e-01,2.002094122495450645e-54,2.716808613683932967e-12,7.369286568112925231e-43
6.020062903934869647e-01,2.000989710817093537e-54,2.716816320909224353e-12,7.365200567359045459e-43
6.023408752509701314e-01,1.999993596040388513e-54,2.716825143858676174e-12,7.361510182432352376e-43
6.026755183004119942e-01,1.999080275674985162e-54,2.716834763941968637e-12,7.358122408498764853e-43
6.030102195983230162e-01,1.998224450211581292e-54,2.716844685315967567e-12,7.354945466745328140e-43
6.033449792002757439e-01,1.997400037108008469e-54,2.716854337825168172e-12,7.351884896070356192e-43
6.036797971608932611e-01,1.996579731190196129e-54,2.716863078709300368e-12,7.348841930373284636e-43
6.040146735338373096e-01,1.995734468513538820e-54,2.716870535113968666e-12,7.345710598719495665e-43
6.043496083717969647e-01,1.994833778304689474e-54,2.716876585163601380e-12,7.342379073080226770e-43
6.046846017264769779e-01,1.993845463680268956e-54,2.716881373215822327e-12,7.338728452910934839e-43
6.050196536485872301e-01,1.992734939762769995e-54,2.716885263291435181e-12,7.334630456012057847e-43
6.053547641878315178e-01,1.991463767843388497e-54,2.716888751596107024e-12,7.329942260880027354e-43
6.056899333928958962e-01,1.989931174297566176e-54,2.716892367307141044e-12,7.324291526019835547e-43
6.060251613114387981e-01,1.988359301168635145e-54,2.716896596244723936e-12,7.318494579134634485e-43
6.063604479900795985e-01,1.986979254581814235e-54,2.716901811624146696e-12,7.313401044088562713e-43
6.066957934743884007e-01,1.985759650459964952e-54,2.716908235486033489e-12,7.308894811107701598e-43
6.070311978088757110e-01,1.984671956685061028e-54,2.716915911759926759e-12,7.304870747359484528e-43
6.073666610369817809e-01,1.983689932222024691e-54,2.716924739307323407e-12,7.301232542524398615e-43
6.077021832010671698e-01,1.982788681263118543e-54,2.716934251555393029e-12,7.297889818747029817e-43
6.080377643424020873e-01,1.981943397289192888e-54,2.716944139912194273e-12,7.294752100988152884e-43
6.083734045011575109e-01,1.981128532249419113e-54,2.716953737699704529e-12,7.291727145588912361e-43
6.087091037163941953e-01,1.980317346393573882e-54,2.716962437071176282e-12,7.288718163245242176e-43
6.090448620260547896e-01,1.979481368459135156e-54,2.716969881842760551e-12,7.285621315450760395e-43
6.093806794669539562e-01,1.978590732207960489e-54,2.716975955372599961e-12,7.282326986720133864e-43
6.097165560747691559e-01,1.977613846955881463e-54,2.716980798176846329e-12,7.278718525662396256e-43
6.100524918840315447e-01,1.976516740786290763e-54,2.716984764246069143e-12,7.274669945875646234e-43
6.103884869281179792e-01,1.975261637067636110e-54,2.716988337118645471e-12,7.270040912882211718e-43
6.107245412392418027e-01,1.973749416647466167e-54,2.716992033779710446e-12,7.264465232537721652e-43
6.110606548484442957e-01,1.972201084938240534e-54,2.716996329814555615e-12,7.258755057180552300e-43
6.113968277855869049e-01,1.970840798602381241e-54,2.717001591151492224e-12,7.253734429235719633e-43
6.117330600793432493e-01,1.969637907721634138e-54,2.717008035530049206e-12,7.249289961475532628e-43
6.120693517571900166e-01,1.968564475689099776e-54,2.717015705852583148e-12,7.245318720273558641e-43
6.124057028454000795e-01,1.967594782431849288e-54,2.717024446709264904e-12,7.241726458570917790e-43
6.127421133690343913e-01,1.966704324537899611e-54,2.717033950004843978e-12,7.238423813343935034e-43
6.130785833519339922e-01,1.965868760231605496e-54,2.717043741900916342e-12,7.235322456959162218e-43
6.134151128167130151e-01,1.965063000071716103e-54,2.717053281922006796e-12,7.232331486269777104e-43
6.137517017847502476e-01,1.964260813231425954e-54,2.717061959065762240e-12,7.229355983868765050e-43
6.140883502761822488e-01,1.963434290300223090e-54,2.717069417253655436e-12,7.226294175011592519e-43
6.144250583098954666e-01,1.962554149358069984e-54,2.717075538968291045e-12,7.223038598710720102e-43
6.147618259035184662e-01,1.961589398007371576e-54,2.717080457931781001e-12,7.219474831085852706e-43
6.150986530734151581e-01,1.960506682844267834e-54,2.717084516742903550e-12,7.215479204873682518e-43
6.154355398346761374e-01,1.959268912248219119e-54,2.717088185985810195e-12,7.210913956910677390e-43
6.157724862011118017e-01,1.957779355205665007e-54,2.717091970919667496e-12,7.205421738238053588e-43
6.161094921852444672e-01,1.956252077188044770e-54,2.717096337897311762e-12,7.199789164273564227e-43
6.164465577982999323e-01,1.954909488334054656e-54,2.717101646903646829e-12,7.194833842752366376e-43
6.167836830502004819e-01,1.953721613458678454e-54,2.717108112959995262e-12,7.190444885648330707e-43
6.171208679495567839e-01,1.952661062785201766e-54,2.717115779641881954e-12,7.186521374670917362e-43
6.174581125036590068e-01,1.951702545179764658e-54,2.717124554954444969e-12,7.182970473771625671e-43
6.177954167184701584e-01,1.950822019036241868e-54,2.717133983430093707e-12,7.179704905731354412e-43
6.181327805986166490e-01,1.949995533301261974e-54,2.717143784413204733e-12,7.176637263317971765e-43
6.184702041473818523e-01,1.949198487406157749e-54,2.717153258028587810e-12,7.173678855422330730e-43
6.188076873666963351e-01,1.948405119728386417e-54,2.717161985712874713e-12,7.170735973686171957e-43
6.191452302571315292e-01,1.947588075047899391e-54,2.717169498510416078e-12,7.167709177199250020e-43
6.194828328178912935e-01,1.946718641478811707e-54,2.717175697173466778e-12,7.164493056168135907e-43
6.198204950468046981e-01,1.945766411728238199e-54,2.717180714040356054e-12,7.160975350936261921e-43
6.201582169403184741e-01,1.944698643689736620e-54,2.717184881816260999e-12,7.157034682122301521e-43
6.204959984934904638e-01,1.943478934436401835e-54,2.717188658929982677e-12,7.152535868458009302e-43
6.208338396999837361e-01,1.942013471756651324e-54,2.717192539777546807e-12,7.147132355646911688e-43
6.211717405520595925e-01,1.940505271010668465e-54,2.717196982588942725e-12,7.141570093905215672e-43
6.215097010405730149e-01,1.939178751237324522e-54,2.717202342590937111e-12,7.136674074070822021e-43
6.218477211549675587e-01,1.938004559405294287e-54,2.717208833362235403e-12,7.132335710123667922e-43
6.221858008832713560e-01,1.936955821627814264e-54,2.717216489900901421e-12,7.128456009401210252e-43
6.225239402120936738e-01,1.936007678300063454e-54,2.717225194608457548e-12,7.124943792444981186e-43
6.228621391266222496e-01,1.935136443250045400e-54,2.717234635084047744e-12,7.121712708443336340e-43
6.232003976106212928e-01,1.934318602315556000e-54,2.717244365045693910e-12,7.118677389484725213e-43
6.235387156464308189e-01,1.933529968796080010e-54,2.717253871797975946e-12,7.115750165503252161e-43
6.238770932149656501e-01,1.932745300025719252e-54,2.717262577534795576e-12,7.112839649744779345e-43
6.242155302957161922e-01,1.931937772147196491e-54,2.717270130583604303e-12,7.109848043456256572e-43
6.245540268667494344e-01,1.931079222317246936e-54,2.717276409888171418e-12,7.106672016472258377e-43
6.248925829047105029e-01,1.930139817188911995e-54,2.717281532791246078e-12,7.103201467704502424e-43
6.252311983848253263e-01,1.929087423613763933e-54,2.717285817627840880e-12,7.099317308099134315e-43
6.255698732809035212e-01,1.927886341852409606e-54,2.717289708904893588e-12,7.094886995429630977e-43
6.259086075653416126e-01,1.926446138969281593e-54,2.717293690818502543e-12,7.089576461604332618e-43
6.262474012091269193e-01,1.924955501565075612e-54,2.717298213317226093e-12,7.084078928588138129e-43
6.265862541818417730e-01,1.923643779232916319e-54,2.717303627589352608e-12,7.079237519509260436e-43
6.269251664516674039e-01,1.922482212085758270e-54,2.717310146649279096e-12,7.074945841042013881e-43
6.272641379853889365e-01,1.921444404765475227e-54,2.717317808453101578e-12,7.071106658147225182e-43
6.276031687483993871e-01,1.920505904298965608e-54,2.717326501541313841e-12,7.067630272658151099e-43
6.279422587047039928e-01,1.919643403776595913e-54,2.717335923364936440e-12,7.064431700440847667e-43
6.282814078169249861e-01,1.918833781655715386e-54,2.717345639926869798e-12,7.061426980291530518e-43
6.286206160463051473e-01,1.918053283615788874e-54,2.717355151241306963e-12,7.058529992811608020e-43
6.289598833527116906e-01,1.917277139560191557e-54,2.717363895325132096e-12,7.055651040549317378e-43
6.292992096946402603e-01,1.916479069992514189e-54,2.717371460322268715e-12,7.052694480589076148e-43
6.296385950292169298e-01,1.915631414845757818e-54,2.717377879231776309e-12,7.049558434571939650e-43
6.299780393122020872e-01,1.914704929387603956e-54,2.717383077087515925e-12,7.046135473250167094e-43
6.303175424979921004e-01,1.913668047203596453e-54,2.717387534152512938e-12,7.042308184432085661e-43
6.306571045396212050e-01,1.912485786263417104e-54,2.717391505040905754e-12,7.037947173661411306e-43
6.309967253887632799e-01,1.911071524674489690e-54,2.717395579965426260e-12,7.032732145309533965e-43
6.313364049957329582e-01,1.909597276277356766e-54,2.717400182791859428e-12,7.027295016648724938e-43
6.316761433094857381e-01,1.908299377577376069e-54,2.717405654872081431e-12,7.022504623687503855e-43
6.320159402776193147e-01,1.907149628855827928e-54,2.717412207245145625e-12,7.018256647890956185e-43
6.323557958463732476e-01,1.906122089061372019e-54,2.717419880799616796e-12,7.014455522789817422e-43
6.326957099606286272e-01,1.905192694110277817e-54,2.717428570456023910e-12,7.011012965800086901e-43
6.330356825639084084e-01,1.904338502733536267e-54,2.717437983663840282e-12,7.007845309374728658e-43
6.333757135983762998e-01,1.903536773903122628e-54,2.717447698564486393e-12,7.004869955394840599e-43
6.337158030048368751e-01,1.902764172939060596e-54,2.717457227388503838e-12,7.002002290088042584e-43
6.340559507227345737e-01,1.901996386999817819e-54,2.717466023600708741e-12,6.999154250619208211e-43
6.343961566901537008e-01,1.901207618162661770e-54,2.717473733328169781e-12,6.996231812088932431e-43
6.347364208438180944e-01,1.900370757606190892e-54,2.717480227772964249e-12,6.993135545878790669e-43
6.350767431190904588e-01,1.899457075104640193e-54,2.717485605234108767e-12,6.989759472676226980e-43
6.354171234499730314e-01,1.898435615204100627e-54,2.717490158817123380e-12,6.985988924539314077e-43
6.357575617691076930e-01,1.897272029503947440e-54,2.717494307814806632e-12,6.981696425445626825e-43
6.360980580077763014e-01,1.895883801962051551e-54,2.717498515883516089e-12,6.976577138426365145e-43
6.364386120959022453e-01,1.894424985874561176e-54,2.717503219213049207e-12,6.971196841574156402e-43
6.367792239620511108e-01,1.893140133534309400e-54,2.717508762671782443e-12,6.966454568753714970e-43
6.371198935334327906e-01,1.892001578329542114e-54,2.717515359836620261e-12,6.962247964785344146e-43
6.374606207359034826e-01,1.890983806380242285e-54,2.717523056232175493e-12,6.958483027562889017e-43
6.378014054939681321e-01,1.890063118208518199e-54,2.717531753785523647e-12,6.955072799335863741e-43
6.381422477307834296e-01,1.889216916726185277e-54,2.717541170021827975e-12,6.951934850396436266e-43
6.384831473681613634e-01,1.888422821051151291e-54,2.717550894936627119e-12,6.948987872019924345e-43
6.388241043265724395e-01,1.887657895245685696e-54,2.717560452477751510e-12,6.946148680978201148e-43
6.391651185251505662e-01,1.886898261035656520e-54,2.717569311171211599e-12,6.943330767237894314e-43
6.395061898816970514e-01,1.886118603456561012e-54,2.717577115023983884e-12,6.940441884902740808e-43
6.398473183126857089e-01,1.885292309270360451e-54,2.717583731035610528e-12,6.937384440964097563e-43
6.401885037332680772e-01,1.884391169971453857e-54,2.717589248113049063e-12,6.934054406050788588e-43
6.405297460572796364e-01,1.883384789760371496e-54,2.717593947192494670e-12,6.930339213133985655e-43
6.408710451972443600e-01,1.882239474086007454e-54,2.717598234165596423e-12,6.926113839869802590e-43
6.412124010643827088e-01,1.880876918636960411e-54,2.717602566264057021e-12,6.921088984776165656e-43
6.415538135686165155e-01,1.879433125327520437e-54,2.717607371047064874e-12,6.915764011205912387e-43
6.418952826185765348e-01,1.878160987586867762e-54,2.717612990726131896e-12,6.911068625282928875e-43
6.422368081216091040e-01,1.877033382852061046e-54,2.717619579865412995e-12,6.906902631843044936e-43
6.425783899837833602e-01,1.876025190882415316e-54,2.717627285416559080e-12,6.903173223751532156e-43
6.429200281098982339e-01,1.875113053936730338e-54,2.717635990995328243e-12,6.899794748633625116e-43
6.432617224034899994e-01,1.874274700382703154e-54,2.717645415591902997e-12,6.896685968042251939e-43
6.436034727668390465e-01,1.873488102432454731e-54,2.717655157784066813e-12,6.893766845533365881e-43
6.439452791009789845e-01,1.872730711965096452e-54,2.717664751799912973e-12,6.890955592387856213e-43
6.442871413057024155e-01,1.871979071457351866e-54,2.717673680479575746e-12,6.888167203087502332e-43
6.446290592795697050e-01,1.871208333678559454e-54,2.717681585355005859e-12,6.885311155516133693e-43
6.449710329199164205e-01,1.870392363674420313e-54,2.717688329247847244e-12,6.882291628312190358e-43
6.453130621228606589e-01,1.869503456481793784e-54,2.717693991965652661e-12,6.879006473902604435e-43
6.456551467833112623e-01,1.868511756080041002e-54,2.717698842684825591e-12,6.875345151319749366e-43
6.459972867949749231e-01,1.867384186663839136e-54,2.717703275671467794e-12,6.871184957461779127e-43
6.463394820503645111e-01,1.866046688007231071e-54,2.717707738620335406e-12,6.866252251813300798e-43
6.466817324408059564e-01,1.864617664445697494e-54,2.717712652904286519e-12,6.860981651069960773e-43
6.470240378564464656e-01,1.863358040115246596e-54,2.717718357957654513e-12,6.856332388745191837e-43
6.473663981862616268e-01,1.862241159128976424e-54,2.717725068593031728e-12,6.852205841752271490e-43
6.477088133180632923e-01,1.861242324831660398e-54,2.717732837955014763e-12,6.848511004606952978e-43
6.480512831385067951e-01,1.860338539613232219e-54,2.717741580845544217e-12,6.845163472218147339e-43
6.483938075330987205e-01,1.859507860706942941e-54,2.717751033783663704e-12,6.842083169473138713e-43
6.487363863862039004e-01,1.858728594195972858e-54,2.717760808796039493e-12,6.839191249576464974e-43
6.490790195810532959e-01,1.857978556252747779e-54,2.717770451611388119e-12,6.836407229135695668e-43
6.494217069997504366e-01,1.857234682561310044e-54,2.717779459551182552e-12,6.833647505997473683e-43
6.497644485232801914e-01,1.856472565875596440e-54,2.717787472178644885e-12,6.830823178338527769e-43
6.501072440315146528e-01,1.855666521700265518e-54,2.717794348835189102e-12,6.827840092079003970e-43
6.504500934032210191e-01,1.854789345551791554e-54,2.717800101755932833e-12,6.824598116518716768e-43
6.507929965160694774e-01,1.853811688401193180e-54,2.717805086313779481e-12,6.820988369388770151e-43
6.511359532466391986e-01,1.852701056604847534e-54,2.717809661440848858e-12,6.816890391149160595e-43
6.514789634704265531e-01,1.851387369758717903e-54,2.717814257363813176e-12,6.812045248281611313e-43
6.518220270618518830e-01,1.849973225736366719e-54,2.717819286578478204e-12,6.806829412360739762e-43
6.521651438942672740e-01,1.848726224695616768e-54,2.717825084710872115e-12,6.802226659455121098e-43
6.525083138399634386e-01,1.847620206891077531e-54,2.717831856488115332e-12,6.798140225195924747e-43
6.528515367701770433e-01,1.846630850128513912e-54,2.717839684065630390e-12,6.794480413819439255e-43
6.531948125550983697e-01,1.845735502098473144e-54,2.717848467879855171e-12,6.791164128213146201e-43
6.535381410638785304e-01,1.844912539016409827e-54,2.717857955633457340e-12,6.788112436826786988e-43
6.538815221646369080e-01,1.844140592118738701e-54,2.717867770213118253e-12,6.785247657483103586e-43
6.542249557244683711e-01,1.843397830035037400e-54,2.717877467626587430e-12,6.782490572118404795e-43
6.545684416094514901e-01,1.842661566261712118e-54,2.717886558906573412e-12,6.779758927845130367e-43
6.549119796846555319e-01,1.841907815567111597e-54,2.717894681990462277e-12,6.776965376076243864e-43
6.552555698141477869e-01,1.841111324120865055e-54,2.717901693305589874e-12,6.774017355578643938e-43
6.555992118610025621e-01,1.840245316625128068e-54,2.717907657142464204e-12,6.770816189391486041e-43
6.559429056873073982e-01,1.839280931900641180e-54,2.717912821903249138e-12,6.767255068220561928e-43
6.562866511541725068e-01,1.838186226838723715e-54,2.717917560783977066e-12,6.763215534427406353e-43
6.566304481217370981e-01,1.836894622932291640e-54,2.717922303725231627e-12,6.758451558437163324e-43
6.569742964491784853e-01,1.835495528225795753e-54,2.717927460075556304e-12,6.753291083694965356e-43
6.573181959947196340e-01,1.834261335052722236e-54,2.717933363501074166e-12,6.748735490298922773e-43
6.576621466156377105e-01,1.833166378001552978e-54,2.717940160012327536e-12,6.744689986085780419e-43
6.580061481682720759e-01,1.832186696535304334e-54,2.717948030402946878e-12,6.741065966090879275e-43
6.583502005080323904e-01,1.831299948783437452e-54,2.717956856278086846e-12,6.737781523475620313e-43
6.586943034894076066e-01,1.830484808300973598e-54,2.717966384584091319e-12,6.734758820724260305e-43
6.590384569659737402e-01,1.829720214170066727e-54,2.717976244658084924e-12,6.731921288003167203e-43
6.593826607904034187e-01,1.828984669517876389e-54,2.717986000965549114e-12,6.729190911462163249e-43
6.597269148144734308e-01,1.828255845572272953e-54,2.717995177193772217e-12,6.726486716800867969e-43
6.600712188890743848e-01,1.827510156704032636e-54,2.718003410309140942e-12,6.723722824527930918e-43
6.604155728642192580e-01,1.826722756401310252e-54,2.718010554689671364e-12,6.720808178060501478e-43
6.607599765890520560e-01,1.825867297333195768e-54,2.718016668421976903e-12,6.717645695650776422e-43
6.611044299118570278e-01,1.824915372705436427e-54,2.718021991058632475e-12,6.714130270868988868e-43
6.614489326800678803e-01,1.823835549915423342e-54,2.718026886423169273e-12,6.710145359582990870e-43
6.617934847402771048e-01,1.822564050571234491e-54,2.718031776166933433e-12,6.705455273011855914e-43
6.621380859382450801e-01,1.821180556957566664e-54,2.718037063764443227e-12,6.700352181494012013e-43
6.624827361189089547e-01,1.819959650211082360e-54,2.718043079554064830e-12,6.695845492300562554e-43
6.628274351263929720e-01,1.818876095149047720e-54,2.718050027945681976e-12,6.691841858862932461e-43
6.631721828040175737e-01,1.817906330789022174e-54,2.718057995193091789e-12,6.688254386050646140e-43
6.635169789943088370e-01,1.817028354136390509e-54,2.718066891277368098e-12,6.685002344745348179e-43
6.638618235390085776e-01,1.816221140691464835e-54,2.718076477916556900e-12,6.682008970121485639e-43
6.642067162790836754e-01,1.815463946799861709e-54,2.718086336665615978e-12,6.679198972858835183e-43
6.645516570547366220e-01,1.814735575777288899e-54,2.718096137050781647e-12,6.676495179991437202e-43
6.648966457054145129e-01,1.814014022575713507e-54,2.718105391654648902e-12,6.673817829673745605e-43
6.652416820698195954e-01,1.813276070955152081e-54,2.718113729658245149e-12,6.671082417081714823e-43
6.655867659859198149e-01,1.812497255076278821e-54,2.718121001960571841e-12,6.668199295649202283e-43
6.659318972909576972e-01,1.811651627541349783e-54,2.718127260970703279e-12,6.665072874087466025e-43
6.662770758214617839e-01,1.810711203536104468e-54,2.718132738399440388e-12,6.661599626669936801e-43
6.666223014132564018e-01,1.809645018770037275e-54,2.718137789537840120e-12,6.657664764955597634e-43
6.669675739014720994e-01,1.808391149658981026e-54,2.718142828222792988e-12,6.653039460922529180e-43
6.673128931205560832e-01,1.807023966493561757e-54,2.718148252035106528e-12,6.647996352445543515e-43
6.676582589042823201e-01,1.805816973951214013e-54,2.718154387584429163e-12,6.643540860664682304e-43
6.680036710857630844e-01,1.804745387622926942e-54,2.718161437910192144e-12,6.639581308351103478e-43
6.683491294974585051e-01,1.803786023609231044e-54,2.718169489901424090e-12,6.636032191188513373e-43
6.686946339711877796e-01,1.802917200195755637e-54,2.718178456685894449e-12,6.632813955835482955e-43
6.690401843381400537e-01,1.802118184041852445e-54,2.718188105300619274e-12,6.629850894158579253e-43
6.693857804288847468e-01,1.801368495221347461e-54,2.718198083155899430e-12,6.627068521547595258e-43
6.697314220733827650e-01,1.800647248264713826e-54,2.718207972334402023e-12,6.624391020081935221e-43
6.700771091009974922e-01,1.799932759611792076e-54,2.718217320558549196e-12,6.621739718890229302e-43
6.704228413405052267e-01,1.799202182033774486e-54,2.718225708448499823e-12,6.619031585352480799e-43
6.707686186201067269e-01,1.798431395249399284e-54,2.718233084690357442e-12,6.616178006877082459e-43
6.711144407674380918e-01,1.797594815002943986e-54,2.718239476070303088e-12,6.613084795610745716e-43
6.714603076095819745e-01,1.796664847500221625e-54,2.718245100288710321e-12,6.609649907248592734e-43
6.718062189730785727e-01,1.795610937637473560e-54,2.718250303410697730e-12,6.605760092749547358e-43
6.721521746839369538e-01,1.794371909348807666e-54,2.718255490897986862e-12,6.601189311884842675e-43
6.724981745676461564e-01,1.793021914296856398e-54,2.718261054121515827e-12,6.596209409608463628e-43
6.728442184491869593e-01,1.791829610102037267e-54,2.718267315391364546e-12,6.591807950440875667e-43
6.731903061530426502e-01,1.790770654061894086e-54,2.718274475497367432e-12,6.587894895103386080e-43
6.735364375032106832e-01,1.789822236474855426e-54,2.718282620855724870e-12,6.584386122114900619e-43
6.738826123232142251e-01,1.788962994430521286e-54,2.718291666461003510e-12,6.581203247992908355e-43
6.742288304361133688e-01,1.788172479818451965e-54,2.718301383363279685e-12,6.578271602856616583e-43
6.745750916645169015e-01,1.787430486852418176e-54,2.718311424983806133e-12,6.575517692433148655e-43
6.749213958305935179e-01,1.786716411959756295e-54,2.718321380673459417e-12,6.572866713490295036e-43
6.752677427560838108e-01,1.786008865239613671e-54,2.718330808699115440e-12,6.570241044703187238e-43
6.756141322623114842e-01,1.785285301605106264e-54,2.718339350871009407e-12,6.567558612698836786e-43
6.759605641701953438e-01,1.784521936981038622e-54,2.718346863055440301e-12,6.564732268843807310e-43
6.763070383002607322e-01,1.783693552410037596e-54,2.718353336169196380e-12,6.561669260125264438e-43
6.766535544726514084e-01,1.782772899991865958e-54,2.718359085420593571e-12,6.558268587669054832e-43
6.770001125071410941e-01,1.781729796280555012e-54,2.718364430422493518e-12,6.554418444931002456e-43
6.773467122231454640e-01,1.780502604568077112e-54,2.718369763064885318e-12,6.549891147113888236e-43
6.776933534397338033e-01,1.779170814377913097e-54,2.718375466512114132e-12,6.544978191186837254e-43
6.780400359756406647e-01,1.777994094306608737e-54,2.718381857587036926e-12,6.540634051629669442e-43
6.783867596492781926e-01,1.776948533857929011e-54,2.718389133661608518e-12,6.536770294782703035e-43
6.787335242787476686e-01,1.776011694833945071e-54,2.718397379375448497e-12,6.533304175131244221e-43
6.790803296818512802e-01,1.775162531063027100e-54,2.718406510158850192e-12,6.530158474934256157e-43
6.794271756761040004e-01,1.774380874087679886e-54,2.718416299656497829e-12,6.527259545610776100e-43
6.797740620787461330e-01,1.773646781171359943e-54,2.718426406095725065e-12,6.524534845578982460e-43
6.801209887067545257e-01,1.772939913686292392e-54,2.718436425363857922e-12,6.521910526007565601e-43
6.804679553768548939e-01,1.772239155060106566e-54,2.718445925313492631e-12,6.519309943072459738e-43
6.808149619055339219e-01,1.771522256594296845e-54,2.718454552442076876e-12,6.516652099270448735e-43
6.811620081090506984e-01,1.770765737525949745e-54,2.718462165982758895e-12,6.513850954720920918e-43
6.815090938034492618e-01,1.769944665948974277e-54,2.718468814816349617e-12,6.510814677373982088e-43
6.818562188045704797e-01,1.769032109834175189e-54,2.718474717589444522e-12,6.507443671953037369e-43
6.822033829280638173e-01,1.767998240250464084e-54,2.718480155102972549e-12,6.503627539570891205e-43
6.825505859893999938e-01,1.766779784742166165e-54,2.718485614180989285e-12,6.499132368130821052e-43
6.828978278038820848e-01,1.765467329991065925e-54,2.718491452082717685e-12,6.494290532488113764e-43
6.832451081866586229e-01,1.764307191189929110e-54,2.718497973373056723e-12,6.490007380806736118e-43
6.835924269527345887e-01,1.763275878373167026e-54,2.718505368948285702e-12,6.486196049174365143e-43
6.839397839169842896e-01,1.762351321459724487e-54,2.718513719656845033e-12,6.482775160252581210e-43
6.842871788941633504e-01,1.761512788981984673e-54,2.718522939616056942e-12,6.479668658712025284e-43
6.846346116989200370e-01,1.760740386846822031e-54,2.718532803489231324e-12,6.476803901674150502e-43
6.849820821458079134e-01,1.760014424617996578e-54,2.718542973042794893e-12,6.474109263934342062e-43
6.853295900492981652e-01,1.759314812019453405e-54,2.718553049980628814e-12,6.471511792024766487e-43
6.856771352237905903e-01,1.758620686008099228e-54,2.718562610751914903e-12,6.468935749549245116e-43
6.860247174836270334e-01,1.757910068253867404e-54,2.718571308446555038e-12,6.466301114824799912e-43
6.863723366431022654e-01,1.757159755345692203e-54,2.718579007330248954e-12,6.463522857374271957e-43
6.867199925164763075e-01,1.756345093642532885e-54,2.718585758409350753e-12,6.460510168603889928e-43
6.870676849179867540e-01,1.755439426083158339e-54,2.718591779303698998e-12,6.457164475546127772e-43
6.874154136618606525e-01,1.754413173028082837e-54,2.718597404339402278e-12,6.453376179303721858e-43
6.877631785623262717e-01,1.753200451660979546e-54,2.718602965712673212e-12,6.448902152217668906e-43
6.881109794336252028e-01,1.751908534179091744e-54,2.718608929308722065e-12,6.444135878802401092e-43
6.884588160900241283e-01,1.750766029633170436e-54,2.718615579305902262e-12,6.439917592468750667e-43
6.888066883458274781e-01,1.749749861713141134e-54,2.718623096170816310e-12,6.436161982798077904e-43
6.891545960153883099e-01,1.748838326697374362e-54,2.718631554638664272e-12,6.432789039446774112e-43
6.895025389131207438e-01,1.748011005991658593e-54,2.718640865655784821e-12,6.429723867076525798e-43
6.898505168535116194e-01,1.747248274315053303e-54,2.718650803291621046e-12,6.426894811939668747e-43
6.901985296511330414e-01,1.746530682472570557e-54,2.718661031599535143e-12,6.424231127648128424e-43
6.905465771206531489e-01,1.745838371827075750e-54,2.718671157443707480e-12,6.421660696428765518e-43
6.908946590768482166e-01,1.745150713253625424e-54,2.718680764905321182e-12,6.419108619817673574e-43
6.912427753346152004e-01,1.744445972948650899e-54,2.718689515752309502e-12,6.416495752240880245e-43
6.915909257089821738e-01,1.743701199016339071e-54,2.718697281050259675e-12,6.413737973588328484e-43
6.919391100151209839e-01,1.742891984827945271e-54,2.718704115858787949e-12,6.410745379246237926e-43
6.922873280683586872e-01,1.741991917173387275e-54,2.718710237433261277e-12,6.407420302422536541e-43
6.926355796841884294e-01,1.740971627137961885e-54,2.718715980470937887e-12,6.403653929442050887e-43
6.929838646782823242e-01,1.739761919993318055e-54,2.718721671048655663e-12,6.399190981996561657e-43
6.933321828665017783e-01,1.738491805267995767e-54,2.718727768212820704e-12,6.394504906281250985e-43
6.936805340649099261e-01,1.737368040032861814e-54,2.718734540442514348e-12,6.390355565019890892e-43
6.940289180897822874e-01,1.736367943355995712e-54,2.718742186192332299e-12,6.386659066734912780e-43
6.943773347576185362e-01,1.735470186379453203e-54,2.718750755788328745e-12,6.383336842057212800e-43
6.947257838851540468e-01,1.734654665718526080e-54,2.718760158406624958e-12,6.380315160772215819e-43
6.950742652893704410e-01,1.733902023125425921e-54,2.718770166909872541e-12,6.377523353127571924e-43
6.954227787875079114e-01,1.733193035732617802e-54,2.718780446989317137e-12,6.374891498325638829e-43
6.957713241970754359e-01,1.732508062767657075e-54,2.718790610149966874e-12,6.372348265069567254e-43
6.961199013358624343e-01,1.731826689730591634e-54,2.718800247264565645e-12,6.369819524155972330e-43
6.964685100219498715e-01,1.731127402172625335e-54,2.718809031044982649e-12,6.367226908567613145e-43
6.968171500737205815e-01,1.730387474212796334e-54,2.718816841212293403e-12,6.364487110655213120e-43
6.971658213098717027e-01,1.729582715052017726e-54,2.718823738870753444e-12,6.361511010531301523e-43
6.975145235494235596e-01,1.728686908365275169e-54,2.718829943817865772e-12,6.358201667949114532e-43
6.978632566117323188e-01,1.727670857828511970e-54,2.718835789472691007e-12,6.354450917992321828e-43
6.982120203164995376e-01,1.726461863945569548e-54,2.718841598185067053e-12,6.349990617688247613e-43
6.985608144837833766e-01,1.725214820436764808e-54,2.718847821726363486e-12,6.345389420660255552e-43
6.989096389340093696e-01,1.724110885223364071e-54,2.718854721457931205e-12,6.341313022782049308e-43
6.992584934879806369e-01,1.723127788418659101e-54,2.718862488005750879e-12,6.337679069905996420e-43
6.996073779668880999e-01,1.722244570136707515e-54,2.718871164477413998e-12,6.334410370885429079e-43
6.999562921923215830e-01,1.721441439037393267e-54,2.718880654186562417e-12,6.331434358425032939e-43
7.003052359862798060e-01,1.720699295696554631e-54,2.718890726597988093e-12,6.328681321626998558e-43
7.006542091711805975e-01,1.719999137392243561e-54,2.718901047518407934e-12,6.326082146174900370e-43
7.010032115698709987e-01,1.719321523024253239e-54,2.718911232687494782e-12,6.323566221486378153e-43
7.013522430056371437e-01,1.718646234978047181e-54,2.718920878969010075e-12,6.321060124521689410e-43
7.017013033022151403e-01,1.717951954815809946e-54,2.718929672391109730e-12,6.318486175867103887e-43
7.020503922837997290e-01,1.717216158494801207e-54,2.718937503183530497e-12,6.315761787404672581e-43
7.023995097750552752e-01,1.716414840722850376e-54,2.718944440523169708e-12,6.312798507911342184e-43
7.027486556011244279e-01,1.715521943263925115e-54,2.718950708340763263e-12,6.309499977330668949e-43
7.030978295876385564e-01,1.714508389884231447e-54,2.718956639829923868e-12,6.305758483855326505e-43
7.034470315607272983e-01,1.713298455679865156e-54,2.718962554022440596e-12,6.301294782987013436e-43
7.037962613470272188e-01,1.712075714849340674e-54,2.718968894969970278e-12,6.296783012180247089e-43
7.041455187736918031e-01,1.710992673726700757e-54,2.718975916019059632e-12,6.292783483833944373e-43
7.044948036684011150e-01,1.710027470728457601e-54,2.718983798642733904e-12,6.289215373707160634e-43
7.048441158593696798e-01,1.709159515227302209e-54,2.718992577157574795e-12,6.286002873218769587e-43
7.051934551753569203e-01,1.708369326730649610e-54,2.719002147403034615e-12,6.283074577055197421e-43
7.055428214456752611e-01,1.707638059344022897e-54,2.719012274037132125e-12,6.280361716825050779e-43
7.058922145001992332e-01,1.706946920205823162e-54,2.719022622043392101e-12,6.277795949056957107e-43
7.062416341693743549e-01,1.706276652861459343e-54,2.719032811158707638e-12,6.275307329352655357e-43
7.065910802842253480e-01,1.705607220092581579e-54,2.719042443650755786e-12,6.272823081799808519e-43
7.069405526763650194e-01,1.704917477703923137e-54,2.719051221344418375e-12,6.270266129304239913e-43
7.072900511780029209e-01,1.704185080332790745e-54,2.719059046896941575e-12,6.267554514042824771e-43
7.076395756219533428e-01,1.703386183952990579e-54,2.719065999193675565e-12,6.264600360778739959e-43
7.079891258416431965e-01,1.702494839640580907e-54,2.719072308323886354e-12,6.261307705678659477e-43
7.083387016711205630e-01,1.701482069381980427e-54,2.719078253350274504e-12,6.257569333598703942e-43
7.086883029450627980e-01,1.700270392089526351e-54,2.719084292681757648e-12,6.253099238834544205e-43
7.090379294987839698e-01,1.699073098554340921e-54,2.719090752810960365e-12,6.248681096053382704e-43
7.093875811682428534e-01,1.698011927580208880e-54,2.719097891826312919e-12,6.244762031865355078e-43
7.097372577900503687e-01,1.697065429745451489e-54,2.719105885624982855e-12,6.241262757428011281e-43
7.100869592014772413e-01,1.696213386373020021e-54,2.719114759843530501e-12,6.238108855952175085e-43
7.104366852404615518e-01,1.695436626836005311e-54,2.719124401895995248e-12,6.235230082352277101e-43
7.107864357456155080e-01,1.694716553020200847e-54,2.719134570581134284e-12,6.232558591824330131e-43
7.111362105562328839e-01,1.694034571466255624e-54,2.719144929399508398e-12,6.230026774778656425e-43
7.114860095122962358e-01,1.693371596608182815e-54,2.719155102101438913e-12,6.227565302543786204e-43
7.118358324544830085e-01,1.692707754437716994e-54,2.719164696008885638e-12,6.225101984157952764e-43
7.121856792241737510e-01,1.692022056143966354e-54,2.719173431261286669e-12,6.222560270306565398e-43
7.125355496634568908e-01,1.691292313113775732e-54,2.719181224858206412e-12,6.219858748848081282e-43
7.128854436151369489e-01,1.690494808865573748e-54,2.719188167354674545e-12,6.216909992331089006e-43
7.132353609227398694e-01,1.689603698914828607e-54,2.719194441813793328e-12,6.213618536921569145e-43
7.135853014305194586e-01,1.688589997020829936e-54,2.719200470340636444e-12,6.209876820186408861e-43
7.139352649834638243e-01,1.687376707830923678e-54,2.719206598314142236e-12,6.205400902149421008e-43
7.142852514273009268e-01,1.686205864801904255e-54,2.719213158482841269e-12,6.201080115921130854e-43
7.146352606085050185e-01,1.685167423422107269e-54,2.719220403303494438e-12,6.197244700631294561e-43
7.149852923743015287e-01,1.684240342851427153e-54,2.719228498477688646e-12,6.193816899882886023e-43
7.153353465726735028e-01,1.683404774332892173e-54,2.719237458352907565e-12,6.190723686752099651e-43
7.156854230523664873e-01,1.682641853563526237e-54,2.719247160132788950e-12,6.187895967063758233e-43
7.160355216628941921e-01,1.681933223546608228e-54,2.719257355547854680e-12,6.185266797624403376e-43
7.163856422545434866e-01,1.681260480117763567e-54,2.719267706061423088e-12,6.182769266777690207e-43
7.167357846783792841e-01,1.680604695256284457e-54,2.719277839637387916e-12,6.180334612223335025e-43
7.170859487862497605e-01,1.679946144759871680e-54,2.719287368546630814e-12,6.177891179106043805e-43
7.174361344307913502e-01,1.679263978321234976e-54,2.719296033718246228e-12,6.175362878844356657e-43
7.177863414654322982e-01,1.678536144057565472e-54,2.719303768331462654e-12,6.172668767665843435e-43
7.181365697443987672e-01,1.677739045922970561e-54,2.719310622764924874e-12,6.169721957755192763e-43
7.184868191227177237e-01,1.676846862883795352e-54,2.719316928188655256e-12,6.166426743059875132e-43
7.188370894562221558e-01,1.675830575460770351e-54,2.719323000361300096e-12,6.162675692582722949e-43
7.191873806015544046e-01,1.674616870381090146e-54,2.719329194443143451e-12,6.158198403500071381e-43
7.195376924161708265e-01,1.673473313880030937e-54,2.719335839643325157e-12,6.153978076130265245e-43
7.198880247583449021e-01,1.672458308978129320e-54,2.719343178569650494e-12,6.150228930861999926e-43
7.202383774871717881e-01,1.671551221665130742e-54,2.719351364176188715e-12,6.146874742578611685e-43
7.205887504625706486e-01,1.670732571188032376e-54,2.719360397754619101e-12,6.143843870667379546e-43
7.209391435452892072e-01,1.669983795496331514e-54,2.719370144934415439e-12,6.141068359550617033e-43
7.212895565969064116e-01,1.669286771721974601e-54,2.719380349495827631e-12,6.138482143667251242e-43
7.216399894798352088e-01,1.668623275354865507e-54,2.719390670620139012e-12,6.136018974332757807e-43
7.219904420573263204e-01,1.667974524507487564e-54,2.719400740956132181e-12,6.133610612759608358e-43
7.223409141934705735e-01,1.667320932009189555e-54,2.719410177895537375e-12,6.131185893036094524e-43
7.226914057532016766e-01,1.666641772812523378e-54,2.719418745554625793e-12,6.128669133935133128e-43
7.230419166022986621e-01,1.665915131386109886e-54,2.719426342198130779e-12,6.125979974289501679e-43
7.233924466073884396e-01,1.665117465851286797e-54,2.719433171175637945e-12,6.123031385733373261e-43
7.237429956359480165e-01,1.664222968542647682e-54,2.719439465480319696e-12,6.119727942716699322e-43
7.240935635563069406e-01,1.663202542523688438e-54,2.719445556283639905e-12,6.115961905104657377e-43
7.244441502376485209e-01,1.661990708141880810e-54,2.719451799255899662e-12,6.111491693276700369e-43
7.247947555500124928e-01,1.660875067015187915e-54,2.719458515953914615e-12,6.107374160229087142e-43
7.251453793642961276e-01,1.659884019896332452e-54,2.719465936959912453e-12,6.103713223015820136e-43
7.254960215522564537e-01,1.658997338847510404e-54,2.719474200821692790e-12,6.100434188146525149e-43
7.258466819865107000e-01,1.658195908644015293e-54,2.719483294406168819e-12,6.097466794721023728e-43
7.261973605405390719e-01,1.657461464507759669e-54,2.719493070722497505e-12,6.094744209322129085e-43
7.265480570886844180e-01,1.656776110351001706e-54,2.719503265042367218e-12,6.092201217949965722e-43
7.268987715061540067e-01,1.656121792312132893e-54,2.719513534339586039e-12,6.089772201535705592e-43
7.272495036690205250e-01,1.655479864789551564e-54,2.719523516677344605e-12,6.087389407142105785e-43
7.276002534542226341e-01,1.654830883134043337e-54,2.719532782761605538e-12,6.084982294104251825e-43
7.279510207395654131e-01,1.654154231844531130e-54,2.719541206469234398e-12,6.082475337787253306e-43
7.283018054037213584e-01,1.653428077825337343e-54,2.719548737673323153e-12,6.079788366800543466e-43
7.286526073262301617e-01,1.652628944124521930e-54,2.719555501548650131e-12,6.076834773857098381e-43
7.290034263874994869e-01,1.651730996390281899e-54,2.719561760646377895e-12,6.073518977549173344e-43
7.293542624688046372e-01,1.650705022385385762e-54,2.719567852555624448e-12,6.069732810064621500e-43
7.297051154522887773e-01,1.649498379966656676e-54,2.719574130276259840e-12,6.065281918971252288e-43
7.300559852209625999e-01,1.648411045443427243e-54,2.719580897079955224e-12,6.061268658025009532e-43
7.304068716587045484e-01,1.647444261538573534e-54,2.719588393265659708e-12,6.057697060400878635e-43
7.307577746502593730e-01,1.646578210683601222e-54,2.719596724252900781e-12,6.054494021116061078e-43
7.311086940812386858e-01,1.645794141182929349e-54,2.719605863638204961e-12,6.051590648437699139e-43
7.314596298381196293e-01,1.645074080130707256e-54,2.719615651818061794e-12,6.048921210726875932e-43
7.318105818082444314e-01,1.644400350654640044e-54,2.719625815596994708e-12,6.046421317315198044e-43
7.321615498798194066e-01,1.643755077252836606e-54,2.719635958497059762e-12,6.044026120912217677e-43
7.325125339419137349e-01,1.643119734592391385e-54,2.719645808462058502e-12,6.041668107956912564e-43
7.328635338844581293e-01,1.642474975469601352e-54,2.719654974649576800e-12,6.039277006750577662e-43
7.332145495982443917e-01,1.641800298230117560e-54,2.719663266723895219e-12,6.036777855252019287e-43
7.335655809749234146e-01,1.641073968803040150e-54,2.719670672425572250e-12,6.034090764891867437e-43
7.339166279070032939e-01,1.640272538164461243e-54,2.719677339583383273e-12,6.031129186875263917e-43
7.342676902878487732e-01,1.639370131476168472e-54,2.719683541563044124e-12,6.027797375771142684e-43
7.346187680116783580e-01,1.638335893008128956e-54,2.719689618044803161e-12,6.023981126882912051e-43
7.349698609735633159e-01,1.637140148037074251e-54,2.719695916660198541e-12,6.019570563048428569e-43
7.353209690694251233e-01,1.636081244935483089e-54,2.719702729767683027e-12,6.015662031839917951e-43
7.356720921960338000e-01,1.635138809706378112e-54,2.719710282767018033e-12,6.012180121048764649e-43
7.360232302510053559e-01,1.634293428317904281e-54,2.719718664577357563e-12,6.009053250998195698e-43
7.363743831327995704e-01,1.633526705664955039e-54,2.719727832490762360e-12,6.006213879750423167e-43
7.367255507407181048e-01,1.632820969882785210e-54,2.719737561991375696e-12,6.003597526105582439e-43
7.370767329749012831e-01,1.632158743626113611e-54,2.719747653889570710e-12,6.001140367901145617e-43
7.374279297363255381e-01,1.631522288748760915e-54,2.719757742316871850e-12,5.998777991744665095e-43
7.377791409268011913e-01,1.630893206957530353e-54,2.719767472335447671e-12,5.996443532568217271e-43
7.381303664489690108e-01,1.630252270306843234e-54,2.719776477794742320e-12,5.994067099325344064e-43
7.384816062062978803e-01,1.629579084801732554e-54,2.719784603358166463e-12,5.991574048877482240e-43
7.388328601030812459e-01,1.628851995941193721e-54,2.719791859864690144e-12,5.988884737754267651e-43
7.391841280444344520e-01,1.628047574033107264e-54,2.719798411914622370e-12,5.985912657721683831e-43
7.395354099362909661e-01,1.627139875495595928e-54,2.719804541757596332e-12,5.982561799989138368e-43
7.398867056853996038e-01,1.626079390722781935e-54,2.719810589820859818e-12,5.978649383925972213e-43
7.402380151993208646e-01,1.624916438097099245e-54,2.719816897246966261e-12,5.974359670100809676e-43
7.405893383864236013e-01,1.623885836728951653e-54,2.719823744453855533e-12,5.970555408380075598e-43
7.409406751558809123e-01,1.622967607567362862e-54,2.719831341007461173e-12,5.967162680632227793e-43
7.412920254176669221e-01,1.622142757147157937e-54,2.719839708013979905e-12,5.964111606899225725e-43
7.416433890825533393e-01,1.621393229243239306e-54,2.719848867510802583e-12,5.961335751449798055e-43
7.419947660621047936e-01,1.620701602521827017e-54,2.719858612806277446e-12,5.958771514412031858e-43
7.423461562686753945e-01,1.620050611579923840e-54,2.719868647157243807e-12,5.956356066213604500e-43
7.426975596154047343e-01,1.619422676736556072e-54,2.719878621947699028e-12,5.954025535069249257e-43
7.430489760162137802e-01,1.618799540490231993e-54,2.719888187121647062e-12,5.951713559973012267e-43
7.434004053858002115e-01,1.618162063291175272e-54,2.719897005498832601e-12,5.949350508566048532e-43
7.437518476396350886e-01,1.617489961252145822e-54,2.719904944763160116e-12,5.946862092980206067e-43
7.441033026939576356e-01,1.616761647336054212e-54,2.719912036579576416e-12,5.944168876024430762e-43
7.444547704657712428e-01,1.615953700933893974e-54,2.719918461046772009e-12,5.941184355622144189e-43
7.448062508728391373e-01,1.615040094244168820e-54,2.719924508207707059e-12,5.937812205340944222e-43
7.451577438336797199e-01,1.613958389463710514e-54,2.719930518163721402e-12,5.933822127755401136e-43
7.455092492675617910e-01,1.612827833161737978e-54,2.719936765824366149e-12,5.929651944216863590e-43
7.458607670944999990e-01,1.611825163888811424e-54,2.719943621882829126e-12,5.925950637068926505e-43
7.462122972352505101e-01,1.610930793262508934e-54,2.719951242988694597e-12,5.922645846741028132e-43
7.465638396113050135e-01,1.610126102703594869e-54,2.719959678300557544e-12,5.919669014026003812e-43
7.469153941448875011e-01,1.609393391253225849e-54,2.719968849782976881e-12,5.916955230504339951e-43
7.472669607589481622e-01,1.608715517131880373e-54,2.719978556310238037e-12,5.914441911314803485e-43
7.476185393771584975e-01,1.608075418786353903e-54,2.719988500621739672e-12,5.912066975352201684e-43
7.479701299239071011e-01,1.607455665807879831e-54,2.719998337490246672e-12,5.909767089383906050e-43
7.483217323242936647e-01,1.606838136765455674e-54,2.720007717060323590e-12,5.907476389449595645e-43
7.486733465041242042e-01,1.606203783128647518e-54,2.720016331474788006e-12,5.905125511719875217e-43
7.490249723899060630e-01,1.605532429638499236e-54,2.720024070828004201e-12,5.902640520198625147e-43
7.493766099088423616e-01,1.604802553303485781e-54,2.720030987136416394e-12,5.899942173059519618e-43
7.497282589888268900e-01,1.603990754228687354e-54,2.720037225489404765e-12,5.896944127079320014e-43
7.500799195584387791e-01,1.603070910389108668e-54,2.720043162735130530e-12,5.893549530210932254e-43
7.504315915469368381e-01,1.601973757364734302e-54,2.720049118344630208e-12,5.889503048164309776e-43
7.507832748842545589e-01,1.600874837544567785e-54,2.720055402093258284e-12,5.885449378393511084e-43
7.511349695009946759e-01,1.599899383551657331e-54,2.720062287622092880e-12,5.881848334253794342e-43
7.514866753284230594e-01,1.599028220548966868e-54,2.720069933340294598e-12,5.878629078427155238e-43
7.518383922984638312e-01,1.598243128495649130e-54,2.720078377186080969e-12,5.875724544926644453e-43
7.521901203436939243e-01,1.597526742937095070e-54,2.720087526913290324e-12,5.873071094700917952e-43
7.525418593973365322e-01,1.596862182710404493e-54,2.720097169603330377e-12,5.870607125933201743e-43
7.528936093932565576e-01,1.596232579278540806e-54,2.720107002203828966e-12,5.868271277509576222e-43
7.532453702659542838e-01,1.595620648329438344e-54,2.720116681989020272e-12,5.866000745095533385e-43
7.535971419505601565e-01,1.595008404474510387e-54,2.720125859876241740e-12,5.863730160438528139e-43
7.539489243828285669e-01,1.594376913604346674e-54,2.720134208324334158e-12,5.861390620819845291e-43
7.543007174991325225e-01,1.593706106927170989e-54,2.720141719039380072e-12,5.858908364120048444e-43
7.546525212364576518e-01,1.592974524723062030e-54,2.720148444693790043e-12,5.856204384104429911e-43
7.550043355323968752e-01,1.592158751352519925e-54,2.720154586728985374e-12,5.853192164593511751e-43
7.553561603251437440e-01,1.591232571173019628e-54,2.720160444906620687e-12,5.849774685726835628e-43
7.557079955534877769e-01,1.590125968824033336e-54,2.720166354430823267e-12,5.845693834988841015e-43
7.560598411568073551e-01,1.589057641255675694e-54,2.720172622407848212e-12,5.841752939374377769e-43
7.564116970750649482e-01,1.588108488826983462e-54,2.720179510473022533e-12,5.838248846124207588e-43
7.567635632488010078e-01,1.587259738102009339e-54,2.720187161057247087e-12,5.835112233546068908e-43
7.571154396191274172e-01,1.586493551884744338e-54,2.720195594927553945e-12,5.832277483439557554e-43
7.574673261277223846e-01,1.585792888608323185e-54,2.720204704150741370e-12,5.829682178655793133e-43
7.578192227168243367e-01,1.585141118582198157e-54,2.720214264304150603e-12,5.827265665734930686e-43
7.581711293292261455e-01,1.584521577154101140e-54,2.720223918830043795e-12,5.824967445457934280e-43
7.585230459082690224e-01,1.583917120696750753e-54,2.720233407209001778e-12,5.822725051825138091e-43
7.588749723978360784e-01,1.583309898827460694e-54,2.720242363749832221e-12,5.820473645755890366e-43
7.592269087423481055e-01,1.582681074581281584e-54,2.720250532858163864e-12,5.818144525527803228e-43
7.595788548867556944e-01,1.582010704807050529e-54,2.720257846129445748e-12,5.815664522604116181e-43
7.599308107765345710e-01,1.581277402928350874e-54,2.720264392182188478e-12,5.812954827011703226e-43
7.602827763576793796e-01,1.580457754241879716e-54,2.720270393001385496e-12,5.809928889084059470e-43
7.606347515766977985e-01,1.579525459125476294e-54,2.720276153130853572e-12,5.806489379056422486e-43
7.609867363806043228e-01,1.578415423796525008e-54,2.720282005063786594e-12,5.802396298833412960e-43
7.613387307169151574e-01,1.577376425680014019e-54,2.720288246480947606e-12,5.798563544582302683e-43
7.616907345336413337e-01,1.576452462510624376e-54,2.720295124695761157e-12,5.795152328139158489e-43
7.620427477792838244e-01,1.575625156655294705e-54,2.720302765629929067e-12,5.792094823277635367e-43
7.623947704028268824e-01,1.574877059669973740e-54,2.720311124995072046e-12,5.789326982489279126e-43
7.627468023537328223e-01,1.574191432250016112e-54,2.720320157687151345e-12,5.786787366926738306e-43
7.630988435819355820e-01,1.573551882120508296e-54,2.720329610562027462e-12,5.784416256070558573e-43
7.634508940378353925e-01,1.572941916658129395e-54,2.720339165894369187e-12,5.782153697518784502e-43
7.638029536722931168e-01,1.572344553325863323e-54,2.720348487338741938e-12,5.779937977226050036e-43
7.641550224366235877e-01,1.571742094538233500e-54,2.720357230456041260e-12,5.777704769585523964e-43
7.645071002825907236e-01,1.571115832107113882e-54,2.720365174639443049e-12,5.775385770828908577e-43
7.648591871624015326e-01,1.570445947392547408e-54,2.720372274489379701e-12,5.772908223332499077e-43
7.652112830287004508e-01,1.569711133926511187e-54,2.720378636412004844e-12,5.770193578629384304e-43
7.655633878345627918e-01,1.568887994923606247e-54,2.720384493045746318e-12,5.767155337542293628e-43
7.659155015334907501e-01,1.567950158574805349e-54,2.720390151735697120e-12,5.763695908009380011e-43
7.662676240794061844e-01,1.566842369708303847e-54,2.720395932060275385e-12,5.759611500821740151e-43
7.666197554266456216e-01,1.565831241673708784e-54,2.720402095459333796e-12,5.755881618703582522e-43
7.669718955299548169e-01,1.564931199244761126e-54,2.720408935288743375e-12,5.752558664782726549e-43
7.673240443444826475e-01,1.564124245990133062e-54,2.720416545135149537e-12,5.749576287452066355e-43
7.676762018257761166e-01,1.563393274535920751e-54,2.720424907196488127e-12,5.746871639059734036e-43
7.680283679297744692e-01,1.562721858289778227e-54,2.720433883246551435e-12,5.744384628913805069e-43
7.683805426128038629e-01,1.562093853897178441e-54,2.720443229242513549e-12,5.742056430753496818e-43
7.687327258315719281e-01,1.561492962704059975e-54,2.720452631979688299e-12,5.739827793170407171e-43
7.690849175431617724e-01,1.560902363020381438e-54,2.720461763426118471e-12,5.737637573169191422e-43
7.694371177050277621e-01,1.560304512274438745e-54,2.720470284485333980e-12,5.735422001014877233e-43
7.697893262749887500e-01,1.559680843871589135e-54,2.720478002180919233e-12,5.733113234590551908e-43
7.701415432112240778e-01,1.559011674511657839e-54,2.720484890613183628e-12,5.730638975025751617e-43
7.704937684722669156e-01,1.558275808395900091e-54,2.720491024009101481e-12,5.727921153364139011e-43
7.708460020170003757e-01,1.557449885375716258e-54,2.720496719790238886e-12,5.724873233796076374e-43
7.711982438046514066e-01,1.556507490309494133e-54,2.720502268383493827e-12,5.721397509564884508e-43
7.715504937947856856e-01,1.555406988831202919e-54,2.720507977508606284e-12,5.717340297070613670e-43
7.719027519473024013e-01,1.554422026130186651e-54,2.720514143195252873e-12,5.713706837430783568e-43
7.722550182224299231e-01,1.553544398149369782e-54,2.720520967420780287e-12,5.710466549435289252e-43
7.726072925807196956e-01,1.552756502756343537e-54,2.720528546614995070e-12,5.707554529021037677e-43
7.729595749830417972e-01,1.552041587927674345e-54,2.720536854917589788e-12,5.704909253929914413e-43
7.733118653905795004e-01,1.551383521823358874e-54,2.720545744623645223e-12,5.702471737110872056e-43
7.736641637648249414e-01,1.550766396987023122e-54,2.720554965624153930e-12,5.700184030765369376e-43
7.740164700675739029e-01,1.550174106894654990e-54,2.720564204738518551e-12,5.697987587260954726e-43
7.743687842609203731e-01,1.549589998025481805e-54,2.720573141055291927e-12,5.695821864301749325e-43
7.747211063072527715e-01,1.548996706989171534e-54,2.720581394079700442e-12,5.693623834816952379e-43
7.750734361692486196e-01,1.548375825655107920e-54,2.720588871461509130e-12,5.691326028336340753e-43
7.754257738098694341e-01,1.547707812732633604e-54,2.720595547312201601e-12,5.688856670598037321e-43
7.757781191923565078e-01,1.546971576029173340e-54,2.720601549581398976e-12,5.686137965580427195e-43
7.761304722802263578e-01,1.546143822945984095e-54,2.720607123673670023e-12,5.683083784836256254e-43
7.764828330372658405e-01,1.545191453969005020e-54,2.720612577099945335e-12,5.679571825019319020e-43
7.768352014275272666e-01,1.544108943276340076e-54,2.720618217786379575e-12,5.675581135131479106e-43
7.771875774153248484e-01,1.543148273881802966e-54,2.720624333337888330e-12,5.672037315010485851e-43
7.775399609652290378e-01,1.542291466201628242e-54,2.720631113604305632e-12,5.668873881833957645e-43
7.778923520420630844e-01,1.541521288590037251e-54,2.720638641552991160e-12,5.666027325518350265e-43
7.782447506108980395e-01,1.540821323851930280e-54,2.720646878671273469e-12,5.663437382966974122e-43
7.785971566370485375e-01,1.540175736750555283e-54,2.720655620857217505e-12,5.661046274814011327e-43
7.789495700860687988e-01,1.539568844457159165e-54,2.720664687712043914e-12,5.658796732323037960e-43
7.793019909237480780e-01,1.538984732436454627e-54,2.720673749439267371e-12,5.656630945748789051e-43
7.796544191161064452e-01,1.538406926207501801e-54,2.720682486348494205e-12,5.654489025921734223e-43
7.800068546293910110e-01,1.537818231272590526e-54,2.720690568625939788e-12,5.652308458029653242e-43
7.803592974300709306e-01,1.537200425109227132e-54,2.720697850417987813e-12,5.650022566353933717e-43
7.807117474848345173e-01,1.536534141230112624e-54,2.720704338539326983e-12,5.647560153688130741e-43
7.810642047605846905e-01,1.535798429335334106e-54,2.720710177844500982e-12,5.644843915540021504e-43
7.814166692244345347e-01,1.534970096684428951e-54,2.720715620598630164e-12,5.641788083484794607e-43
7.817691408437044132e-01,1.534004523200270851e-54,2.720720965647240369e-12,5.638228037969126635e-43
7.821216195859166387e-01,1.532947875937873090e-54,2.720726536064698133e-12,5.634332799044012450e-43
7.824741054187935863e-01,1.532009522826499534e-54,2.720732593446497359e-12,5.630871356180657053e-43
7.828265983102520309e-01,1.531171859270093346e-54,2.720739271809099454e-12,5.627778725934191223e-43
7.831790982284007052e-01,1.530418000825663921e-54,2.720746716543445651e-12,5.624992548993951200e-43
7.835316051415359695e-01,1.529731843628362954e-54,2.720754861041241619e-12,5.622453773887330548e-43
7.838841190181382590e-01,1.529097809701109616e-54,2.720763533724379162e-12,5.620105498870639750e-43
7.842366398268687533e-01,1.528500457211532950e-54,2.720772473887928916e-12,5.617891506478439993e-43
7.845891675365657125e-01,1.527924085947469642e-54,2.720781370786255961e-12,5.615754732641114454e-43
7.849417021162408137e-01,1.527352417863274004e-54,2.720789916513764384e-12,5.613635983407053215e-43
7.852942435350759309e-01,1.526768453024524722e-54,2.720797793889456287e-12,5.611473430526297049e-43
7.856467917624194719e-01,1.526154169719010966e-54,2.720804875865078516e-12,5.609201098016156311e-43
7.859993467677836021e-01,1.525490397980488536e-54,2.720811181146736185e-12,5.606748489388162388e-43
7.863519085208400261e-01,1.524756348244284034e-54,2.720816865078101763e-12,5.604038874555107233e-43
7.867044769914175451e-01,1.523928992209382904e-54,2.720822135584047485e-12,5.600987187948831452e-43
7.870570521494983929e-01,1.522956447545351123e-54,2.720827362744090499e-12,5.597401982937180693e-43
7.874096339652153498e-01,1.521923299058075606e-54,2.720832845538904954e-12,5.593593526163986090e-43
7.877622224088481895e-01,1.521005207972462099e-54,2.720838830067388479e-12,5.590206928702170304e-43
7.881148174508212367e-01,1.520184900090814909e-54,2.720845483616041171e-12,5.587178357774540770e-43
7.884674190616994816e-01,1.519445844728370308e-54,2.720852866481676388e-12,5.584446933704134364e-43
7.888200272121868029e-01,1.518772256668373893e-54,2.720860920528887557e-12,5.581954760014530093e-43
7.891726418731211945e-01,1.518148830543333113e-54,2.720869474663031334e-12,5.579645935538123511e-43
7.895252630154742102e-01,1.517560359902811145e-54,2.720878268872637628e-12,5.577465104793510493e-43
7.898778906103459674e-01,1.516991358487714780e-54,2.720886996518325732e-12,5.575355979240858535e-43
7.902305246289635932e-01,1.516425765742386601e-54,2.720895351915299943e-12,5.573260157451260029e-43
7.905831650426778934e-01,1.515846785582472408e-54,2.720903035220352820e-12,5.571116522569174420e-43
7.909358118229610213e-01,1.515236626990377197e-54,2.720909886379759859e-12,5.568860014715291843e-43
7.912884649414033689e-01,1.514576335801381941e-54,2.720916006131120655e-12,5.566420765611809407e-43
7.916411243697112354e-01,1.513845328052857813e-54,2.720921538179915969e-12,5.563722829969959919e-43
7.919937900797039410e-01,1.513020752280519784e-54,2.720926730861522108e-12,5.560681715973493991e-43
7.923464620433118277e-01,1.512046686323482373e-54,2.720931875304133138e-12,5.557091304075640362e-43
7.926991402325730407e-01,1.511034473330048526e-54,2.720937280284377466e-12,5.553360175843977690e-43
7.930518246196311960e-01,1.510134426409319449e-54,2.720943189545282560e-12,5.550040266227276017e-43
7.934045151767333826e-01,1.509329614011202414e-54,2.720949763669212826e-12,5.547069020399203409e-43
7.937572118762272755e-01,1.508603833269146985e-54,2.720957055603946362e-12,5.544386781710142584e-43
7.941099146905593598e-01,1.507941593920811413e-54,2.720965001207824461e-12,5.541936751304933194e-43
7.944626235922715995e-01,1.507327851322336497e-54,2.720973426063794884e-12,5.539663992613341561e-43
7.948153385540001059e-01,1.506747646949871240e-54,2.720982025375016085e-12,5.537514150767701362e-43
7.951680595484724723e-01,1.506185711606237596e-54,2.720990568804833255e-12,5.535431577286995348e-43
7.955207865485056651e-01,1.505626213547989531e-54,2.720998736762152769e-12,5.533358737753795003e-43
7.958735195270036922e-01,1.505052575907302394e-54,2.721006237703962406e-12,5.531235302045080317e-43
7.962262584569557156e-01,1.504447244116439235e-54,2.721012963724739476e-12,5.528996973454444614e-43
7.965790033114337199e-01,1.503791512887105875e-54,2.721018948627143778e-12,5.526574938575217274e-43
7.969317540635907360e-01,1.503065047339752118e-54,2.721024355752354676e-12,5.523894132598307553e-43
7.972845106866580656e-01,1.502245252241524105e-54,2.721029430701879797e-12,5.520871017753105666e-43
7.976372731539443928e-01,1.501274419176824498e-54,2.721034483200248466e-12,5.517292884179672926e-43
7.979900414388327867e-01,1.500280537694131962e-54,2.721039801308079279e-12,5.513629521232675310e-43
7.983428155147798133e-01,1.499396294498307485e-54,2.721045623855583406e-12,5.510368078186572782e-43
7.986955953553123155e-01,1.498605085767207517e-54,2.721052105264292128e-12,5.507447221859244902e-43
7.990483809340269694e-01,1.497891033437217484e-54,2.721059248328904211e-12,5.504808593775103345e-43
7.994011722245871754e-01,1.497238920104910956e-54,2.721067056614485700e-12,5.502396262030216117e-43
7.997539692007221701e-01,1.496633949709784567e-54,2.721075337802633486e-12,5.500156239401921273e-43
8.000000000000000444e-01,1.496236840733543141e-54,2.721079165671405495e-12,5.498689121616783496e-43
8.003528065289117199e-01,1.495677176139187800e-54,2.721088329365546973e-12,5.496613836449484463e-43
8.007056186729153424e-01,1.495125162203848427e-54,2.721096820613926069e-12,5.494568039172243276e-43
8.010584364059661899e-01,1.494563404731575786e-54,2.721104550830977634e-12,5.492487983510822539e-43
8.014112597020749407e-01,1.493975408680266086e-54,2.721111466765402813e-12,5.490313156690200834e-43
8.017640885353072289e-01,1.493342946262459925e-54,2.721117597981424294e-12,5.487976511453417610e-43
8.021169228797843109e-01,1.492646565495378418e-54,2.721123086558607663e-12,5.485406275329947940e-43
8.024697627096836205e-01,1.491864723757761493e-54,2.721128168681749614e-12,5.482522804063636686e-43
8.028226079992362152e-01,1.490965180914371280e-54,2.721133126053141804e-12,5.479207050325158707e-43
8.031754587227231124e-01,1.489950103193311040e-54,2.721138221541175005e-12,5.475466447821404069e-43
8.035283148544734022e-01,1.489047773319574088e-54,2.721143778760025420e-12,5.472139270781588504e-43
8.038811763688629153e-01,1.488241686263302441e-54,2.721149959484618848e-12,5.469164538602543341e-43
8.042340432403124462e-01,1.487515980833473206e-54,2.721156835878530797e-12,5.466483817546024823e-43
8.045869154432876424e-01,1.486855508470560051e-54,2.721164371446320401e-12,5.464041511319232307e-43
8.049397929522964512e-01,1.486245625895623726e-54,2.721172421474737975e-12,5.461784097790296233e-43
8.052926757418878978e-01,1.485671856464813294e-54,2.721180752100070566e-12,5.459658845955919487e-43
8.056455637866517527e-01,1.485119534340941175e-54,2.721189077114367260e-12,5.457612434325246165e-43
8.059984570612163113e-01,1.484573504405469779e-54,2.721197108393434491e-12,5.455589746977005685e-43
8.063513555402479493e-01,1.484017980727488348e-54,2.721204543472209238e-12,5.453533378398329966e-43
8.067042591984494582e-01,1.483436248651488042e-54,2.721211239770552399e-12,5.451382189559707745e-43
8.070571680105589341e-01,1.482810571452855543e-54,2.721217195096325896e-12,5.449071004420015834e-43
8.074100819513492233e-01,1.482121770960836786e-54,2.721222537285469659e-12,5.446529089970398890e-43
8.077630009956253687e-01,1.481348701824903224e-54,2.721227440019005529e-12,5.443678393212723560e-43
8.081159251182253866e-01,1.480458875814889999e-54,2.721232266028053147e-12,5.440398801296691495e-43
8.084688542940176026e-01,1.479457872368890762e-54,2.721237283575269396e-12,5.436710283585120787e-43
8.088217884979004291e-01,1.478567585088406552e-54,2.721242735242591180e-12,5.433427771582443215e-43
8.091747277048007003e-01,1.477771860923403904e-54,2.721248793804470582e-12,5.430491560668326236e-43
8.095276718896734502e-01,1.477055160101732269e-54,2.721255534979068035e-12,5.427844394308576868e-43
8.098806210275002471e-01,1.476402622467173115e-54,2.721262924579937380e-12,5.425431732933616363e-43
8.102335750932881941e-01,1.475799869750159906e-54,2.721270821116466841e-12,5.423201021736886424e-43
8.105865340620694859e-01,1.475232680529277809e-54,2.721278995271505353e-12,5.421100457147695048e-43
8.109394979088999644e-01,1.474686647130738545e-54,2.721287166227143349e-12,5.419077653518202364e-43
8.112924666088582315e-01,1.474146884771878989e-54,2.721295051075220995e-12,5.417078475887513229e-43
8.116454401370447602e-01,1.473597893998553633e-54,2.721302352385993056e-12,5.415046559256920449e-43
8.119984184685813400e-01,1.473023277799769076e-54,2.721308884828962724e-12,5.412922017091603213e-43
8.123514015786093001e-01,1.472405624669229105e-54,2.721314714365705606e-12,5.410640735143428308e-43
8.127043894422893988e-01,1.471726115345107849e-54,2.721319948719027550e-12,5.408133343666093834e-43
8.130573820348009351e-01,1.470963997811607076e-54,2.721324794209063935e-12,5.405323175468783525e-43
8.134103793313403052e-01,1.470089595799675365e-54,2.721329535439236431e-12,5.402100615361143515e-43
8.137633813071204480e-01,1.469099324920786255e-54,2.721334451326761575e-12,5.398451940387335857e-43
8.141163879373702894e-01,1.468218277345992135e-54,2.721339786760886327e-12,5.395203805451872841e-43
8.144693991973332992e-01,1.467430599535125904e-54,2.721345715270257215e-12,5.392297609601561164e-43
8.148224150622670470e-01,1.466721021440421316e-54,2.721352314295351932e-12,5.389677087144094303e-43
8.151754355074420921e-01,1.466074931211361886e-54,2.721359553100695584e-12,5.387288605582924988e-43
8.155284605081417615e-01,1.465478190394058856e-54,2.721367295317844109e-12,5.385080481107557350e-43
8.158814900396601510e-01,1.464916821940429772e-54,2.721375317806720252e-12,5.383001794552441925e-43
8.162345240773021260e-01,1.464376677357637685e-54,2.721383345903660826e-12,5.381001098437227318e-43
8.165875625963827655e-01,1.463843162889172138e-54,2.721391058224747081e-12,5.379025401237575983e-43
8.169406055722252535e-01,1.463301075661500580e-54,2.721398231692892700e-12,5.377019278619979238e-43
8.172936529801612116e-01,1.462734331351962034e-54,2.721404705002112608e-12,5.374923945208754101e-43
8.176467047955292555e-01,1.462125876082523336e-54,2.721410463818226283e-12,5.372676762736900144e-43
8.179997609936743297e-01,1.461457292174467112e-54,2.721415623131037336e-12,5.370209826652771012e-43
8.183528215499462632e-01,1.460708290672648392e-54,2.721420387148736775e-12,5.367448180995840756e-43
8.187058864396997704e-01,1.459855302474750680e-54,2.721425035645225201e-12,5.364304668890620836e-43
8.190589556382924519e-01,1.458872780603274580e-54,2.721429843677387191e-12,5.360684876711512511e-43
8.194120291210845730e-01,1.457998394398357576e-54,2.721435054355810456e-12,5.357461652684853711e-43
8.197651068634381755e-01,1.457216573781690723e-54,2.721440842052946931e-12,5.354577440244574578e-43
8.201181888407153009e-01,1.456512299124960644e-54,2.721447287709802498e-12,5.351976890027030682e-43
8.204712750282777689e-01,1.455871190896778425e-54,2.721454366425497047e-12,5.349607213179168713e-43
8.208243654014857338e-01,1.455279341500086310e-54,2.721461949299755576e-12,5.347417559428072021e-43
8.211774599356963522e-01,1.454723028914577072e-54,2.721469778164841073e-12,5.345358014210744329e-43
8.215305586062634502e-01,1.454188364766980867e-54,2.721477653932224466e-12,5.343377935386846735e-43
8.218836613885360798e-01,1.453661033327186294e-54,2.721485287067337743e-12,5.341425288003838381e-43
8.222367682578569648e-01,1.453126152110420531e-54,2.721492385043646492e-12,5.339445960224929182e-43
8.225898791895620565e-01,1.452567988648821367e-54,2.721498792335727923e-12,5.337382448008194801e-43
8.229429941589787578e-01,1.451969871208619350e-54,2.721504491684011846e-12,5.335173524957770344e-43
8.232961131414250344e-01,1.451313817599766633e-54,2.721509590304042056e-12,5.332752905851889468e-43
8.236492361122085271e-01,1.450580051346060283e-54,2.721514283857463556e-12,5.330047539893907446e-43
8.240023630466251081e-01,1.449746261245487550e-54,2.721518844742305167e-12,5.326974913461460932e-43
8.243554939199571052e-01,1.448777441244162035e-54,2.721523543703923985e-12,5.323405871670001912e-43
8.247086287074729682e-01,1.447907066762861167e-54,2.721528622973775480e-12,5.320197827575128801e-43
8.250617673844261590e-01,1.447128841681209816e-54,2.721534259591653619e-12,5.317327300147017104e-43
8.254149099260529310e-01,1.446427980934437317e-54,2.721540540396324892e-12,5.314739793381145089e-43
8.257680563075721070e-01,1.445790322074493192e-54,2.721547448944169776e-12,5.312383301034823608e-43
8.261212065041836361e-01,1.445202178441306555e-54,2.721554866273358676e-12,5.310207765240575602e-43
8.264743604910677055e-01,1.444650068817821195e-54,2.721562544534706445e-12,5.308164134309125553e-43
8.268275182433829640e-01,1.444120375545419491e-54,2.721570291853022069e-12,5.306202745776477123e-43
8.271806797362665220e-01,1.443599086336364590e-54,2.721577823108458626e-12,5.304272668887173101e-43
8.275338449448317313e-01,1.443071648365830252e-54,2.721584851785447717e-12,5.302320989254215818e-43
8.278870138441686288e-01,1.442522697297109822e-54,2.721591210049160186e-12,5.300291579318605580e-43
8.282401864093414945e-01,1.441935964698782867e-54,2.721596869597009163e-12,5.298124717906118513e-43
8.285933626153892950e-01,1.441293936001486776e-54,2.721601925179678266e-12,5.295755865936689025e-43
8.289465424373244629e-01,1.440577392330213244e-54,2.721606561033694518e-12,5.293114048722262682e-43
8.292997258501315638e-01,1.439764712814131891e-54,2.721611040700862163e-12,5.290119312726507470e-43
8.296529128287680743e-01,1.438812544072567240e-54,2.721615630374989901e-12,5.286611849279850630e-43
8.300061033481622719e-01,1.437943455036092683e-54,2.721620572252125996e-12,5.283408972199980184e-43
8.303592973832135682e-01,1.437166485714502122e-54,2.721626047744363013e-12,5.280543544568149394e-43
8.307124949087921761e-01,1.436467071277461166e-54,2.721632151880735694e-12,5.277961866686561465e-43
8.310656958997384436e-01,1.435831250830109514e-54,2.721638879243326137e-12,5.275612653025082295e-43
8.314189003308627424e-01,1.435245558779756238e-54,2.721646080937258055e-12,5.273446716060517951e-43
8.317721081769452462e-01,1.434696732317735445e-54,2.721653631051512293e-12,5.271415568642508229e-43
8.321253194127357089e-01,1.434171427556156959e-54,2.721661263633792251e-12,5.269470696883641005e-43
8.324785340129539080e-01,1.433655946430500059e-54,2.721668707715099145e-12,5.267562295023356824e-43
8.328317519522892010e-01,1.433136077521811103e-54,2.721675687263496325e-12,5.265638680715684436e-43
8.331849732054007474e-01,1.432596844245171396e-54,2.721682019281315641e-12,5.263645180062075202e-43
8.335381977469175085e-01,1.432022400857938593e-54,2.721687661902417494e-12,5.261523652780117800e-43
8.338914255514390250e-01,1.431395733647138931e-54,2.721692687374723561e-12,5.259211446931679227e-43
8.342446565935353053e-01,1.430698210942778366e-54,2.721697284874083696e-12,5.256639740554277241e-43
8.345978908477466041e-01,1.429908957023424599e-54,2.721701693816974541e-12,5.253731370604721948e-43
8.349511282885847541e-01,1.428977547135088540e-54,2.721706176955470654e-12,5.250300562324320807e-43
8.353043688905331665e-01,1.428106908358324995e-54,2.721710977607870532e-12,5.247092435999568882e-43
8.356576126280467198e-01,1.427328746168065792e-54,2.721716283254338104e-12,5.244223121086736664e-43
8.360108594755526479e-01,1.426628703261452925e-54,2.721722199328955682e-12,5.241639663346943312e-43
8.363641094074506510e-01,1.425993003956879057e-54,2.721728733964429359e-12,5.239291433278874010e-43
8.367173623981138952e-01,1.425408366400468083e-54,2.721735795604564245e-12,5.237129807758765383e-43
8.370706184218881241e-01,1.424861772783323886e-54,2.721743162999334242e-12,5.235107383215174969e-43
8.374238774530934348e-01,1.424340149142395077e-54,2.721750663187527007e-12,5.233176456635105235e-43
8.377771394660236126e-01,1.423830110828034113e-54,2.721758020523825587e-12,5.231288380860565487e-43
8.381304044349466853e-01,1.423317790955419806e-54,2.721764963836822364e-12,5.229392728125189359e-43
8.384836723341052567e-01,1.422788617593849897e-54,2.721771288544408379e-12,5.227436352136520839e-43
8.388369431377168395e-01,1.422227182485528090e-54,2.721776935476762255e-12,5.225362754557997894e-43
8.391902168199731893e-01,1.421616989530091474e-54,2.721781958447630125e-12,5.223111223578362692e-43
8.395434933550414147e-01,1.420940033351205728e-54,2.721786529867796619e-12,5.220615275145122926e-43
8.398967727170635333e-01,1.420176222451572854e-54,2.721790877121084918e-12,5.217800656139068751e-43
8.402500548801563607e-01,1.419271976360712659e-54,2.721795257045226179e-12,5.214470018224186827e-43
8.406033398184115102e-01,1.418396850184898814e-54,2.721799913689454544e-12,5.211245848936166951e-43
8.409566275058955043e-01,1.417614936494228698e-54,2.721805041497383484e-12,5.208363254828630098e-43
8.413099179166488861e-01,1.416912075978535915e-54,2.721810758069869972e-12,5.205769988885330514e-43
8.416632110246866638e-01,1.416274662280193938e-54,2.721817087383906880e-12,5.203416015149849905e-43
8.420165068039977552e-01,1.415689593264151680e-54,2.721823955357181182e-12,5.201253337776478684e-43
8.423698052285444327e-01,1.415144056597599328e-54,2.721831199303817464e-12,5.199235194892177538e-43
8.427231062722617683e-01,1.414625249967971006e-54,2.721838591997973542e-12,5.197314984536101082e-43
8.430764099090577446e-01,1.414120120190032820e-54,2.721845837127540704e-12,5.195445314722171894e-43
8.434297161128122555e-01,1.413615145013323423e-54,2.721852746094447483e-12,5.193576864294742665e-43
8.437830248573765513e-01,1.413096171704945666e-54,2.721859077652642357e-12,5.191658096140720855e-43
8.441363361165726831e-01,1.412548238260291537e-54,2.721864748583980480e-12,5.189634198375044065e-43
8.444896498641930593e-01,1.411955382082921482e-54,2.721869789800235673e-12,5.187446465565673079e-43
8.448429660739996683e-01,1.411300245634531920e-54,2.721874353515749117e-12,5.185030836605683644e-43
8.451962847197231898e-01,1.410563550738019768e-54,2.721878652558935467e-12,5.182316079417789309e-43
8.455496057750626626e-01,1.409695651014534643e-54,2.721882936368358548e-12,5.179119322800138460e-43
8.459029292136843736e-01,1.408812963297361014e-54,2.721887449324133632e-12,5.175867810578208907e-43
8.462562550092218583e-01,1.408024594893117613e-54,2.721892393476036201e-12,5.172962010797852729e-43
8.466095831352743462e-01,1.407316579946314717e-54,2.721897900085865975e-12,5.170350364361275558e-43
8.469629135654066499e-01,1.406675466555663145e-54,2.721904011090124604e-12,5.167983370553499599e-43
8.473162462731481659e-01,1.406088314718628388e-54,2.721910672358710569e-12,5.165813591891913833e-43
8.476695812319926526e-01,1.405542513455178346e-54,2.721917740267210040e-12,5.163794969487933561e-43
8.480229184153967870e-01,1.405025516975732059e-54,2.721925002463589268e-12,5.161881814172162624e-43
8.483762577967806084e-01,1.404524576679782217e-54,2.721932211909941494e-12,5.160027757246192143e-43
8.487295993495259649e-01,1.404026519490244314e-54,2.721939127315305910e-12,5.158184859464727018e-43
8.490829430469767347e-01,1.403517635600806501e-54,2.721945495690298087e-12,5.156303231725321356e-43
8.494362888624374941e-01,1.402983416204435531e-54,2.721951218077834797e-12,5.154329757589053929e-43
8.497896367691737396e-01,1.402408452448368879e-54,2.721956262209713433e-12,5.152207887829463436e-43
8.501429867404115548e-01,1.401776044526645752e-54,2.721960824311933069e-12,5.149875898309417324e-43
8.504963387493360560e-01,1.401067741531103870e-54,2.721965085787751838e-12,5.147265660557240655e-43
8.508496927690922806e-01,1.400248598637446095e-54,2.721969281454066176e-12,5.144248350552429451e-43
8.512030487727842987e-01,1.399355127364436831e-54,2.721973652986498089e-12,5.140957649715275097e-43
8.515564067334751019e-01,1.398557441246012887e-54,2.721978409555502351e-12,5.138018128051194032e-43
8.519097666241860489e-01,1.397841769338992876e-54,2.721983696700699851e-12,5.135378918813174653e-43
8.522631284178973088e-01,1.397194801415182926e-54,2.721989575990152918e-12,5.132991006796704581e-43
8.526164920875469733e-01,1.396603740778331939e-54,2.721996015549747906e-12,5.130807439834796697e-43
8.529698576060312787e-01,1.396056159330584091e-54,2.722002893457886667e-12,5.128782789635866616e-43
8.533232249462047170e-01,1.395539753827245741e-54,2.722010014886297763e-12,5.126872223817072981e-43
8.536765940808800357e-01,1.395042082899725890e-54,2.722017142575855000e-12,5.125030482282681101e-43
8.540299649828275719e-01,1.394550335944603694e-54,2.722024037263403379e-12,5.123210952048094036e-43
8.543833376247758071e-01,1.394051218430210560e-54,2.722030445990347924e-12,5.121365267914985699e-43
8.547367119794120338e-01,1.393530691085566751e-54,2.722036235454161242e-12,5.119442103433503650e-43
8.550900880193810227e-01,1.392973877259095273e-54,2.722041387316747157e-12,5.117386839706429411e-43
8.554434657172864664e-01,1.392364744667365214e-54,2.722046005816190232e-12,5.115140382242997629e-43
8.557968450456907572e-01,1.391685678369500846e-54,2.722050266683918563e-12,5.112637688593800743e-43
8.561502259771145429e-01,1.390916879041330315e-54,2.722054398284047962e-12,5.109805593591915309e-43
8.565036084840380592e-01,1.390023646906129813e-54,2.722058642113937763e-12,5.106516169051538150e-43
8.568569925389005748e-01,1.389213552229262132e-54,2.722063174190547256e-12,5.103531635125878279e-43
8.572103781141010570e-01,1.388487505780163608e-54,2.722068220815553509e-12,5.100854913049025567e-43
8.575637651819979501e-01,1.387832320926896612e-54,2.722073850322890571e-12,5.098437431307284256e-43
8.579171537149102855e-01,1.387235319278516410e-54,2.722080049929581886e-12,5.096232637663991895e-43
8.582705436851172376e-01,1.386684230863216900e-54,2.722086720133184612e-12,5.094195642655242474e-43
8.586239350648589008e-01,1.386166974840617040e-54,2.722093685858499125e-12,5.092282392931105227e-43
8.589773278263366230e-01,1.385671403736604140e-54,2.722100722216606202e-12,5.090448683354567522e-43
8.593307219417127829e-01,1.385185067901876040e-54,2.722107591548842930e-12,5.088649222398017615e-43
8.596841173831119010e-01,1.384695074931411601e-54,2.722114049356007092e-12,5.086837104635642478e-43
8.600375141226210829e-01,1.384187869314457880e-54,2.722119923160843550e-12,5.084962853903881754e-43
8.603909121322893538e-01,1.383649112463063434e-54,2.722125164773069168e-12,5.082973885142463248e-43
8.607443113841288795e-01,1.383063434792032870e-54,2.722129848793194527e-12,5.080813596769412901e-43
8.610977118501157435e-01,1.382414049797004451e-54,2.722134126763750804e-12,5.078420038914495570e-43
8.614511135021888366e-01,1.381682220123022480e-54,2.722138211610659399e-12,5.075723981353232787e-43
8.618045163122520780e-01,1.380819244617228404e-54,2.722142339935202040e-12,5.072546076521837511e-43
8.621579202521734153e-01,1.379993430935127729e-54,2.722146734572644367e-12,5.069504201990697900e-43
8.625113252937857133e-01,1.379254026881179402e-54,2.722151571631684365e-12,5.066778945209289180e-43
8.628647314088874198e-01,1.378587984153410129e-54,2.722156956190639133e-12,5.064322176641104580e-43
8.632181385692422326e-01,1.377982732739757624e-54,2.722162907405973240e-12,5.062087683991244578e-43
8.635715467465803208e-01,1.377426138103209100e-54,2.722169355096206773e-12,5.060031020937446753e-43
8.639249559125981026e-01,1.376906316568866225e-54,2.722176148910766123e-12,5.058108811657219639e-43
8.642783660389590228e-01,1.376411393272452931e-54,2.722183080553293780e-12,5.056277820199706327e-43
8.646317770972936634e-01,1.375929265066424125e-54,2.722189917478956501e-12,5.054494016863761153e-43
8.649851890592000769e-01,1.375447433686732171e-54,2.722196387878250739e-12,5.052711993196019702e-43
8.653386018962446746e-01,1.374952831359250606e-54,2.722202343435311286e-12,5.050884019239050187e-43
8.656920155799615602e-01,1.374431650966999492e-54,2.722207688670713252e-12,5.048959551055235440e-43
8.660454300818545281e-01,1.373869168941266505e-54,2.722212461174878648e-12,5.046884431453667028e-43
8.663988453733957318e-01,1.373249409376731497e-54,2.722216782285021097e-12,5.044599747945237870e-43
8.667522614260272373e-01,1.372554671400487888e-54,2.722220844599068152e-12,5.042040120013258010e-43
8.671056782111606909e-01,1.371742606316224936e-54,2.722224876007676101e-12,5.039049559814384858e-43
8.674590957001782066e-01,1.370897572794103381e-54,2.722229102363892853e-12,5.035937539583504110e-43
8.678125138644323666e-01,1.370141642977931550e-54,2.722233713768297621e-12,5.033152135498645361e-43
8.681659326752468875e-01,1.369461910769987171e-54,2.722238837414410289e-12,5.030645702162950698e-43
8.685193521039165088e-01,1.368845898693811545e-54,2.722244520242125080e-12,5.028372317458323009e-43
8.688727721217081035e-01,1.368281581902492035e-54,2.722250721739729060e-12,5.026287883681977820e-43
8.692261926998604560e-01,1.367757246176492075e-54,2.722257318835954104e-12,5.024349596611056147e-43
8.695796138095847061e-01,1.367261265389617487e-54,2.722264123483784917e-12,5.022515095412128130e-43
8.699330354220652373e-01,1.366781865723158200e-54,2.722270912151897511e-12,5.020741542004524454e-43
8.702864575084591214e-01,1.366306919904404036e-54,2.722277463691218173e-12,5.018984795369783046e-43
8.706398800398971183e-01,1.365823848153568918e-54,2.722283541373952987e-12,5.017199080828404102e-43
8.709933029874844523e-01,1.365319364915147514e-54,2.722289024881083848e-12,5.015335816426721673e-43
8.713467263223002579e-01,1.364779376719377169e-54,2.722293921510591445e-12,5.013343217407126605e-43
8.717001500153983562e-01,1.364188691160128275e-54,2.722298322261703466e-12,5.011165308388212505e-43
8.720535740378081435e-01,1.363530604415341705e-54,2.722302396380180489e-12,5.008740418509036070e-43
8.724069983605343692e-01,1.362786345502135101e-54,2.722306359417549272e-12,5.005999199126544252e-43
8.727604229545574688e-01,1.361927034772035044e-54,2.722310437296148638e-12,5.002835151029753046e-43
8.731138477908343409e-01,1.361151075301603275e-54,2.722314831971030178e-12,4.999976708484127378e-43
8.734672728402991249e-01,1.360454490692479289e-54,2.722319692302532964e-12,4.997408991086602657e-43
8.738206980738626450e-01,1.359824898824271812e-54,2.722325053219605193e-12,4.995086450885250174e-43
8.741741234624131884e-01,1.359250350893280408e-54,2.722330970017897967e-12,4.992965094484246310e-43
8.745275489768172816e-01,1.358719262080174651e-54,2.722337336105964356e-12,4.991002562612937373e-43
8.748809745879201349e-01,1.358220219319402713e-54,2.722343982657581872e-12,4.989157240862314759e-43
8.752344002665457534e-01,1.357741751467314290e-54,2.722350697930503571e-12,4.987387379956052001e-43
8.755878259834970478e-01,1.357272114841572854e-54,2.722357259660536302e-12,4.985650248604099604e-43
8.759412517095571671e-01,1.356799162092628392e-54,2.722363440289777373e-12,4.983901642273766829e-43
8.762946774154892760e-01,1.356310137417678190e-54,2.722369074188266129e-12,4.982095007900762452e-43
8.766481030720375545e-01,1.355791554235403987e-54,2.722374113257906853e-12,4.980180892966644717e-43
8.770015286499271978e-01,1.355228970597298021e-54,2.722378623942816700e-12,4.978106126305539657e-43
8.773549541198647495e-01,1.354606634489738034e-54,2.722382744652609272e-12,4.975812593400026196e-43
8.777083794525394334e-01,1.353907002667984772e-54,2.722386672306853178e-12,4.973235493842365692e-43
8.780618046186227099e-01,1.353083660106361008e-54,2.722390627844492001e-12,4.970203931306112206e-43
8.784152295887696082e-01,1.352283882139631930e-54,2.722394821433647173e-12,4.967258501569960884e-43
8.787686543336182821e-01,1.351566970061803847e-54,2.722399421911324418e-12,4.964616724436800643e-43
8.791220788237916750e-01,1.350920623720084928e-54,2.722404533030435771e-12,4.962233229226635255e-43
8.794755030298967435e-01,1.350332964326271932e-54,2.722410179322911725e-12,4.960064337777756048e-43
8.798289269225262332e-01,1.349792513486544601e-54,2.722416302065523617e-12,4.958067994459348281e-43
8.801823504722581237e-01,1.349288038087393909e-54,2.722422766929704454e-12,4.956203182245257423e-43
8.805357736496572940e-01,1.348808336234026091e-54,2.722429383609992724e-12,4.954429100546515608e-43
8.808891964252748563e-01,1.348342021053464492e-54,2.722435936057972501e-12,4.952704315995160386e-43
8.812426187696498214e-01,1.347877341988502425e-54,2.722442214578199124e-12,4.950986047640814433e-43
8.815960406533090987e-01,1.347402085357321926e-54,2.722448001196871411e-12,4.949229828319816618e-43
8.819494620467677182e-01,1.346903329667339386e-54,2.722453209187215371e-12,4.947388352248138303e-43
8.823028829205303847e-01,1.346367345208660720e-54,2.722457864996399657e-12,4.945411139394957511e-43
8.826563032450911450e-01,1.345779274589495271e-54,2.722462072475807550e-12,4.943243427320342428e-43
8.830097229909344980e-01,1.345122723585478272e-54,2.722466004519548788e-12,4.940824683769965716e-43
8.833631421285356167e-01,1.344369092007331282e-54,2.722469871644428894e-12,4.938049474888418589e-43
8.837165606283615693e-01,1.343541399668328643e-54,2.722473847611185201e-12,4.935002041790812180e-43
8.840699784608712086e-01,1.342800366169677928e-54,2.722478181454977100e-12,4.932272277943632881e-43
8.844233955965159488e-01,1.342133804468965573e-54,2.722482990105678742e-12,4.929815206731072727e-43
8.847768120057412089e-01,1.341529885056303843e-54,2.722488326603057737e-12,4.927587280898194935e-43
8.851302276589857465e-01,1.340977196043609857e-54,2.722494166288355155e-12,4.925546627972385550e-43
8.854836425266828792e-01,1.340464639643868940e-54,2.722500407345967251e-12,4.923652668800231453e-43
8.858370565792614837e-01,1.339981242295517326e-54,2.722506884217403309e-12,4.921865395689168216e-43
8.861904697871465508e-01,1.339515941302236204e-54,2.722513392594934786e-12,4.920144543441495576e-43
8.865438821207588527e-01,1.339057389407919820e-54,2.722519722929618058e-12,4.918448810967665551e-43
8.868972935505169408e-01,1.338593846357700405e-54,2.722525656406807503e-12,4.916735470270565556e-43
8.872507040468368134e-01,1.338112962537367401e-54,2.722531047373538696e-12,4.914959422880640907e-43
8.876041135801331361e-01,1.337601666234653672e-54,2.722535879479537912e-12,4.913072684611820188e-43
8.879575221208197977e-01,1.337045937750378446e-54,2.722540216255084488e-12,4.911023645371583519e-43
8.883109296393102428e-01,1.336430451437807518e-54,2.722544199647382185e-12,4.908755757246839265e-43
8.886643361060186930e-01,1.335738106961019547e-54,2.722548022716015405e-12,4.906205862361562405e-43
8.890177414913603693e-01,1.334926363631041731e-54,2.722551897131013945e-12,4.903217327235406864e-43
8.893711457657521580e-01,1.334156965551041684e-54,2.722556020632528159e-12,4.900383887201257989e-43
8.897245488996138318e-01,1.333466252090758577e-54,2.722560548717297302e-12,4.897838737577409198e-43
8.900779508633680503e-01,1.332842456921921341e-54,2.722565572939863922e-12,4.895538495635569691e-43
8.904313516274414697e-01,1.332274209934866861e-54,2.722571108520440551e-12,4.893441371523554788e-43
8.907847511622654091e-01,1.331750503650703752e-54,2.722577091683513034e-12,4.891507049400801741e-43
8.911381494382762947e-01,1.331260542431453714e-54,2.722583388160308469e-12,4.889696118108643108e-43
8.914915464259166589e-01,1.330793541936927744e-54,2.722589812925900986e-12,4.887969299006361620e-43
8.918449420956353624e-01,1.330338528880333113e-54,2.722596159581169553e-12,4.886286657676713908e-43
8.921983364178889264e-01,1.329884181952372743e-54,2.722602226551700157e-12,4.884606972634161305e-43
8.925517293631419768e-01,1.329418723280611521e-54,2.722607807338507883e-12,4.882887354165740853e-43
8.929051209018673552e-01,1.328929689031560406e-54,2.722612841335010329e-12,4.881082131310050280e-43
8.932585110045478949e-01,1.328403833233120392e-54,2.722617347913025788e-12,4.879142617126805960e-43
8.936118996416761995e-01,1.327826809559186922e-54,2.722621431721563008e-12,4.877015930634094105e-43
8.939652867837558636e-01,1.327182779576103152e-54,2.722625260840696465e-12,4.874643597357550091e-43
8.943186724013021394e-01,1.326441207564387591e-54,2.722628997391199889e-12,4.871913172288153920e-43
8.946720564648420471e-01,1.325638930020004805e-54,2.722632907963233163e-12,4.868959477213173928e-43
8.950254389449159298e-01,1.324919826295229420e-54,2.722637154603214236e-12,4.866310679905188166e-43
8.953788198120774533e-01,1.324272218980833339e-54,2.722641854808035431e-12,4.863923680017779619e-43
8.957321990368951603e-01,1.323684764903210014e-54,2.722647059800959983e-12,4.861756723620205464e-43
8.960855765899520264e-01,1.323146506695596878e-54,2.722652744939541140e-12,4.859769609454835540e-43
8.964389524418467925e-01,1.322646775684231348e-54,2.722658811791378193e-12,4.857923328314478003e-43
8.967923265631947416e-01,1.322175015725441486e-54,2.722665101642863645e-12,4.856179391757132935e-43
8.971456989246284763e-01,1.321720585000893275e-54,2.722671419556113720e-12,4.854499061133046714e-43
8.974990694967980298e-01,1.321272573207003477e-54,2.722677566150124762e-12,4.852842619463337264e-43
8.978524382503719758e-01,1.320819706715407557e-54,2.722683326225148360e-12,4.851169043396067604e-43
8.982058051560380951e-01,1.320350112260186360e-54,2.722688576980954556e-12,4.849434942443004995e-43
8.985591701845041523e-01,1.319851246377128650e-54,2.722693289879004019e-12,4.847594296733226920e-43
8.989125333064982293e-01,1.319309656540632530e-54,2.722697525637399900e-12,4.845597588853628102e-43
8.992658944927699460e-01,1.318710648286737125e-54,2.722701418995653166e-12,4.843390608630091610e-43
8.996192537140903500e-01,1.318037847164471699e-54,2.722705153569184020e-12,4.840912889288290642e-43
8.999726109412533592e-01,1.317249796920038535e-54,2.722708931406011803e-12,4.838011811419769652e-43
9.003259661450759843e-01,1.316497526264606180e-54,2.722712942199711768e-12,4.835241739443131716e-43
9.006793192963994388e-01,1.315821630690359925e-54,2.722717336288782221e-12,4.832751505831667544e-43
9.010326703660891390e-01,1.315210807113067433e-54,2.722722203782900093e-12,4.830499436504163778e-43
9.013860193250359254e-01,1.314654116971577567e-54,2.722727562475311262e-12,4.828445324791831349e-43
9.017393661441566177e-01,1.314140963418367816e-54,2.722733354953044383e-12,4.826550352526280319e-43
9.020927107943942369e-01,1.313660956521606020e-54,2.722739456252233203e-12,4.824776581193045090e-43
9.024460532467195595e-01,1.313203728637597295e-54,2.722745692099813476e-12,4.823086241392008493e-43
9.027993934721304514e-01,1.312758746667475466e-54,2.722751866274684992e-12,4.821440994781556064e-43
9.031527314416540886e-01,1.312315151976051941e-54,2.722757790396434244e-12,4.819801293397377214e-43
9.035060671263462906e-01,1.311861682706526645e-54,2.722763256878481231e-12,4.818126142228442519e-43
9.038594004972926310e-01,1.311386417584862280e-54,2.722768201307041788e-12,4.816371870933935348e-43
9.042127315256092146e-01,1.310876710562657984e-54,2.722772635036478448e-12,4.814492013377736589e-43
9.045660601824431213e-01,1.310318890957551475e-54,2.722776651436466101e-12,4.812436195478102841e-43
9.049193864389731834e-01,1.309697903745085891e-54,2.722780406273197275e-12,4.810148849049980862e-43
9.052727102664102077e-01,1.308993019891057225e-54,2.722784050892590234e-12,4.807553575399928023e-43
9.056260316359977525e-01,1.308202498755148032e-54,2.722787843099389046e-12,4.804643527664652670e-43
9.059793505190134599e-01,1.307493478835927507e-54,2.722791941366140664e-12,4.802032277868071146e-43
9.063326668867686120e-01,1.306854739039746792e-54,2.722796464251650719e-12,4.799678404896601009e-43
9.066859807106092406e-01,1.306275348767230110e-54,2.722801468764120544e-12,4.797541663440296770e-43
9.070392919619161276e-01,1.305744737992635798e-54,2.722806940178997722e-12,4.795583259042214679e-43
9.073926006121063592e-01,1.305252622008258393e-54,2.722812792848106141e-12,4.793765570063092671e-43
9.077459066326336590e-01,1.304788844961179364e-54,2.722818881790053079e-12,4.792051552482905687e-43
9.080992099949881657e-01,1.304343196077249244e-54,2.722825024329929154e-12,4.790404026781854112e-43
9.084525106706977660e-01,1.303905235302505674e-54,2.722831029363038667e-12,4.788784986072134924e-43
9.088058086313285377e-01,1.303464190534297624e-54,2.722836694867807822e-12,4.787155223047925343e-43
9.091591038484847509e-01,1.303008756322774813e-54,2.722841883990021858e-12,4.785473456921268055e-43
9.095123962938104212e-01,1.302526998435040186e-54,2.722846556011022034e-12,4.783695928658006975e-43
9.098656859389888663e-01,1.302006159500869474e-54,2.722850755907095758e-12,4.781775705760695197e-43
9.102189727557439269e-01,1.301432353440993543e-54,2.722854601891250005e-12,4.779661582138980070e-43
9.105722567158398562e-01,1.300790173163791377e-54,2.722858263035574181e-12,4.777296676888379486e-43
9.109255377910825402e-01,1.300039382932154044e-54,2.722861931123950353e-12,4.774532884212458917e-43
9.112788159533194987e-01,1.299291811994363744e-54,2.722865791311160840e-12,4.771780585515772151e-43
9.116320911744407729e-01,1.298620010312124132e-54,2.722869995692722410e-12,4.769305961600798577e-43
9.119853634263785924e-01,1.298013081048120261e-54,2.722874642218561675e-12,4.767068821025549491e-43
9.123386326811091518e-01,1.297460451099292653e-54,2.722879761661539429e-12,4.765030279220130316e-43
9.126918989106521662e-01,1.296951879182534335e-54,2.722885313111663352e-12,4.763152795812767791e-43
9.130451620870714269e-01,1.296477347896720277e-54,2.722891189327070117e-12,4.761399768666955228e-43
9.133984221824755778e-01,1.296026898342733019e-54,2.722897232113189482e-12,4.759734899494942959e-43
9.137516791690186713e-01,1.295590453401735913e-54,2.722903256645746249e-12,4.758121502259065416e-43
9.141049330188998345e-01,1.295157660212028930e-54,2.722909075585703678e-12,4.756521882514339157e-43
9.144581837043650463e-01,1.294717807495224917e-54,2.722914501809877571e-12,4.754897029027708245e-43
9.148114311977060265e-01,1.294259592449107117e-54,2.722919435880680003e-12,4.753205604963121858e-43
9.151646754712617904e-01,1.293771060109982264e-54,2.722923869940992948e-12,4.751403718599077092e-43
9.155179164974188710e-01,1.293239347798213012e-54,2.722927876014030106e-12,4.749444005440669565e-43
9.158711542486114299e-01,1.292650374757256607e-54,2.722931551100693129e-12,4.747274584389487394e-43
9.162243886973218121e-01,1.291988403290453635e-54,2.722935132969653083e-12,4.744837244365060097e-43
9.165776198160809907e-01,1.291220973464026297e-54,2.722938796704272748e-12,4.742012472064610403e-43
9.169308475774687883e-01,1.290510547997544605e-54,2.722942709308759066e-12,4.739396622579514635e-43
9.172840719541148768e-01,1.289870792539555591e-54,2.722947000800280793e-12,4.737039656520892422e-43
9.176372929186982219e-01,1.289291133315360489e-54,2.722951744145226151e-12,4.734902614736154860e-43
9.179905104439480823e-01,1.288761328002098813e-54,2.722956944819068332e-12,4.732947872915165537e-43
9.183437245026443430e-01,1.288271428465237349e-54,2.722962539370337954e-12,4.731139007013806118e-43
9.186969350676176260e-01,1.287811652282550249e-54,2.722968403926338332e-12,4.729440306489094431e-43
9.190501421117496239e-01,1.287372215517065910e-54,2.722974372294744742e-12,4.727816128626112581e-43
9.194033456079737654e-01,1.286943165109990893e-54,2.722980261932251102e-12,4.726230237881947071e-43
9.197565455292752157e-01,1.286514250533664632e-54,2.722985889322364860e-12,4.724645307852929126e-43
9.201097418486916535e-01,1.286074802485486451e-54,2.722991087239579990e-12,4.723022445840023186e-43
9.204629345393127160e-01,1.285613555359943748e-54,2.722995792043042331e-12,4.721320389538164180e-43
9.208161235742815531e-01,1.285118539089529997e-54,2.723000022319427545e-12,4.719495147102045816e-43
9.211693089267938284e-01,1.284576802830645799e-54,2.723003870657003531e-12,4.717498996873274173e-43
9.215224905700988289e-01,1.283974077783693239e-54,2.723007485336546559e-12,4.715279281081381455e-43
9.218756684774995769e-01,1.283286756878769239e-54,2.723011045189537536e-12,4.712748995806753579e-43
9.222288426223531621e-01,1.282531535815880738e-54,2.723014731853191403e-12,4.709969141235725971e-43
9.225820129780707424e-01,1.281853029159430719e-54,2.723018703548709740e-12,4.707470527062065643e-43
9.229351795181182094e-01,1.281240714423929582e-54,2.723023073061807178e-12,4.705214315291436667e-43
9.232883422160159670e-01,1.280684329498087200e-54,2.723027892797286001e-12,4.703162728834474186e-43
9.236415010453393748e-01,1.280173932481882296e-54,2.723033147538612774e-12,4.701279283504313115e-43
9.239946559797193038e-01,1.279699834313061938e-54,2.723038756287084557e-12,4.699528537221251953e-43
9.243478069928420249e-01,1.279252459617986565e-54,2.723044583571644449e-12,4.697875559349353431e-43
9.247009540584492093e-01,1.278822182461733069e-54,2.723050459667124161e-12,4.696285292554075805e-43
9.250540971503389276e-01,1.278399172176912963e-54,2.723056201623690655e-12,4.694721950338870257e-43
9.254072362423646503e-01,1.277973285273813741e-54,2.723061637598113039e-12,4.693148578160922498e-43
9.257603713084368025e-01,1.277533898662899942e-54,2.723066626719789372e-12,4.691526406762288517e-43
9.261135023225222085e-01,1.277069800820360207e-54,2.723071130418182728e-12,4.689814329691197687e-43
9.264666292586438701e-01,1.276569027824068160e-54,2.723075149805384932e-12,4.687968409227718657e-43
9.268197520908821874e-01,1.276018564942621398e-54,2.723078853446753254e-12,4.685940560727770636e-43
9.271728707933741820e-01,1.275404002638891502e-54,2.723082384164238588e-12,4.683677622299830697e-43
9.275259853403142740e-01,1.274688898144311506e-54,2.723085914895645841e-12,4.681045468200588239e-43
9.278790957059540601e-01,1.273965247467917044e-54,2.723089616975503962e-12,4.678381642404012242e-43
9.282322018646026462e-01,1.273314130084874458e-54,2.723093633790760919e-12,4.675983646997554529e-43
9.285853037906264262e-01,1.272725296107492512e-54,2.723098060240267442e-12,4.673813678216185731e-43
9.289384014584503024e-01,1.272188776995493428e-54,2.723102929925929666e-12,4.671835070994168975e-43
9.292914948425561317e-01,1.271694905419147964e-54,2.723108210283139675e-12,4.670012380032894440e-43
9.296445839174839465e-01,1.271234227529135458e-54,2.723113806789188950e-12,4.668311050238631176e-43
9.299976686578318441e-01,1.270797358998645185e-54,2.723119576356015161e-12,4.666696864994751131e-43
9.303507490382564304e-01,1.270374826091557823e-54,2.723125348948218920e-12,4.665135325416539853e-43
9.307038250334719320e-01,1.269956923620595639e-54,2.723130948467500970e-12,4.663591092948690123e-43
9.310568966182510842e-01,1.269533617937957133e-54,2.723136204183198037e-12,4.662027613557260372e-43
9.314099637674251309e-01,1.269094361792767624e-54,2.723141006298913134e-12,4.660406342738838136e-43
9.317630264558832698e-01,1.268628011743884167e-54,2.723145336355807565e-12,4.658686390354762282e-43
9.321160846585740956e-01,1.268122617622911722e-54,2.723149250788806919e-12,4.656823775838133811e-43
9.324691383505037123e-01,1.267565136903178346e-54,2.723152868058813458e-12,4.654770401511671505e-43
9.328221875067372881e-01,1.266941069964688799e-54,2.723156347617723667e-12,4.652472749399924818e-43
9.331752321023987218e-01,1.266214085753361153e-54,2.723159864443167016e-12,4.649797106246192281e-43
9.335282721126698657e-01,1.265517349644756680e-54,2.723163583118536509e-12,4.647232202611567949e-43
9.338813075127919694e-01,1.264889528450641374e-54,2.723167634958412288e-12,4.644919806671977392e-43
9.342343382780644578e-01,1.264320638022898862e-54,2.723172100020779276e-12,4.642823117985276626e-43
9.345873643838457090e-01,1.263800980547310411e-54,2.723176996691338941e-12,4.640906492977977954e-43
9.349403858055523875e-01,1.263321136658169219e-54,2.723182278989820680e-12,4.639135420368573264e-43
9.352934025186599998e-01,1.262871865507031521e-54,2.723187842766750438e-12,4.637476143489087035e-43
9.356464144987026721e-01,1.262443960231280647e-54,2.723193540682642690e-12,4.635895103933063551e-43
9.359994217212729284e-01,1.262028098589040972e-54,2.723199198984785938e-12,4.634358364454306199e-43
9.363524241620221344e-01,1.261614696710838250e-54,2.723204664116968273e-12,4.632830992597950680e-43
9.367054217966598317e-01,1.261193852761570153e-54,2.723209718531218911e-12,4.631276997064344103e-43
9.370584146009542925e-01,1.260755113361984408e-54,2.723214339697170780e-12,4.629658029423361783e-43
9.374114025507319647e-01,1.260287419828691051e-54,2.723218513116641065e-12,4.627933504999311938e-43
9.377643856218776941e-01,1.259778872941148139e-54,2.723222302713763401e-12,4.626059619465311523e-43
9.381173637903346130e-01,1.259216443507578463e-54,2.723225831956755269e-12,4.623988318305489861e-43
9.384703370321041405e-01,1.258585600790634562e-54,2.723229260588297027e-12,4.621665972106745801e-43
9.388233053232453162e-01,1.257857562764685725e-54,2.723232758899398589e-12,4.618986602059869551e-43
9.391762686398757998e-01,1.257183640391001286e-54,2.723236482619312084e-12,4.616505574946596130e-43
9.395292269581709821e-01,1.256575530534791678e-54,2.723240551422918201e-12,4.614265639802621781e-43
9.398821802543636528e-01,1.256023504248198330e-54,2.723245032571747672e-12,4.612230956911170568e-43
9.402351285047448881e-01,1.255518115530807693e-54,2.723249932199215899e-12,4.610366829301226043e-43
9.405880716856628299e-01,1.255050174195194159e-54,2.723255194265437830e-12,4.608639604683568621e-43
9.409410097735232403e-01,1.254610639139835213e-54,2.723260708212129013e-12,4.607016270445550685e-43
9.412939427447895024e-01,1.254190475718055667e-54,2.723266324996038041e-12,4.605463902690018405e-43
9.416468705759816205e-01,1.253780512751840493e-54,2.723271874363163258e-12,4.603949111930063603e-43
9.419997932436771082e-01,1.253371306489976303e-54,2.723277208856643905e-12,4.602437469141082188e-43
9.423527107245099899e-01,1.252953077742313868e-54,2.723282155889669863e-12,4.600893355954834312e-43
9.427056229951713551e-01,1.252515496172131071e-54,2.723286652387923295e-12,4.599278945071237929e-43
9.430585300324083597e-01,1.252047613537781485e-54,2.723290708548048706e-12,4.597554016571825453e-43
9.434114318130251142e-01,1.251537616470209043e-54,2.723294401761369151e-12,4.595675060547038570e-43
9.437643283138815731e-01,1.250972536210802293e-54,2.723297861494707263e-12,4.593594236967507182e-43
9.441172195118936461e-01,1.250337875952890047e-54,2.723301247663765516e-12,4.591258043984357828e-43
9.444701053840334204e-01,1.249615373490833495e-54,2.723304726140582120e-12,4.588599143885618731e-43
9.448229859073281611e-01,1.248960494038176010e-54,2.723308444953427980e-12,4.586188157836579059e-43
9.451758610588608667e-01,1.248368832379508867e-54,2.723312514203369527e-12,4.584008724186709713e-43
9.455287308157700465e-01,1.247830897504745400e-54,2.723316991140280946e-12,4.582025895495425442e-43
9.458815951552485002e-01,1.247337473569257592e-54,2.723321872835219086e-12,4.580205836156520810e-43
9.462344540545443161e-01,1.246879588352222551e-54,2.723327058256933214e-12,4.578515770156113461e-43
9.465873074909599838e-01,1.246448384330344679e-54,2.723332492560103813e-12,4.576923264917259114e-43
9.469401554418525047e-01,1.246034994966675765e-54,2.723338009057889879e-12,4.575396042732603945e-43
9.472929978846327259e-01,1.245630396557772701e-54,2.723343450772862915e-12,4.573901232340977086e-43
9.476458347967654516e-01,1.245225305908344660e-54,2.723348658355476304e-12,4.572405013540526747e-43
9.479986661557691097e-01,1.244810075399533125e-54,2.723353476192276738e-12,4.570872221625798078e-43
9.483514919392155296e-01,1.244374522430027243e-54,2.723357851398941131e-12,4.569265554986884868e-43
9.487043121247293875e-01,1.243907833291511046e-54,2.723361802245301043e-12,4.567545275350339388e-43
9.490571266899884284e-01,1.243398319270655403e-54,2.723365411094093573e-12,4.565668324219218487e-43
9.494099356127232436e-01,1.242833126313900632e-54,2.723368808770528231e-12,4.563587283189090862e-43
9.497627388707157170e-01,1.242194131404001659e-54,2.723372153069330773e-12,4.561235342015256988e-43
9.501155364418008009e-01,1.241484322412478509e-54,2.723375604895937388e-12,4.558623203426677949e-43
9.504683283038646291e-01,1.240845075655389178e-54,2.723379305417559699e-12,4.556269753489727872e-43
9.508211144348447386e-01,1.240266919854991276e-54,2.723383357062523776e-12,4.554140042894141758e-43
9.511738948127297366e-01,1.239740587704309408e-54,2.723387809683588672e-12,4.552199959536229636e-43
9.515266694155594118e-01,1.239257077279555274e-54,2.723392654234082783e-12,4.550416464378984051e-43
9.518794382214238459e-01,1.238807605862104595e-54,2.723397823835498369e-12,4.548757419940321073e-43
9.522322012084631915e-01,1.238383500448005721e-54,2.723403203056155408e-12,4.547191172641323877e-43
9.525849583548678945e-01,1.237976065753741474e-54,2.723408639336668142e-12,4.545686048992160495e-43
9.529377096388772506e-01,1.237576443498693146e-54,2.723413984337878637e-12,4.544209769854636822e-43
9.532904550387806264e-01,1.237175510147785116e-54,2.723419083712822631e-12,4.542729092068894761e-43
9.536431945329156834e-01,1.236763773781616654e-54,2.723423794194005037e-12,4.541209401262633300e-43
9.539959280996689328e-01,1.236331216681192026e-54,2.723428070298491128e-12,4.539613989311965261e-43
9.543486557174750695e-01,1.235867187088938860e-54,2.723431935375619793e-12,4.537903705379316260e-43
9.547013773648166390e-01,1.235360159501382086e-54,2.723435474126330230e-12,4.536036088380914556e-43
9.550540930202237044e-01,1.234797447701221828e-54,2.723438816914060796e-12,4.533964339615221037e-43
9.554068026622735132e-01,1.234156807741679112e-54,2.723442080908087787e-12,4.531606588564458706e-43
9.557595062695901644e-01,1.233461364193250389e-54,2.723445481020807244e-12,4.529047387909972196e-43
9.561122038208442753e-01,1.232834601590695377e-54,2.723449140798859270e-12,4.526739945762572819e-43
9.564648952947525373e-01,1.232267252764709927e-54,2.723453152290485202e-12,4.524650081564081875e-43
9.568175806700772723e-01,1.231750256177800692e-54,2.723457558556346551e-12,4.522744451471196638e-43
9.571702599256262101e-01,1.231274807058008580e-54,2.723462346332800911e-12,4.520990748103955948e-43
9.575229330402519334e-01,1.230832308039412051e-54,2.723467446920073413e-12,4.519357517679680618e-43
9.578755999928519893e-01,1.230414261411015212e-54,2.723472745411185945e-12,4.517813748950328002e-43
9.582282607623678894e-01,1.230012141151153361e-54,2.723478091987915800e-12,4.516328384537675123e-43
9.585809153277845551e-01,1.229617257985166487e-54,2.723483342409486503e-12,4.514869758290185130e-43
9.589335636681310948e-01,1.229220662878095528e-54,2.723488345421755639e-12,4.513405261837975931e-43
9.592862057624791383e-01,1.228813038089530350e-54,2.723492965156227433e-12,4.511900907440170668e-43
9.596388415899429480e-01,1.228384551888832870e-54,2.723497159964965906e-12,4.510320663982753780e-43
9.599914711296793079e-01,1.227924745327719287e-54,2.723500955021825212e-12,4.508626086815082665e-43
9.603440943608865243e-01,1.227422297890806081e-54,2.723504434724968982e-12,4.506775470019590437e-43
9.606967112628043148e-01,1.226864747070046865e-54,2.723507727249288942e-12,4.504722842512974713e-43
9.610493218147136973e-01,1.226228911779664791e-54,2.723510983968313741e-12,4.502382839642446095e-43
9.614019259959356578e-01,1.225544394134850313e-54,2.723514356963853097e-12,4.499863901951576254e-43
9.617545237858317053e-01,1.224927108205649200e-54,2.723517977783542463e-12,4.497591417415651925e-43
9.621071151638032060e-01,1.224367988782438369e-54,2.723521939873840739e-12,4.495531946546954328e-43
9.624597001092902726e-01,1.223858168347765305e-54,2.723526286094925168e-12,4.493652859516073445e-43
9.628122786017724311e-01,1.223389025309320016e-54,2.723531003373237671e-12,4.491922521880925030e-43
9.631648506207673988e-01,1.222952136377608382e-54,2.723536024364995146e-12,4.490310116836971809e-43
9.635174161458306408e-01,1.222539176264073440e-54,2.723541231503574104e-12,4.488785270157820388e-43
9.638699751565557028e-01,1.222141782465542666e-54,2.723546492044409958e-12,4.487317495902744938e-43
9.642225276325726568e-01,1.221751448159931919e-54,2.723551618916114636e-12,4.485875867651626980e-43
9.645750735535484344e-01,1.221359403889800601e-54,2.723556523873448034e-12,4.484428331793094290e-43
9.649276128991864931e-01,1.220956522932705297e-54,2.723561062458190994e-12,4.482941615528577650e-43
9.652801456492250409e-01,1.220533177742450413e-54,2.723565189343715635e-12,4.481380443978123829e-43
9.656326717834387008e-01,1.220079130722915533e-54,2.723568926834666062e-12,4.479707191184959089e-43
9.659851912816367348e-01,1.219583305802940704e-54,2.723572355928674888e-12,4.477881056283122283e-43
9.663377041236618226e-01,1.219033517066048554e-54,2.723575600787548117e-12,4.475857092836172132e-43
9.666902102893918380e-01,1.218408187552749654e-54,2.723578808586670837e-12,4.473555836575958731e-43
9.670427097587370735e-01,1.217731380679471391e-54,2.723582127613195637e-12,4.471065397049830517e-43
9.673952025116411280e-01,1.217120769906380357e-54,2.723585686571685697e-12,4.468817617551924892e-43
9.677476885280805741e-01,1.216567480022667267e-54,2.723589577427665911e-12,4.466779760450076119e-43
9.681001677880632927e-01,1.216062823254686267e-54,2.723593843152045057e-12,4.464919856946523805e-43
9.684526402716292504e-01,1.215598348692585516e-54,2.723598472385191363e-12,4.463206897116612329e-43
9.688051059588492775e-01,1.215165798900756925e-54,2.723603400887731375e-12,4.461610668075556685e-43
9.691575648298247359e-01,1.214757014870994665e-54,2.723608515229546068e-12,4.460101398855462327e-43
9.695100168646869632e-01,1.214363806061191625e-54,2.723613686817804652e-12,4.458649227453475567e-43
9.698624620435974952e-01,1.213977840498391895e-54,2.723618769795933086e-12,4.457223800779391430e-43
9.702149003467464006e-01,1.213590540993164640e-54,2.723623623321487901e-12,4.455793857130590258e-43
9.705673317543529466e-01,1.213192994597078974e-54,2.723628113345433817e-12,4.454326890857773787e-43
9.709197562466640452e-01,1.212775797378662657e-54,2.723632197439974792e-12,4.452788443750179614e-43
9.712721738039548081e-01,1.212328959652032629e-54,2.723635896363720036e-12,4.451141803757955834e-43
9.716245844065268811e-01,1.211841685305528301e-54,2.723639287342165101e-12,4.449347205914669316e-43
9.719769880347096658e-01,1.211302112363549243e-54,2.723642489999215671e-12,4.447360902949850962e-43
9.723293846688575437e-01,1.210693065694263622e-54,2.723645610234645030e-12,4.445119662943083992e-43
9.726817742893514307e-01,1.210020825238878948e-54,2.723648850566973900e-12,4.442646213321487479e-43
9.730341568765970006e-01,1.209414148646941736e-54,2.723652326529257973e-12,4.440413105839005916e-43
9.733865324110249073e-01,1.208864338013936717e-54,2.723656125820405156e-12,4.438388262577784337e-43
9.737389008730901185e-01,1.208362870265212015e-54,2.723660291758870542e-12,4.436540320103143143e-43
9.740912622432708057e-01,1.207901451684458479e-54,2.723664816100317025e-12,4.434838841197446058e-43
9.744436165020687879e-01,1.207471981141688191e-54,2.723669639349486627e-12,4.433254179203896699e-43
9.747959636300087549e-01,1.207066461390795362e-54,2.723674653537620556e-12,4.431757147730577567e-43
9.751483036076368238e-01,1.206676874587626718e-54,2.723679734896341396e-12,4.430318510386650768e-43
9.755006364155213161e-01,1.206295075145078332e-54,2.723684741203117027e-12,4.428908591719865799e-43
9.758529620342518696e-01,1.205912681715182539e-54,2.723689538230113123e-12,4.427496837612407622e-43
9.762052804444383280e-01,1.205521011238306634e-54,2.723693986415884042e-12,4.426051594821982121e-43
9.765575916267108525e-01,1.205110899117729176e-54,2.723698038937262942e-12,4.424539291396418759e-43
9.769098955617193658e-01,1.204672628337977961e-54,2.723701710542606302e-12,4.422924227256836117e-43
9.772621922301329978e-01,1.204195716501789774e-54,2.723705071718223016e-12,4.421167801924069733e-43
9.776144816126391968e-01,1.203668669997425625e-54,2.723708235708880642e-12,4.419227633183533974e-43
9.779667636899437300e-01,1.203078677722264782e-54,2.723711340401715942e-12,4.417056462175704124e-43
9.783190384427699060e-01,1.202411846440626020e-54,2.723714527974148188e-12,4.414603050691069120e-43
9.786713058518579089e-01,1.201806355349408029e-54,2.723717925097060480e-12,4.412374513071434177e-43
9.790235658979646871e-01,1.201257647905745884e-54,2.723721626193496980e-12,4.410353966989455040e-43
9.793758185618629541e-01,1.200757357997822703e-54,2.723725680919444691e-12,4.408510616210383716e-43
9.797280638243416329e-01,1.200297338170580659e-54,2.723730088052049150e-12,4.406814549781642910e-43
9.800803016662036349e-01,1.199869633599344179e-54,2.723734795646522679e-12,4.405236646082995934e-43
9.804325320682670819e-01,1.199466408677379447e-54,2.723739666455649655e-12,4.403748359101522547e-43
9.807847550113637514e-01,1.199079812775145116e-54,2.723744639313362580e-12,4.402320964557914269e-43
9.811369704763390764e-01,1.198701886625274666e-54,2.723749564401499741e-12,4.400925482621124313e-43
9.814891784440510358e-01,1.198324446938731220e-54,2.723754310284242891e-12,4.399532081194495022e-43
9.818413788953703758e-01,1.197939054398033040e-54,2.723758727832631307e-12,4.398110016709393106e-43
9.821935718111795000e-01,1.197536797138948458e-54,2.723762762091084473e-12,4.396626658555155478e-43
9.825457571723721362e-01,1.197108250845313602e-54,2.723766419063814439e-12,4.395047396379795128e-43
9.828979349598528925e-01,1.196643274570723866e-54,2.723769760238988713e-12,4.393334899443659711e-43
9.832501051545371462e-01,1.196130779615087628e-54,2.723772890855055738e-12,4.391448287157283332e-43
9.836022677373492673e-01,1.195558442936931833e-54,2.723775942866078971e-12,4.389342104545176826e-43
9.839544226892230627e-01,1.194903733504587330e-54,2.723779055366592101e-12,4.386933408384571489e-43
9.843065699911016653e-01,1.194296714859368039e-54,2.723782355160237081e-12,4.384699506540084147e-43
9.846587096239360903e-01,1.193746749300959611e-54,2.723785939888685691e-12,4.382674614106220796e-43
9.850108415686845698e-01,1.193245618061597511e-54,2.723789865450136797e-12,4.380828466972800769e-43
9.853629658063134400e-01,1.192785309402050449e-54,2.723794138614231283e-12,4.379131640282098922e-43
9.857150823177951438e-01,1.192358009059476081e-54,2.723798711472673415e-12,4.377555522136234500e-43
9.860671910841080079e-01,1.191956018372946408e-54,2.723803504809011357e-12,4.376071975340689957e-43
9.864192920862367986e-01,1.191571659992515552e-54,2.723808398963454813e-12,4.374653005864759309e-43
9.867713853051705009e-01,1.191197168173977058e-54,2.723813260475421478e-12,4.373270317239230709e-43
9.871234707219032067e-01,1.190824575892744670e-54,2.723817963190072634e-12,4.371894862232564621e-43
9.874755483174328941e-01,1.190445677422936365e-54,2.723822365838629543e-12,4.370496741465787790e-43
9.878276180727610933e-01,1.190051839679409034e-54,2.723826362270951383e-12,4.369044430156775141e-43
9.881796799688922217e-01,1.189633941677100789e-54,2.723830004137147990e-12,4.367504359193486941e-43
9.885317339868336939e-01,1.189182203480797353e-54,2.723833330749938847e-12,4.365840560271674239e-43
9.888837801075942568e-01,1.188685969400921956e-54,2.723836433145713376e-12,4.364013767258881271e-43
9.892358183121845450e-01,1.188133441624699014e-54,2.723839434304988542e-12,4.361980470144201998e-43
9.895878485816158587e-01,1.187496326283975173e-54,2.723842468957717093e-12,4.359636578903818324e-43
9.899398708969000538e-01,1.186884977048229630e-54,2.723845663932570870e-12,4.357387031006214408e-43
9.902918852390490967e-01,1.186331291254204757e-54,2.723849120924077074e-12,4.355348767819184535e-43
9.906438915890741770e-01,1.185827190553468649e-54,2.723852903247487667e-12,4.353492030130105638e-43
9.909958899279851519e-01,1.185364788542631776e-54,2.723857027482282955e-12,4.351787838285656263e-43
9.913478802367903242e-01,1.184936397690425233e-54,2.723861456716940124e-12,4.350208028269633937e-43
9.916998624964964426e-01,1.184534460156201016e-54,2.723866122098634082e-12,4.348724963191520061e-43
9.920518366881067029e-01,1.184151461540195052e-54,2.723870912488602746e-12,4.347311233109508997e-43
9.924038027926218586e-01,1.183779825397612423e-54,2.723875699449071300e-12,4.345939227832763316e-43
9.927557607910386661e-01,1.183411802134255005e-54,2.723880357312486744e-12,4.344580697009272579e-43
9.931077106643494412e-01,1.183039421351862570e-54,2.723884752249413286e-12,4.343206592624361147e-43
9.934596523935422807e-01,1.182654330896802609e-54,2.723888795323384695e-12,4.341786393509489570e-43
9.938115859595998414e-01,1.182247725644593221e-54,2.723892468978553507e-12,4.340287801771890383e-43
9.941635113434990068e-01,1.181810204183314628e-54,2.723895810520855417e-12,4.338676243117141761e-43
9.945154285262105542e-01,1.181331564394549258e-54,2.723898903874987666e-12,4.336914129647030284e-43
9.948673374886983778e-01,1.180800558993073698e-54,2.723901865417470463e-12,4.334959985102480478e-43
9.952192382119197100e-01,1.180189896186406385e-54,2.723904790294792947e-12,4.332713464844272282e-43
9.955711306768229019e-01,1.179571290177767807e-54,2.723907861606098699e-12,4.330437555557612465e-43
9.959230148643493097e-01,1.179011289688528546e-54,2.723911174931518214e-12,4.328376418949013593e-43
9.962748907554307420e-01,1.178501951343235301e-54,2.723914797791223591e-12,4.326500785923489636e-43
9.966267583309902367e-01,1.178035503271308109e-54,2.723918756275176763e-12,4.324782083009748282e-43
9.969786175719407284e-01,1.177604372467057286e-54,2.723923025451686354e-12,4.323192547894353922e-43
9.973304684591850489e-01,1.177201130780700734e-54,2.723927548320430653e-12,4.321705000951882742e-43
9.976823109736152606e-01,1.176818418372467520e-54,2.723932223780817120e-12,4.320292583267890267e-43
9.980341450961125460e-01,1.176448843255962097e-54,2.723936929636899910e-12,4.318928351299170633e-43
9.983859708075458750e-01,1.176084872008855466e-54,2.723941541382491639e-12,4.317584845862561600e-43
9.987377880887724491e-01,1.175718765837719954e-54,2.723945935021660254e-12,4.316233852961442467e-43
9.990895969206362581e-01,1.175342473080475161e-54,2.723949999324313316e-12,4.314845989728238339e-43
9.994413972839686355e-01,1.174947506501901809e-54,2.723953701955142388e-12,4.313390149247296691e-43
9.997931891595869258e-01,1.174524850333119615e-54,2.723957064922533687e-12,4.311833198319965901e-43
1.000000000000000000e+00,1.174264158101120583e-54,2.723956746379426197e-12,4.310876667413699631e-43
