case,time_proper_Myr,front_radius_proper_kpc,analytic_radius_proper_kpc,absolute_error_proper_kpc
c2ray_20,0.0,0.0,0.0,0.0
c2ray_20,2.5,1.4885941546373955,1.46942717599688,0.01916697864051553
c2ray_20,5.0,1.8613732396603322,1.8451000702022484,0.01627316945808377
c2ray_20,7.5,2.1298290274719687,2.104992603735675,0.02483642373629369
c2ray_20,10.0,2.2847700364903876,2.3090610643588896,0.024291027868502013
c2ray_20,12.5,2.4925009113913394,2.4790334661269986,0.01346744526434085
c2ray_20,15.0,2.6058674762363276,2.6255772846226946,0.019709808386366934
c2ray_20,17.5,2.780612324363325,2.7548255622101285,0.02578676215319664
c2ray_20,20.0,2.8556482010567747,2.8706714244179414,0.015023223361166682
c2ray_20,22.5,2.9875591044208636,2.975761292233759,0.01179781218710474
c2ray_20,25.0,3.098890488228968,3.0719870379078333,0.026903450321134503
c2ray_20,27.5,3.1549668014661463,3.1607544552591955,0.005787653793049241
c2ray_20,30.0,3.231648704427989,3.243140682863595,0.011491978435605787
c2ray_20,32.5,3.354566181114357,3.3199918775247856,0.034574303589571365
c2ray_20,35.0,3.419534377329241,3.3919866356878425,0.027547741641398282
c2ray_20,37.5,3.4615198755578267,3.45967874570826,0.0018411298495668582
c2ray_20,40.0,3.512641114250465,3.5235269264221465,0.010885812171681497
c2ray_20,42.5,3.6009968887359465,3.583916073697149,0.017080815038797326
c2ray_20,45.0,3.6836228473643597,3.641172793622512,0.04245005374184796
c2ray_20,47.5,3.729718731888203,3.6955769888701964,0.034141743018006654
c2ray_20,50.0,3.7621424418726805,3.747370654879465,0.014771786993215574
instantaneous_20,0.0,0.0,0.0,0.0
instantaneous_20,0.002381153634116409,0.0,0.14506822792180699,0.14506822792180699
instantaneous_20,0.004546729496743036,0.0,0.1799733737804115,0.1799733737804115
instantaneous_20,0.006516887702906143,0.0,0.20291810563091275,0.20291810563091275
instantaneous_20,0.008310165002969218,0.0,0.2200440053223049,0.2200440053223049
instantaneous_20,0.00994364078144671,0.0,0.23360770799973155,0.23360770799973155
instantaneous_20,0.011433068412916284,0.0,0.24473274368550216,0.24473274368550216
instantaneous_20,0.012792974058937255,0.0,0.2540743638678571,0.2540743638678571
instantaneous_20,0.014036728593178354,0.25120245990343476,0.2620544700938994,0.010852010190464667
instantaneous_20,0.015176600724630831,0.26971240609140945,0.2689637594642161,0.0007486466271933723
instantaneous_20,0.016223800000716323,0.2843342750129201,0.2750125452159791,0.009321729796940958
instantaneous_20,0.017188517315432153,0.2961342766341232,0.2803585974960534,0.015775679138069765
instantaneous_20,0.01807996839855716,0.30582358783125607,0.285123557903889,0.02070002992736708
instantaneous_20,0.018906443251393266,0.31389481884816994,0.2894032044519593,0.02449161439621067
instantaneous_20,0.019675362234433422,0.32069999842250574,0.29327419256519754,0.027425805857308194
instantaneous_20,0.020393337858977775,0.32649737236166965,0.29679866891910484,0.02969870344256481
instantaneous_20,0.0210662403817556,0.3314806612410183,0.300027542358645,0.03145311888237334
instantaneous_20,0.021699264964129446,0.3357980004057229,0.3030028726140272,0.03279512779169569
instantaneous_20,0.022296998258653767,0.3395645742440189,0.30575965844278336,0.03380491580123557
instantaneous_20,0.02286348264407616,0.3428712670260749,0.30832720372290123,0.03454406330317367
instantaneous_20,0.023402276792448124,0.34579072360224844,0.3107301785675478,0.03506054503470063
instantaneous_20,0.023916511714179935,0.3483816823015335,0.3129894547155554,0.0353922275859781
instantaneous_20,0.024408941831560768,0.35069212902854574,0.31512277045638637,0.03556935857215937
instantaneous_20,0.024881990951465167,0.3527616305477598,0.3171452646576741,0.035616365890085655
instantaneous_20,0.02533779324246438,0.3546230859535922,0.31906990890066195,0.03555317705293026
instantaneous_20,0.025778229477802915,0.35630405869596615,0.3209078594117586,0.03539619928420756
instantaneous_20,0.02620495890103581,0.35782780189845853,0.32266874528861655,0.03515905660984198
instantaneous_20,0.0266194471170358,0.3592140562603432,0.32436090573727017,0.03485315052307303
instantaneous_20,0.027022990424682095,0.3604796772382583,0.32599158624037716,0.03448809099788114
instantaneous_20,0.02741673699733731,0.3616391326648369,0.3275671014599255,0.03407203120491137
instantaneous_20,0.027801705293876117,0.3627049009738984,0.32909297106727764,0.03361192990662076
instantaneous_20,0.02817880005101842,0.3636877924088655,0.3305740334377273,0.03311375897113822
instantaneous_20,0.028548826173501306,0.36459721014,0.33201454117708806,0.032582668962911954
instantaneous_20,0.02891250080246696,0.3654413639130158,0.33341824167379236,0.032023122239223434
instantaneous_20,0.029270463809291457,0.36622744609115776,0.3347884452665985,0.03143900082455925
instantaneous_20,0.02962328693010145,0.36696177756957116,0.3361280831312929,0.03083369443827827
instantaneous_20,0.029971481727850285,0.36764992947142516,0.3374397566038335,0.030210172867591645
instantaneous_20,0.030315506542980403,0.3682968251387639,0.33872577934417464,0.029571045794589246
instantaneous_20,0.030655772571825935,0.368906826109031,0.3399882134969575,0.028918612612073513
instantaneous_20,0.030992649192075387,0.3694838049254592,0.3412289008009895,0.028254904124469682
instantaneous_20,0.03132646863756179,0.3700312070990527,0.34244948943429887,0.027581717664753813
instantaneous_20,0.0316575301103507,0.37055210404974326,0.3436514572483162,0.026900646801427064
instantaneous_20,0.031986103405602095,0.3710492385725478,0.3448361319355012,0.026213106637046568
instantaneous_20,0.0323124321136499,0.3715250639838841,0.34600470858383225,0.02552035540005182
instantaneous_20,0.03263673645508656,0.3719817780187191,0.34715826499867075,0.02482351302004837
instantaneous_20,0.032959215796590884,0.3724213522010368,0.34829777511263244,0.024123577088404347
instantaneous_20,0.03328005088867295,0.37284555745936043,0.34942412075200824,0.023421436707352195
instantaneous_20,0.03359940586104222,0.3732559865201284,0.3505381019889031,0.022717884531225307
instantaneous_20,0.0339174300061271,0.37365407350301144,0.35164044627171526,0.022013627231296184
instantaneous_20,0.03423425937781529,0.37404111113839233,0.3527318165000452,0.02130929463834713
instantaneous_20,0.0345500182284153,0.3744182660051288,0.35381281818404164,0.02060544782108714
instantaneous_20,0.034864820304028134,0.3747865918978526,0.35488400580913715,0.019902586088715424
instantaneous_20,0.035178770016544424,0.3751470417444226,0.35594588851085746,0.019201153233565138
instantaneous_20,0.03549196350744029,0.3755004781504033,0.35699893514846753,0.018501543001935794
instantaneous_20,0.03580448961754331,0.37584768280992953,0.3580435788564957,0.017804103953433847
instantaneous_20,0.03611643077496142,0.37618936486665383,0.35908022114149285,0.01710914372516098
instantaneous_20,0.036427863812017694,0.37652616843168,0.36010923558254726,0.01641693284913276
instantaneous_20,0.03673886072135286,0.37685867929262673,0.36113097118932563,0.015727708103301097
instantaneous_20,0.03704948935983534,0.3771874309325314,0.36214575546193634,0.01504167547059504
instantaneous_20,0.037359814108868336,0.37751290997043907,0.363153897195096,0.014359012775343072
instantaneous_20,0.03766989649841597,0.3778355610697802,0.36415568906260243,0.013679872007177796
instantaneous_20,0.037979795801901715,0.3781557913654394,0.36515141001496915,0.013004381350470273
instantaneous_20,0.03828956960873237,0.3784739744789906,0.36614132752066886,0.012332646958321758
instantaneous_20,0.038599274380922255,0.37879045422347224,0.36712569967881986,0.011664754544652378
instantaneous_20,0.03890896600003268,0.3791055479223222,0.3681047772288305,0.011000770693491702
instantaneous_20,0.0392187003107426,0.37941954949895557,0.36907880548120137,0.0103407440177542
instantaneous_20,0.03952853366727262,0.37973273232503957,0.37004802619331234,0.009684706131727228
instantaneous_20,0.03983852348920829,0.38004535184027044,0.37101267941250016,0.009032672427770283
instantaneous_20,0.04014872883336219,0.38035764803049765,0.37197300530894717,0.008384642721550484
instantaneous_20,0.04045921098894607,0.38066984771956125,0.3729292460215232,0.00774060169803803
instantaneous_20,0.04077003410342156,0.3809821667680596,0.37388164753867253,0.007100519229387092
instantaneous_20,0.04108126584811413,0.3812948121805627,0.37483046164129474,0.006464350539267971
instantaneous_20,0.04139297813215381,0.38160798413608,0.37577594793086483,0.005832036205215163
instantaneous_20,0.04170524787591384,0.3819218779844338,0.37671837597418084,0.005203502010252936
instantaneous_20,0.04201815785561906,0.38223668621024154,0.3776580275942929,0.004578658615948639
instantaneous_20,0.042331797632935014,0.3825526003961892,0.3785951993445775,0.003957401051611686
instantaneous_20,0.04264626458488668,0.3828698132876267,0.379530205203562,0.0033396080840646936
instantaneous_20,0.042961665054597614,0.38318852085126104,0.38046337954334997,0.002725141307911072
instantaneous_20,0.04327811564262026,0.38350892448590085,0.3813950804185354,0.0021138440673654224
instantaneous_20,0.04359574466483791,0.383831233344147,0.3823256932396689,0.0015055401044780647
instantaneous_20,0.04391469381222651,0.3841556668748352,0.3832556349189988,0.0009000319558364334
instantaneous_20,0.04423512004533958,0.38448245757076593,0.3841853585644123,0.0002970990063536072
instantaneous_20,0.04455719777107313,0.38481185403891494,0.3851153588373619,0.0003035047984469852
instantaneous_20,0.04488112136116796,0.38514412441700885,0.3860461781185259,0.0009020537015170249
instantaneous_20,0.045207108074451906,0.3854795603020781,0.38697841362503677,0.001498853322958682
instantaneous_20,0.0455354014749532,0.38581848118967993,0.38791272570178514,0.0020942445121052145
instantaneous_20,0.04586627545357546,0.3861612396707277,0.38884984754255775,0.002688607871830062
instantaneous_20,0.046200038981900796,0.38650822746355873,0.3897905966415203,0.003282369177961597
instantaneous_20,0.04653704176938626,0.38685988258751214,0.39073588838047,0.0038760057929578817
instantaneous_20,0.04687768105992063,0.3872166978486531,0.39168675231506805,0.004470054466414963
instantaneous_20,0.047222409825260644,0.3875792311086627,0.3926443517543658,0.005065120645703081
instantaneous_20,0.04757174674886925,0.38794811767202825,0.3936100075681537,0.005661889896125427
instantaneous_20,0.04792628846889815,0.38832408554599684,0.3945852273132279,0.006261141767231082
instantaneous_20,0.04828672475039017,0.3887079742503704,0.3955717412538881,0.006863767003517707
instantaneous_20,0.04865385743763522,0.3891007583956174,0.3965715472530086,0.007470788857391164
instantaneous_20,0.04902862443771068,0.3895035774459486,0.39758696746862743,0.008083390022678827
instantaneous_20,0.04941213025463086,0.38991777380227766,0.3986207203320133,0.008702946529735633
instantaneous_20,0.04980568569316298,0.39034494223695804,0.3996760139895997,0.00933107175264164
instantaneous_20,0.050210859644838235,0.3907869946782542,0.40075666777331015,0.009969673095055975
instantaneous_20,0.05062954824844554,0.39124624685892195,0.4018672740667502,0.01062102720782826
instantaneous_20,0.05106406840096227,0.39172553586602266,0.40301341648645056,0.011287880620427904
instantaneous_20,0.05151728673879784,0.3922283827671581,0.404201969877059,0.011973587109900874
instantaneous_20,0.051992800948897466,0.3927592222128856,0.4054415204588313,0.012682298245945689
instantaneous_20,0.052495201544254175,0.393323735208861,0.40674297020765404,0.01341923499879305
instantaneous_20,0.053030459000229076,0.39392934369671584,0.4081204266182839,0.014191082921568066
instantaneous_20,0.05360651603289727,0.39458597113268806,0.40959255751079815,0.015006586378110087
instantaneous_20,0.05423422427823786,0.39530725293212393,0.4111847211495801,0.01587746821745617
instantaneous_20,0.05492889371116531,0.39611255263749867,0.41293246712482873,0.016819914487330057
instantaneous_20,0.055712987678719315,0.39703049757168263,0.4148875785786725,0.01785708100698985
instantaneous_20,0.05662110903808388,0.39810558439648747,0.4171291460518302,0.019023561655342747
instantaneous_20,0.05770996811636025,0.39941154118254035,0.419785448239907,0.020373907057366636
instantaneous_20,0.059080343934939834,0.401081208711955,0.42308142907483276,0.022000220362877743
instantaneous_20,0.060932059187171234,0.4033828241745398,0.4274550779920327,0.024072253817492895
instantaneous_20,0.06372767766988686,0.40695352440693505,0.4338932620143907,0.02693973760745566
instantaneous_20,0.06881722710404546,0.41372955960466196,0.4451464567265678,0.03141689712190582
instantaneous_20,0.08129796083442051,0.43166452785395093,0.4705686952678962,0.038904167413945256
instantaneous_20,0.09266769881293072,0.45139271590966756,0.4915479416871332,0.040155225777465664
instantaneous_20,0.10303617474172717,0.4730935011680096,0.5092294727228829,0.0361359715548733
instantaneous_20,0.11250451337884307,0.49696416264813953,0.5243661762657191,0.0274020136175796
instantaneous_20,0.12116576423378184,0.5225676453252822,0.5374848248099627,0.01491717948468052
instantaneous_20,0.12910528026277782,0.5429844718512173,0.5489711694273423,0.005986697576124911
instantaneous_20,0.13640102227194992,0.5591586462789153,0.5591175121175901,4.113416132522918e-05
instantaneous_20,0.14312384572336875,0.5722520529687345,0.5681511749146338,0.004100878054100643
instantaneous_20,0.14933780851449074,0.5830420329204111,0.5762525043912546,0.0067895285291564855
instantaneous_20,0.15510052009235784,0.5920683503520046,0.5835668014537931,0.00850154889821142
instantaneous_20,0.16046353641192673,0.5997174758440731,0.5902125504744897,0.009504925369583361
instantaneous_20,0.16547279383631033,0.6062733221885728,0.5962872970148214,0.009986025173751356
instantaneous_20,0.17016906860685468,0.6119490550717557,0.6018719732878577,0.01007708178389799
instantaneous_20,0.17458844629636533,0.6169077424438996,0.6070341621721229,0.00987358027177665
instantaneous_20,0.17876278647461613,0.6212761660374558,0.6118306115785355,0.009445554458920369
instantaneous_20,0.18272017035510021,0.6251543031157223,0.6163092038235256,0.008845099292196679
instantaneous_20,0.1864853224269533,0.6286219861065288,0.6205105186992423,0.00811146740728641
instantaneous_20,0.19008000028439037,0.6317436751879186,0.6244690871610126,0.007274588026906059
instantaneous_20,0.19352334965482787,0.6345719401249783,0.628214405327128,0.006357534797850284
instantaneous_20,0.19683222382839394,0.6371500411602792,0.6317717602024997,0.00537828095777948
instantaneous_20,0.20002146829685605,0.6395138695464905,0.6351629058906663,0.004350963655824214
instantaneous_20,0.2031041724760617,0.6416934254547615,0.6384066200488797,0.0032868054058817764
instantaneous_20,0.2060918910252107,0.643713956712122,0.6415191637599162,0.002194792952205704
instantaneous_20,0.20899483758916998,0.6455968455467116,0.6445146630760618,0.0010821824706498395
instantaneous_20,0.21182205387088252,0.6473603058451302,0.6474054267434052,4.512089827501953e-05
instantaneous_20,0.21458155686598399,0.6490199363312925,0.6502022117172346,0.0011822753859420665
instantaneous_20,0.21728046692173367,0.6505891630879919,0.6529144458115619,0.0023252827235700213
instantaneous_20,0.21992511906375323,0.6520795962993868,0.655550415039511,0.0034708187401241153
instantaneous_20,0.22252115978770226,0.6535013199296671,0.6581174217750625,0.004616101845395404
instantaneous_20,0.22507363126938087,0.6548631285369141,0.6606219187311998,0.005758790194285712
instantaneous_20,0.22758704470884544,0.6561727221294676,0.663069622833433,0.006896900703965314
instantaneous_20,0.23006544430836076,0.6574368674753542,0.6654656123336918,0.0080287448583376
instantaneous_20,0.2325124631842315,0.6586615324168807,0.6678144099117564,0.0091528774948757
instantaneous_20,0.23493137233765013,0.6598519983370064,0.6701200540299674,0.010268055692961076
instantaneous_20,0.23732512365527975,0.6610129548562526,0.6723861604139523,0.011373205557699717
instantaneous_20,0.2396963877750834,0.6621485799628211,0.6746159752122863,0.012467395249465274
instantaneous_20,0.24204758753805036,0.6632626081919252,0.6768124211273716,0.013549812935446437
instantaneous_20,0.2443809276453197,0.6643583889200714,0.6789781375954986,0.014619748675427258
instantaneous_20,0.24669842105740195,0.6654389364696702,0.6811155159202422,0.015676579450571992
instantaneous_20,0.24900191259804597,0.6665069733924258,0.6832267301183479,0.016719756725922075
instantaneous_20,0.2512931001652828,0.6675649680770411,0.6853137641197459,0.01774879604270474
instantaneous_20,0.25357355390084474,0.6686151675834924,0.6873784358661336,0.018763268282641188
instantaneous_20,0.25584473362592147,0.6696596265028156,0.6894224187722028,0.019762792269387153
instantaneous_20,0.2581080048157293,0.6707002324758093,0.6914472609478589,0.020747028472049567
instantaneous_20,0.26036465335588793,0.6717387289171917,0.6934544025253291,0.02171567360813742
instantaneous_20,0.2626158993013208,0.6727767354159047,0.6954451913920369,0.022668455976132207
instantaneous_20,0.26486290983781546,0.6738157662045273,0.6974208975921591,0.02360513138763176
instantaneous_20,0.26710681163453615,0.6748572470425731,0.6993827266326242,0.024525479590051136
instantaneous_20,0.2693487027649588,0.6759025308380071,0.7013318319058266,0.025429301067819488
instantaneous_20,0.2715896643696479,0.6769529122669822,0.7032693264246271,0.026316414157644963
instantaneous_20,0.2738307722323379,0.6780096416508073,0.7051962940527688,0.027186652401961497
instantaneous_20,0.27607310844398986,0.6790739383469145,0.707113800406176,0.028039862059261456
instantaneous_20,0.2783177733387674,0.6801470038656321,0.7090229035988207,0.028875899733188604
instantaneous_20,0.28056589789766007,0.6812300349627337,0.7109246650076566,0.0296946300449229
instantaneous_20,0.28281865683524343,0.6823242369425038,0.7128201602387317,0.030495923296227967
instantaneous_20,0.2850772826125546,0.6834308374377162,0.7147104904897992,0.03127965305208302
instantaneous_20,0.28734308065289116,0.6845511009363592,0.7165967945232169,0.032045693586857715
instantaneous_20,0.2896174460840072,0.6856863443814559,0.7184802614902231,0.03279391710876722
instantaneous_20,0.291901882390549,0.6868379542158632,0.7203621448851747,0.03352419066931145
instantaneous_20,0.2941980224360494,0.6880074052873649,0.722243777955306,0.034236372667941106
instantaneous_20,0.29650765241531246,0.6891962821684636,0.7241265909573885,0.03493030878892489
instantaneous_20,0.298832739425277,0.6904063034883211,0.7260121307347358,0.0356058272464147
instantaneous_20,0.30117546351211066,0.6916393500894157,0.7279020831989699,0.03626273310955419
instantaneous_20,0.3035382552700262,0.6928974979969919,0.7297982994435045,0.03690080144651264
instantaneous_20,0.3059238403595768,0.694183057450546,0.7317028264080078,0.037519768957461785
instantaneous_20,0.3083352926920636,0.6954986196159928,0.7336179432607437,0.0381193236447509
instantaneous_20,0.3107760985524037,0.6968471130855324,0.7355462050130404,0.03869909192750798
instantaneous_20,0.3132502346308588,0.6982318729166186,0.737490495336904,0.03925862242028544
instantaneous_20,0.3157622638809183,0.6996567259093104,0.7394540911763512,0.03979736526704081
instantaneous_20,0.3183174544790833,0.7011260970664057,0.7414407426347189,0.04031464556831321
instantaneous_20,0.3209219289979105,0.7026451440270353,0.7434547728138697,0.04080962878683447
instantaneous_20,0.32358285362231165,0.704219928861893,0.7455012040576658,0.04128127519577285
instantaneous_20,0.3263086810639369,0.7058576404638017,0.7475859195307488,0.041728279066947094
instantaneous_20,0.3291094665630091,0.7075668864315576,0.7497158727815244,0.04214898634996678
instantaneous_20,0.33199728496302583,0.7093580820763983,0.7518993634909166,0.042541281414518295
instantaneous_20,0.3349867899323054,0.711243977520366,0.754146406023035,0.0429024285026689
instantaneous_20,0.3380959771934699,0.7132403853597072,0.7564692307358625,0.043228845376155234
instantaneous_20,0.34134724685082235,0.7153672062275261,0.7588829792188656,0.04351577299133946
instantaneous_20,0.3447689151846887,0.7176499084787145,0.7614066897688455,0.04375678129013105
instantaneous_20,0.34839742095546733,0.7201217207319858,0.7640647292990266,0.04394300856704081
instantaneous_20,0.35228063956168393,0.7228269817478705,0.7668889337294741,0.044061951981603564
instantaneous_20,0.35648303048894886,0.7258264437905506,0.769921913936664,0.04409547014611337
instantaneous_20,0.36109395118924786,0.7292060270145075,0.7732223612881185,0.04401633427361096
instantaneous_20,0.36624172286507223,0.7330920081943894,0.7768739568076638,0.043781948613274446
instantaneous_20,0.37211879589956925,0.7376790115099849,0.7810011688365168,0.043322157326531885
instantaneous_20,0.37902996756372836,0.7432855809616709,0.7857991915035466,0.042513610541875746
instantaneous_20,0.38749305210200197,0.7504754173085695,0.7915955860390995,0.04112016873053004
instantaneous_20,0.39847362095416117,0.7603564707278059,0.7989913727350039,0.03863490200719799
instantaneous_20,0.4140190556208523,0.775452836230745,0.8092321891706363,0.033779352939891316
instantaneous_20,0.4392149797066588,0.8027966192257466,0.8252974877161829,0.02250086849043631
instantaneous_20,0.4622755431261193,0.8282004561130168,0.8394692901403619,0.01126883402734502
instantaneous_20,0.4834285603857631,0.8479422435841907,0.8520585443383348,0.004116300754144153
instantaneous_20,0.5028813126887256,0.8636853053815351,0.8633144287244617,0.00037087665707336015
instantaneous_20,0.5208217580592173,0.8765057439928114,0.8734397117897497,0.003066032203061786
instantaneous_20,0.53741954751263,0.8871307227459422,0.8826013103134236,0.004529412432518587
instantaneous_20,0.5528270618340658,0.8960693109513403,0.8909378395494926,0.005131471401847776
instantaneous_20,0.5671805330758297,0.903688477814216,0.8985651964608504,0.005123281353365594
instantaneous_20,0.5806012493387889,0.9102593300712363,0.9055808072014078,0.004678522869828505
instantaneous_20,0.5931968131561547,0.9159863710095986,0.912066934858274,0.003919436151324618
instantaneous_20,0.6050624148313254,0.9210266479282759,0.9180933037780514,0.002933344150224504
instantaneous_20,0.616282083570003,0.9255026516648552,0.9237192117335906,0.0017834399312646187
instantaneous_20,0.6269298859064952,0.929511229599632,0.9289952482319441,0.0005159813676878233
instantaneous_20,0.6370710494059277,0.9331298822644044,0.9339647035111814,0.0008348212467770288
instantaneous_20,0.6467629979515003,0.9364212993936327,0.938664730660184,0.0022434312665512435
instantaneous_20,0.6560562920477353,0.9394366847331593,0.9431273083197088,0.0036906235865494796
instantaneous_20,0.6649954731222093,0.9422182308840921,0.9473800409176948,0.005161810033602721
instantaneous_20,0.673619814779536,0.9448009870550356,0.951446825746726,0.006645838691690442
instantaneous_20,0.681963986564795,0.9472142862594832,0.9553484104457258,0.008134124186242597
instantaneous_20,0.6900586372927028,0.9494828482188915,0.9591028600035758,0.009620011784684301
instantaneous_20,0.6979309056889241,0.9516276404576116,0.9627259488986267,0.011098308441015114
instantaneous_20,0.7056048662016824,0.9536665569854726,0.9662314911782222,0.01256493419274951
instantaneous_20,0.7131019175732206,0.9556149579067058,0.9696316190065578,0.014016661099852001
instantaneous_20,0.7204411212695082,0.9574861019802242,0.9729370183568837,0.015450916376659518
instantaneous_20,0.7276394962537971,0.9592914960461945,0.9761571290082042,0.016865632962009713
instantaneous_20,0.7347122759294158,0.9610411793762321,0.9793003147630495,0.018259135386817338
instantaneous_20,0.7416731324244367,0.9627439567105864,0.9823740087836456,0.019630052073059123
instantaneous_20,0.7485343727641615,0.9644075905588922,0.985384838104063,0.02097724754517072
instantaneous_20,0.7553071109110506,0.966038960974546,0.988338730689732,0.02229976971518599
instantaneous_20,0.7620014191332832,0.9676441992139109,0.991241007848101,0.023596808634190114
instantaneous_20,0.7686264617126182,0.9692288003387157,0.994096464331006,0.024867663992290234
instantaneous_20,0.7751906136047927,0.9707977187732282,0.9969094380864386,0.026111719313210435
instantaneous_20,0.7817015663270722,0.9723554500369633,0.9996838713045086,0.02732842126754531
instantaneous_20,0.7881664230590509,0.973906101243849,1.0024233641456117,0.028517262901762708
instantaneous_20,0.7945917847005155,0.9754534524854614,1.0051312223285012,0.029677769843039714
instantaneous_20,0.800983828428049,0.9770010108478284,1.0078104995836215,0.030809488735793034
instantaneous_20,0.8073483801326494,0.9785520585099637,1.010464035839513,0.0319119773295492
instantaneous_20,0.8136909819901685,0.9801096961646922,1.013094491896711,0.032984795732018846
instantaneous_20,0.8200169563240975,0.9816768828258134,1.015704381256939,0.034027498431125625
instantaneous_20,0.8263314668512334,0.983256472962794,1.018296099705269,0.03503962674247507
instantaneous_20,0.8326395783751491,0.9848512518235748,1.0208719531969668,0.03602070137339197
instantaneous_20,0.838946315979194,0.9864639697461859,1.0234341845637198,0.03697021481753393
instantaneous_20,0.845256724809405,0.9880973762499745,1.0259849995412154,0.037887623291240846
instantaneous_20,0.8515759316000096,0.9897542546994732,1.0285265926181058,0.03877233791863255
instantaneous_20,0.8579092092028335,0.99143745838509,1.0310611732239237,0.039623714838833646
instantaneous_20,0.8642620455454655,0.993149948945098,1.0335909928119842,0.040441043866886184
instantaneous_20,0.8706402186604895,0.9948948381774695,1.0361183734512882,0.04122353527381872
instantaneous_20,0.8770498797327563,0.9966754344731978,1.03864573863045,0.041970304157252114
instantaneous_20,0.8834976465118866,0.9984952953502041,1.0411756470977551,0.042680351747551026
instantaneous_20,0.8899907099764238,1.0003582879105573,1.0437108307295706,0.04335254281901335
instantaneous_20,0.8965369578482667,1.0022686594964443,1.0462542376439523,0.04398557814750803
instantaneous_20,0.903145119514241,1.0042311214452542,1.04880908208201,0.04457796063675579
instantaneous_20,0.9098249381956337,1.0062509497017027,1.0513789029902973,0.04512795328859465
instantaneous_20,0.9165873779553002,1.0083341071980139,1.0539676337994448,0.04563352660143094
instantaneous_20,0.9234448755130783,1.0104873945334791,1.0565796866584014,0.046092292124922274
instantaneous_20,0.9304116501576134,1.0127186377490185,1.0592200554496816,0.04650141770066307
instantaneous_20,0.937504089676182,1.0150369252099136,1.0618944433968283,0.04685751818691464
instantaneous_20,0.9447412368185528,1.0174529102326688,1.064609423187226,0.04715651295455725
instantaneous_20,0.9521454103268693,1.0199792028855708,1.0673726405740496,0.04739343768847881
instantaneous_20,0.9597430085426467,1.0226308845040082,1.0701930768781556,0.04756219237414738
instantaneous_20,0.9675655644812442,1.025426193820887,1.0730813924477467,0.04765519862685963
instantaneous_20,0.9756511531183308,1.0283874574791982,1.0760503832288606,0.047662925749662355
instantaneous_20,0.984046301355161,1.0315423756637603,1.0791155983050031,0.04757322264124286
instantaneous_20,0.9928086306819942,1.0349258356057403,1.0822961912980786,0.047370355692338384
instantaneous_20,1.00201059335699,1.0385825301036005,1.085616119507667,0.047033589404066545
instantaneous_20,1.0117448851112496,1.0425708400153009,1.0891058739748773,0.04653503395957648
instantaneous_20,1.0221325080907633,1.0469687685562132,1.0928050448854378,0.0458362763292246
instantaneous_20,1.0333351737406158,1.0518833371713032,1.096766247588467,0.044882910417163746
instantaneous_20,1.045575109850493,1.0574660901465323,1.1010613556139697,0.043595265467437416
instantaneous_20,1.0591681231790604,1.0639399690931306,1.1057918342227302,0.0418518651295996
instantaneous_20,1.0745817957521804,1.0716487469357174,1.1111067824851197,0.039458035549402304
instantaneous_20,1.0925447685601588,1.0811548649751481,1.117236480846888,0.03608161587173986
instantaneous_20,1.114269173946862,1.0934517964453736,1.1245598307619193,0.03110803431654574
instantaneous_20,1.1419523973144345,1.1104787331776527,1.1337540255734646,0.023275292395811942
instantaneous_20,1.1800731105568536,1.1325493646217741,1.146172444137928,0.013623079516153824
instantaneous_20,1.2218848396339876,1.153023484402129,1.1594865660306757,0.006463081628546696
instantaneous_20,1.2603260149590452,1.1693167670819837,1.1714593567631313,0.0021425896811475553
instantaneous_20,1.295770943529937,1.1825672788437167,1.182282889953984,0.00028438888973281173
instantaneous_20,1.328556344413647,1.193540753006961,1.1921181216026897,0.0014226314042713462
instantaneous_20,1.358984254585854,1.2027713860787708,1.201100839042499,0.0016705470362716746
instantaneous_20,1.387324608333066,1.2106431385259229,1.2093461421332026,0.0012969963927202954
instantaneous_20,1.4138177629669446,1.2174389655917979,1.2169519410535021,0.0004870245382957439
instantaneous_20,1.4386770350216493,1.2233718471449815,1.2240017585121288,0.0006299113671472956
instantaneous_20,1.4620912264008628,1.228605027099783,1.230567016487749,0.001961989387965879
instantaneous_20,1.4842270924394316,1.2332656111337537,1.2367089259023365,0.003443314768582839
instantaneous_20,1.505231702808802,1.2374539405417253,1.242480061045858,0.005026120504132647
instantaneous_20,1.525234656277161,1.2412502016511562,1.247925678137893,0.00667547648673672
instantaneous_20,1.5443501236933728,1.2447191794521206,1.2530848231119147,0.008365643659794086
instantaneous_20,1.5626787062784353,1.2479137370346307,1.2579912641340685,0.010077527099437766
instantaneous_20,1.5803091067737522,1.2508774024195355,1.2626742776082607,0.011796875188725187
instantaneous_20,1.5973196187148817,1.2536463187971705,1.2671593113674378,0.01351299257026728
instantaneous_20,1.6137794443037516,1.2562507334273452,1.2714685448065959,0.015217811379250712
instantaneous_20,1.6297498544315745,1.2587161473778923,1.2756213625153365,0.01690521513744425
instantaneous_20,1.6452852058802467,1.2610642126913885,1.2796347553206506,0.018570542629262166
instantaneous_20,1.6604338310741424,1.2633134392734953,1.2835236604357738,0.020210221162278552
instantaneous_20,1.6752388153080482,1.2654797569352898,1.2873012505374837,0.021821493602193875
instantaneous_20,1.6897386754866286,1.2675769661386997,1.2909791800191297,0.023402213880429956
instantaneous_20,1.7039679532552972,1.269617102508884,1.2945677953364412,0.02495069282755713
instantaneous_20,1.717957734149467,1.2716107340369955,1.2980763152456325,0.026465581208636957
instantaneous_20,1.731736103139664,1.2735672054109228,1.3015129857980972,0.027945780387174324
instantaneous_20,1.7453285457584418,1.2754948405930977,1.304885214173906,0.029390373580808316
instantaneous_20,1.75875830290788,1.2774011122963675,1.3081996847868582,0.030798572490490672
instantaneous_20,1.7720466864758564,1.2792927851547253,1.311462460555092,0.03216967540036664
instantaneous_20,1.7852133620415649,1.2811760379849964,1.314679071786322,0.03350303380132558
instantaneous_20,1.7982766042381493,1.2830565694780598,1.3178545947636244,0.03479802528556464
instantaneous_20,1.811253529735879,1.284939690856644,1.3209937218189445,0.03605403096230053
instantaneous_20,1.8241603123454158,1.2868304084321613,1.3241008244461336,0.037270416013972296
instantaneous_20,1.837012384365293,1.2887334985476164,1.3271800108135865,0.03844651226597007
instantaneous_20,1.849824628063197,1.290653577067253,1.3302351788961957,0.03958160182894277
instantaneous_20,1.8626115610328615,1.2925951653657153,1.3332700663391448,0.04067490097342952
instantaneous_20,1.875387519168997,1.29456275463322,1.3362882981037332,0.04172554347051327
instantaneous_20,1.8881668411060784,1.2965608702889977,1.339293432913308,0.042732562624310244
instantaneous_20,1.9009640582394898,1.2985941383323618,1.3422890095286142,0.04369487119625237
instantaneous_20,1.9137940948827246,1.3006673556100052,1.3452785939317669,0.044611238321761615
instantaneous_20,1.9266724837740747,1.3027855662245902,1.3482658285980769,0.04548026237348668
instantaneous_20,1.939615603073434,1.3049541466917591,1.3512544851918884,0.04630033850012927
instantaneous_20,1.9526409422696724,1.3071789029967342,1.354248522251781,0.047069619255046824
instantaneous_20,1.9657674061891601,1.3094661834768868,1.3572521497588679,0.04778596628198106
instantaneous_20,1.9790156686775515,1.3118230125216461,1.3602699029301286,0.04844689040848249
instantaneous_20,1.9924085908175209,1.3142572515700979,1.3633067282058635,0.04904947663576564
instantaneous_20,2.005971723056989,1.3167777959710545,1.3663680852642848,0.04959028929323028
instantaneous_20,2.0197339168848485,1.3193948191937122,1.36946007009835,0.05006525090463776
instantaneous_20,2.033728080493321,1.3221200800647797,1.3725895658812983,0.05046948581651867
instantaneous_20,2.0479921253706204,1.3249673147421366,1.3757644307484438,0.05079711600630721
instantaneous_20,2.0625701688166993,1.3279527440092949,1.3789937350844899,0.051040991075195
instantaneous_20,2.077514083828903,1.3310957397180585,1.3822880659693815,0.05119232625132297
instantaneous_20,2.0928855273090643,1.3344197143809304,1.3856599239803544,0.05124020959942399
instantaneous_20,2.1087586377014587,1.3379533293171506,1.389124249005488,0.051170919688337424
instantaneous_20,2.12522368686876,1.3417321668006148,1.3926991295153361,0.05096696271472134
instantaneous_20,2.142392120537808,1.3458010936059035,1.396406778033035,0.050605684427131425
instantaneous_20,2.160403667071387,1.3502176816080667,1.400274901808301,0.05005722020023429
instantaneous_20,2.179436609670025,1.3550572924087685,1.4043386756618366,0.04928138325306808
instantaneous_20,2.1997230454223877,1.3604208707018246,1.4086436600187517,0.04822278931692714
instantaneous_20,2.22157228381357,1.3664473210294008,1.4132502540929146,0.046802933063513796
instantaneous_20,2.245408078065505,1.3733339987818298,1.4182407432664048,0.04490674448457499
instantaneous_20,2.271830507344981,1.3813723558015998,1.4237309389153276,0.042358583113727866
instantaneous_20,2.301724340666838,1.3910137678707581,1.4298904097252494,0.038876641854491245
instantaneous_20,2.336461239860118,1.403000385967243,1.436979892,0.03397950603275701
instantaneous_20,2.378308035579118,1.4186497250880536,1.445425972708553,0.02677624762049935
instantaneous_20,2.431338190111756,1.4377484373797504,1.455985354862803,0.01823691748305256
instantaneous_20,2.5019841328590235,1.4591989511570838,1.46981185253678,0.010612901379696282
instantaneous_20,2.56690070585535,1.4762040914056307,1.4822847657070084,0.006080674301377709
instantaneous_20,2.6267310325401483,1.489993218320627,1.4935916804940215,0.0035984621733944344
instantaneous_20,2.6820497585904164,1.5013877983826156,1.503890972225325,0.002503173842709483
instantaneous_20,2.733370664237766,1.5109577013377946,1.5133173165978595,0.0023596152600648956
instantaneous_20,2.7811522843057466,1.5191106317244514,1.52198575095308,0.0028751192286287086
instantaneous_20,2.8258027525182863,1.526145874524892,1.5299948291314018,0.0038489546065099134
instantaneous_20,2.8676843378268506,1.5322879557765106,1.537429163759097,0.005141207982586549
instantaneous_20,2.9071178122646515,1.5377084798908494,1.5443615248629676,0.006653044972118272
instantaneous_20,2.944386654047727,1.5425407337200714,1.5508545982249242,0.00831386450485283
instantaneous_20,2.9797410438418885,1.5468897147423675,1.5569624713252963,0.010072756582928832
instantaneous_20,3.013401607198906,1.5508391781009605,1.5627318947255793,0.011892716624618771
instantaneous_20,3.0455628678402684,1.5544566903604724,1.5682033549959962,0.013746664635523764
instantaneous_20,3.076396392734843,1.5577973194401655,1.5734119879588162,0.015614668518650676
instantaneous_20,3.106053625224522,1.560906372104437,1.578388356062129,0.01748198395769207
instantaneous_20,3.1346684146060713,1.5638214540610167,1.5831591100475348,0.019337655986518154
instantaneous_20,3.1623592591070326,1.5665740403990465,1.58774755217305,0.021173511774003506
instantaneous_20,3.18923128449598,1.5691906869028032,1.5921741158291807,0.022983428926377503
instantaneous_20,3.2153779832599936,1.5716939745607517,1.5964567742987157,0.024762799737964025
instantaneous_20,3.2408827400522826,1.5741032535675592,1.6006113895907845,0.026508136023225326
instantaneous_20,3.2658201685885855,1.5764352351096558,1.6046520106936457,0.02821677558398994
instantaneous_20,3.2902572838191166,1.5787044665658325,1.6085911292107316,0.02988666264489903
instantaneous_20,3.3142545314299174,1.5809237167394457,1.6124398991578723,0.031516182418426686
instantaneous_20,3.3378666947298137,1.5831042912381792,1.6162083266774072,0.03310403543922802
instantaneous_20,3.3611436970151676,1.5852562933793397,1.6199054345627268,0.03464914118338713
instantaneous_20,3.3841313156283257,1.5873888425206384,1.6235394057573715,0.03615056323673316
instantaneous_20,3.4068718222412264,1.5895102591420236,1.6271177093856335,0.0376074502436099
instantaneous_20,3.4294045624486857,1.5916282240964659,1.6306472123725484,0.03901898827608252
instantaneous_20,3.4517664865393525,1.5937499180343777,1.6341342793026463,0.04038436126826861
instantaneous_20,3.473992642389881,1.5958821459749448,1.6375848628461618,0.04170271687121696
instantaneous_20,3.4961166407703583,1.598031451256471,1.6410045868332812,0.04297313557681015
instantaneous_20,3.5181711030090237,1.6002042226016209,1.6443988238819658,0.044194601280344914
instantaneous_20,3.5401881009261413,1.602406797740183,1.6477727693728639,0.04536597163268086
instantaneous_20,3.562199599317294,1.6046455669304927,1.6511315135269575,0.04648594659646488
instantaneous_20,3.5842379120246726,1.6069270797975133,1.6544801133687081,0.04755303357119489
instantaneous_20,3.6063361839598094,1.6092581591959552,1.6578236664716997,0.04856550727574449
instantaneous_20,3.628528913400061,1.6116460263143462,1.6611673885895573,0.04952136227521109
instantaneous_20,3.6508525317268283,1.6140984420515578,1.6645166976038965,0.0504182555523387
instantaneous_20,3.6733460617386764,1.6166238708756344,1.6678773067001045,0.05125343582447006
instantaneous_20,3.6960518812574983,1.6192316750851161,1.6712553303753392,0.052023655290223125
instantaneous_20,3.71901662646718,1.621932349815544,1.6746574078537668,0.052725058038222805
instantaneous_20,3.7422922802723964,1.624737812602581,1.6780908498588378,0.05335303725625673
instantaneous_20,3.765937506292825,1.6276617662933945,1.6815638166418605,0.05390205034846596
instantaneous_20,3.7900193109707163,1.6307201613561757,1.6850855379495484,0.054365376593372705
instantaneous_20,3.8146151479709087,1.633931794346619,1.6886665896489994,0.05473479530238046
instantaneous_20,3.8398156256395426,1.6373190953863535,1.6923192476513838,0.0550001522650303
instantaneous_20,3.865728048130808,1.6409091821502346,1.6960579486394485,0.05514876648921385
instantaneous_20,3.892481127502125,1.6447352964444912,1.6998999006114535,0.05516460416696223
instantaneous_20,3.92023137080132,1.6488388013431174,1.7038659073027091,0.055027105959591704
instantaneous_20,3.9491719133497494,1.6532720188700192,1.7079815041703847,0.05470948530036557
instantaneous_20,3.979545009655199,1.6581023616600623,1.712278558830289,0.05417619717022659
instantaneous_20,4.011660142131072,1.6634185173101834,1.7167975823453607,0.05337906503517731
instantaneous_20,4.045921027529017,1.6693400032063863,1.7215911618350415,0.05225115862865515
instantaneous_20,4.082867224410466,1.676032481112991,1.7267292245904882,0.0506967434774972
instantaneous_20,4.123240709752403,1.6837333858696246,1.7323074173363548,0.04857403146673023
instantaneous_20,4.168097279382324,1.6927970774635543,1.738461042316092,0.04566396485253765
instantaneous_20,4.219003211361735,1.7037795028565164,1.7453894835598909,0.041609980703374516
instantaneous_20,4.278405904447454,1.7176096502641147,1.7534018399775668,0.035792189713452105
instantaneous_20,4.350391654459434,1.7356158237630712,1.763009197653712,0.02739337389064067
instantaneous_20,4.442404785921357,1.7562369333457046,1.7751309319923743,0.01889399864666963
instantaneous_20,4.546270013085975,1.776021187815032,1.7886073834645781,0.012586195649546106
instantaneous_20,4.641812524071237,1.7918423625854116,1.8008172366720203,0.008974874086608686
instantaneous_20,4.729978662520179,1.804766622217665,1.811931076238118,0.007164454020452959
instantaneous_20,4.811609759354482,1.8155164536775978,1.822093946856272,0.006577493178674176
instantaneous_20,4.887455293568548,1.8245988680272833,1.831430001396047,0.00683113336876362
instantaneous_20,4.958182418373337,1.8323800971374418,1.840045926607174,0.007665829469732266
instantaneous_20,5.02438389433661,1.839131171563727,1.848033621936009,0.008902450372281878
instantaneous_20,5.086585273381503,1.8450568384273034,1.8554723809056646,0.010415542478361184
instantaneous_20,5.145251636599904,1.8503145336088687,1.8624307132951052,0.012116179686236572
instantaneous_20,5.200793955393056,1.8550271947666075,1.8689678898399942,0.013940695073386689
instantaneous_20,5.2535750579563425,1.859292136009427,1.8751352617560155,0.015843125746588527
instantaneous_20,5.30391516308401,1.8631873323341148,1.8809773916673507,0.017790059333235853
instantaneous_20,5.352096951667424,1.8667759574954945,1.8865330237824833,0.01975706628698881
instantaneous_20,5.3983701638794965,1.8701097178687267,1.8918359159546352,0.021726198085908477
instantaneous_20,5.442955727824284,1.8732313398755462,1.8969155528247377,0.02368421294919143
instantaneous_20,5.486049439832689,1.8761764518903539,1.9017977566977768,0.025621304807422973
instantaneous_20,5.527825226616074,1.8789750262306095,1.9065052107182416,0.027530184487632114
instantaneous_20,5.5684380254730925,1.881652497147809,1.9110579070966418,0.029405409948832784
instantaneous_20,5.608026321511983,1.8842306373150977,1.9154735315223714,0.031242894207273775
instantaneous_20,5.646714381201428,1.8867282524252376,1.9197677934411777,0.03303954101594009
instantaneous_20,5.684614220381501,1.8891617375941714,1.9239547105799877,0.034792972985816295
instantaneous_20,5.721827342705939,1.891545528036397,1.9280468549542158,0.03650132691781871
instantaneous_20,5.758446281912498,1.8938924684614238,1.9320555665975492,0.038163098136125395
instantaneous_20,5.794555978585124,1.8962141198603837,1.9359911403948478,0.03977702053446408
instantaneous_20,5.8302350195300425,1.898521018155769,1.9398629906784155,0.041341972522646486
instantaneous_20,5.8655567656422285,1.900822896135056,1.9436797976507891,0.04285690151573318
instantaneous_20,5.900590392286104,1.9031288778806745,1.9474496392121923,0.044320761331517744
instantaneous_20,5.935401864969653,1.9054476533340006,1.951180111404331,0.04573245807033044
instantaneous_20,5.970054872367053,1.9077876395604512,1.9548784404108586,0.0470908008504074
instantaneous_20,6.004611738822931,1.9101571346218056,1.9585515888975107,0.0483944542757051
instantaneous_20,6.039134339334315,1.9125644696661412,1.962206359419697,0.04964188975355577
instantaneous_20,6.073685041939282,1.9150181649017262,1.9658494976935408,0.05083133279181462
instantaneous_20,6.108327705626466,1.9175270955472743,1.9694877987283108,0.051960703181036516
instantaneous_20,6.143128766763437,1.920100674709366,1.9731282191911228,0.05302754448175673
instantaneous_20,6.178158454132111,1.9227490615319256,1.9767779999608621,0.054028938428936524
instantaneous_20,6.213492182782962,1.9254834050802367,1.9804448036995188,0.054961398619282065
instantaneous_20,6.249212191279356,1.928316137523976,1.98413687353163,0.05582073600765414
instantaneous_20,6.28540950731466,1.9312613347231677,1.9878632207379077,0.05660188601473992
instantaneous_20,6.32218635588567,1.9343351689551906,1.991633851981117,0.057298683025926334
instantaneous_20,6.359659166402039,1.9375564883293845,1.9954600503653954,0.05790356203601088
instantaneous_20,6.397962397021035,1.9409475721400102,1.999354730183782,0.05840715804377172
instantaneous_20,6.437253486739396,1.9445351338283678,2.003332893475784,0.05879775964741607
instantaneous_20,6.477719385826764,1.9483516781355308,2.007412229047531,0.059060550912000354
instantaneous_20,6.519585332472963,1.9524373746365333,2.011613914004097,0.05917653936756362
instantaneous_20,6.563126888709239,1.9568427008117335,2.0159637085728224,0.05912100776108886
instantaneous_20,6.608686811970902,1.9616322610471946,2.020493484982619,0.05886122393542448
instantaneous_20,6.656699286193844,1.9668904548849773,2.025243414939434,0.05835296005445678
instantaneous_20,6.707725685551267,1.9727301508364083,2.0302651854509173,0.05753503461450893
instantaneous_20,6.762509028885625,1.9793064349536622,2.0356268743439347,0.056320439390272536
instantaneous_20,6.822059932922483,1.9868393179824446,2.041420609290872,0.05458129130842737
instantaneous_20,6.8877981390801155,1.995653111373067,2.047775110015008,0.052121998641941
instantaneous_20,6.96179757237563,2.006248836367707,2.0548772665293016,0.04862843016159468
instantaneous_20,7.0472373472763925,2.0194473268626867,2.0630115451080098,0.04356421824532308
instantaneous_20,7.1492967549477875,2.0366988354658826,2.0726374349087817,0.03593859944289912
instantaneous_20,7.277108952576926,2.0582112811244806,2.0845564001351002,0.026345119010619644
instantaneous_20,7.43025918048849,2.0799623226203394,2.0986449986615767,0.0186826760412373
instantaneous_20,7.570980008257903,2.097198106989987,2.1114102455840658,0.01421213859407855
instantaneous_20,7.7007022325132235,2.1111734647136995,2.1230297896129273,0.011856324899227833
instantaneous_20,7.820687547823476,2.1227257273645557,2.1336543000106185,0.01092857264606284
instantaneous_20,7.932055625047552,2.132435160004707,2.1434127715716715,0.01097761156696464
instantaneous_20,8.0358017510383,2.1407165708213123,2.1524162316070377,0.011699660785725374
instantaneous_20,8.132810145518027,2.147874275058014,2.1607605355106663,0.012886260452652287
instantaneous_20,8.223865228482788,2.1541364736213575,2.1685285962948764,0.014392122673518859
instantaneous_20,8.309661796301821,2.1596775336984235,2.1757922296662446,0.016114695967821113
instantaneous_20,8.3908144622623,2.164632878246064,2.182613715122574,0.017980836876509976
instantaneous_20,8.467866456683211,2.169109205092078,2.189047132620623,0.01993792752854473
instantaneous_20,8.541297785091723,2.1731916662280564,2.195139513423449,0.021947847195392445
instantaneous_20,8.61153272167383,2.176949016233439,2.2009318327982124,0.0239828165647733
instantaneous_20,8.678946625289742,2.1804373721616157,2.2064598662924007,0.026022494130784946
instantaneous_20,8.743872084812129,2.1837030044164787,2.2117549277924136,0.028051923375934873
instantaneous_20,8.806604419623895,2.1867844390306965,2.2168445051990693,0.030060066168372757
instantaneous_20,8.867406575967067,2.1897140627352716,2.2217528077252173,0.032038744989945744
instantaneous_20,8.926513469579238,2.1925193639651237,2.2265012372497406,0.03398187328461688
instantaneous_20,8.984135830376715,2.1952239040630843,2.2311087947525174,0.035884890689433124
instantaneous_20,9.040463606668897,2.197848086513004,2.235592431557132,0.037744345044127936
instantaneous_20,9.095668985783277,2.2004097737769657,2.2399673539355356,0.039557580158569916
instantaneous_20,9.149909085847446,2.202924788527431,2.244247288576048,0.04132250004861726
instantaneous_20,9.203328370644941,2.2054073270153545,2.248444715495478,0.04303738848012362
instantaneous_20,9.256060836509123,2.20787030586271,2.2525710741904352,0.04470076832772518
instantaneous_20,9.308232017584233,2.2103256589611076,2.2566369481734,0.04631128921229255
instantaneous_20,9.359960853832602,2.2127845978932488,2.260652232527695,0.04786763463444643
instantaneous_20,9.411361465201688,2.2152578470445694,2.2646262887441044,0.049368441699535026
instantaneous_20,9.462544875705163,2.2177558631182404,2.268568090877261,0.05081222775902061
instantaneous_20,9.513620733108482,2.220289047987208,2.272486366989113,0.05219731900190494
instantaneous_20,9.564699074001666,2.2228679636531057,2.276389739958776,0.05352177630567034
instantaneous_20,9.615892190774929,2.2255035585477128,2.2802868720557896,0.05478331350807686
instantaneous_20,9.667316667376506,2.228207415591661,2.2841866182581296,0.05597920266646872
instantaneous_20,9.719095666018154,2.230992034485143,2.2880981942272562,0.057106159742113416
instantaneous_20,9.77136156904566,2.233871163947364,2.292031366247029,0.05816020229966501
instantaneous_20,9.824259112064652,2.236860204519813,2.295996672490891,0.059136467971077966
instantaneous_20,9.877949190396027,2.239976709868438,2.3000056879799593,0.06002897811152108
instantaneous_20,9.932613588084305,2.2432410254874924,2.3040713499956667,0.06083032450817427
instantaneous_20,9.98846097777515,2.246677120322676,2.308208367216122,0.061531246893446134
instantaneous_20,10.045734688553306,2.2503136923972376,2.312433745612757,0.06212005321551928
instantaneous_20,10.104722966270117,2.254185669666112,2.3167674790564905,0.0625818093903785
instantaneous_20,10.165772806302419,2.2583362918439462,2.321233475839612,0.0628971839956658
instantaneous_20,10.229309007781469,2.262820065476427,2.3258608294620298,0.06304076398560277
instantaneous_20,10.295861035067254,2.2677070658477163,2.330685602977095,0.06297853712937851
instantaneous_20,10.366101863170881,2.273089378851598,2.3357533993317596,0.06266402048016184
instantaneous_20,10.440905783319758,2.2790910617807816,2.3411231708829585,0.062032109102176936
instantaneous_20,10.521437274877249,2.2858841260413882,2.3468730509323072,0.060988924890919005
instantaneous_20,10.609292900726665,2.2937153186121564,2.353109619713306,0.059394301101149516
instantaneous_20,10.706738157596943,2.302953373326845,2.3599832857340144,0.05702991240716937
instantaneous_20,10.817124400433688,2.3141777467762497,2.3677151851008458,0.05353743832459612
instantaneous_20,10.945671792231744,2.3283586139667394,2.3766472966022327,0.04828868263549335
instantaneous_20,11.101062725984173,2.347259391889453,2.3873434175434003,0.0400840256539472
instantaneous_20,11.299034610489251,2.3712707434485116,2.400813851486546,0.029543108038034394
instantaneous_20,11.507814030194297,2.3926824969480815,2.414834594405768,0.022152097457686537
instantaneous_20,11.699736547565776,2.4096826718899194,2.427560462732669,0.01787779084274943
instantaneous_20,11.876760220768512,2.4234909027538487,2.439163859328601,0.015672956574752206
instantaneous_20,12.040604650426923,2.434923484103287,2.449791137077113,0.014867652973825862
instantaneous_20,12.192792120822597,2.444547514651033,2.45956780706726,0.015020292416227043
instantaneous_20,12.334674001284137,2.45276924865605,2.468602125124881,0.015832876468830914
instantaneous_20,12.467450195677207,2.459887273323598,2.4769877687225046,0.017100495398906457
instantaneous_20,12.59218519508882,2.4661258608543024,2.4848059604376296,0.01868009958332717
instantaneous_20,12.709822299876674,2.4716566356111196,2.4921272229400544,0.02047058732893481
instantaneous_20,12.821196646813044,2.4766130847474517,2.4990128659312925,0.022399781183840783
instantaneous_20,12.927047259550807,2.4811005368084516,2.505516263059069,0.024415726250617276
instantaneous_20,13.028028172870762,2.485203184918451,2.511683955418522,0.026480770500071138
instantaneous_20,13.12471863106169,2.4889891321818087,2.517556607321318,0.028567475139509302
instantaneous_20,13.217632361867949,2.4925140829260104,2.5231698342714566,0.03065575134544618
instantaneous_20,13.307225946674373,2.4958240878743854,2.5285549198472617,0.032730831972876295
instantaneous_20,13.393906329240325,2.4989576165286973,2.533739436100489,0.034781819571791495
instantaneous_20,13.4780375232489,2.5019471436588514,2.538747780522676,0.03680063686382473
instantaneous_20,13.559946591186867,2.5048203802170566,2.543601641298457,0.03878126108140023
instantaneous_20,13.639928974075271,2.5076012412013293,2.5483204013647294,0.04071916016340005
instantaneous_20,13.718253254425978,2.51031061730991,2.552921490691191,0.04261087338128089
instantaneous_20,13.795165434913578,2.512966999520029,2.557420695199747,0.04445369567971813
instantaneous_20,13.870892813795592,2.515586993379707,2.5618324298574144,0.046245436477707624
instantaneous_20,13.945647536322012,2.518185751145132,2.566169982734716,0.04798423158958398
instantaneous_20,14.01962990000221,2.520777343841985,2.57044573622551,0.04966839238352527
instantaneous_20,14.093031491630947,2.523375091168827,2.5746713712010125,0.05129628003218567
instantaneous_20,14.166038236086626,2.5259918644456953,2.5788580596333666,0.05286619518767122
instantaneous_20,14.238833442036706,2.528640376267884,2.583016651203553,0.05437627493566888
instantaneous_20,14.311600938898719,2.5313334700264503,2.587157859645588,0.055824389619137715
instantaneous_20,14.384528414190513,2.5340844229933333,2.591292455137185,0.05720803214385173
instantaneous_20,14.457811082760223,2.5369072783674267,2.595431470016469,0.05852419164904221
instantaneous_20,14.531655852565912,2.539817224818596,2.599586426640616,0.05976920182202017
instantaneous_20,14.606286200034111,2.5428310471565365,2.6037695985133906,0.06093855135685411
instantaneous_20,14.681948038905077,2.54596767963652,2.607994319254106,0.06202663961758592
instantaneous_20,14.758916970701668,2.5492489054779965,2.6122753590885757,0.06302645361057913
instantaneous_20,14.837507460294702,2.5527002647063277,2.61662939618346,0.0639291314771322
instantaneous_20,14.91808471488695,2.5563522612697502,2.6210756217069213,0.06472336043717108
instantaneous_20,15.001080406923064,2.5602420061244513,2.6256365353167284,0.06539452919227706
instantaneous_20,15.087013951908183,2.564415507229018,2.6303390157907494,0.06592350856173157
instantaneous_20,15.176521974219865,2.5689309412721495,2.6352157966840806,0.06628485541193108
instantaneous_20,15.270400126956474,2.5738634552609017,2.640307551756047,0.06644409649514538
instantaneous_20,15.36966406495254,2.5793124268564647,2.6456659230284094,0.06635349617194475
instantaneous_20,15.475641062980216,2.58541282070384,2.651358051725551,0.06594523102171124
instantaneous_20,15.590112497058168,2.5923536602411428,2.657473593115568,0.06511993287442541
instantaneous_20,15.7155444479773,2.6004094860026035,2.6641360134023073,0.06372652739970386
instantaneous_20,15.855478929368735,2.6099969532638503,2.6715216455434323,0.061524692279582016
instantaneous_20,16.015236250111816,2.621783693127276,2.6798936668592317,0.05810997373195548
instantaneous_20,16.203266366266618,2.636915836441496,2.6896669259332406,0.05275108949174445
instantaneous_20,16.43398432012368,2.6575467566144706,2.7015425124017383,0.043995755787267665
instantaneous_20,16.734420814411738,2.684466954231812,2.716818866568775,0.03235191233696311
instantaneous_20,17.011944228884207,2.705555241942237,2.7307463332509405,0.025191091308703673
instantaneous_20,17.26722119859921,2.7223298154205837,2.7434056373539044,0.021075821933320693
instantaneous_20,17.50285388437973,2.73597726634236,2.754964850427588,0.01898758408522827
instantaneous_20,17.72112070310566,2.747294058164949,2.765566688407556,0.018272630242607057
instantaneous_20,17.92403521203821,2.756834839874858,2.775333666309834,0.01849882643497569
instantaneous_20,18.113383551736277,2.764997762145216,2.7843716094405386,0.019373847295322655
instantaneous_20,18.290751570425606,2.7720759838093647,2.792772250930745,0.020696267121380174
instantaneous_20,18.457546808833175,2.778290060519792,2.800615280732746,0.022325220212954022
instantaneous_20,18.615017696781056,2.783809034624169,2.8079700349689873,0.024161000344818273
instantaneous_20,18.76427096769565,2.7887645885861807,2.8148969272241633,0.02613233863798259
instantaneous_20,18.906287678190143,2.7932607967106664,2.821448679605428,0.028187882894761707
instantaneous_20,19.04193795829796,2.7973810013320795,2.8276713893643284,0.030290388032248927
instantaneous_20,19.171994528246785,2.801192761775393,2.833605455740898,0.032412693965504946
instantaneous_20,19.297145005314704,2.804751482203783,2.8392863859572763,0.03453490375349322
instantaneous_20,19.418003041771954,2.8081031157518415,2.844745496158946,0.03664238040710455
instantaneous_20,19.53511835945192,2.811286211614553,2.8500105211800437,0.03872430956549078
instantaneous_20,19.64898576840278,2.8143334879022195,2.8551061456271323,0.040772657724912786
instantaneous_20,19.760053273201986,2.8172730581164718,2.8600544676362483,0.04278140951977649
instantaneous_20,19.86872938085226,2.8201294024116916,2.864875405647138,0.04474600323544653
instantaneous_20,19.975389730233537,2.8229241499296793,2.8695870576384332,0.04666290770875392
instantaneous_20,20.080383166501065,2.8256767214393355,2.8742060214834577,0.04852930004412226
instantaneous_20,20.184037386476696,2.8284048697694146,2.8787476844479953,0.050342814678580705
instantaneous_20,20.286664284957375,2.831125147494719,2.8832264894015,0.05210134190678062
instantaneous_20,20.388565138530453,2.8338533260189958,2.887656185083256,0.0538028590642603
instantaneous_20,20.490035774885975,2.836604786974103,2.8920500678071623,0.05544528083305922
instantaneous_20,20.591371894502533,2.8393949053963974,2.896421222391833,0.0570263169954357
instantaneous_20,20.69287474039312,2.842239444346784,2.900782770940434,0.058543326593650136
instantaneous_20,20.794857355273077,2.8451549826412643,2.9051481395452923,0.059993156904027956
instantaneous_20,20.89765173033372,2.8481594015450638,2.909531355281364,0.061371953736300444
instantaneous_20,21.00161724537122,2.8512724634158797,2.9139473893319336,0.06267492591605395
instantaneous_20,21.107150941989858,2.854516526674023,2.9184125673420183,0.06389604066799537
instantaneous_20,21.214700383902688,2.8579174593520107,2.9229450760073448,0.06502761665533408
instantaneous_20,21.324780180719518,2.861505841598874,2.9275656069578027,0.06605976535892877
instantaneous_20,21.437993750004708,2.8653185923886015,2.9322981976337226,0.06697960524512103
instantaneous_20,21.55506267913987,2.869401228795226,2.9371713582409402,0.06777012944571403
instantaneous_20,21.676867322611884,2.873811088508567,2.9422196213584293,0.06840853284986226
instantaneous_20,21.804504392568454,2.878622057325981,2.9474857296384522,0.06886367231247137
instantaneous_20,21.939370952536937,2.883931720903234,2.953023812273996,0.069092091370762
instantaneous_20,22.083290746754134,2.8898725639841616,2.958904141430756,0.06903157744659438
instantaneous_20,22.23871095347525,2.8966302172939082,2.9652205059228463,0.06859028862893801
instantaneous_20,22.40902125205491,2.9044746008499276,2.972102107896288,0.06762750704636034
instantaneous_20,22.59909646529801,2.9138161081476794,2.9797336776959362,0.06591756954825678
instantaneous_20,22.816273697968665,2.9253140376786,2.9883914442494945,0.06307740657089456
instantaneous_20,23.072239334799793,2.9401041746708203,2.998512008688631,0.05840783401781069
instantaneous_20,23.38700657320404,2.9603304959038956,3.010835940552546,0.05050544464865059
instantaneous_20,23.79640115821661,2.98878746642197,3.026668678977958,0.03788121255598842
instantaneous_20,24.17134561784799,3.0115060138130176,3.0409794536917305,0.02947343987871287
instantaneous_20,24.51606937211218,3.029443034089573,3.0539808279114626,0.024537793821889586
instantaneous_20,24.8341513227688,3.043947553614676,3.0658479119572304,0.021900358342554327
instantaneous_20,25.12869999357203,3.055913861661858,3.0767284962148516,0.020814634552993372
instantaneous_20,25.402452017242787,3.0659584762197993,3.0867490886307922,0.020790612410992892
instantaneous_20,25.657831768757948,3.074520302687356,3.0960188635846,0.021498560897244
instantaneous_20,25.89699215616971,3.081920288819845,3.104632480601132,0.022712191781286695
instantaneous_20,26.12184604651567,3.0883985106888208,3.1126722485214704,0.024273737832649633
instantaneous_20,26.334092771038684,3.0941380862857217,3.1202098786981587,0.026071792412436956
instantaneous_20,26.5352417215359,3.0992810897419996,3.127307956059688,0.02802686631768836
instantaneous_20,26.7266338916016,3.1039394373980844,3.134021199298113,0.030081761900028425
instantaneous_20,26.909461693316477,3.1082025166272884,3.1403975523924843,0.03219503576519589
instantaneous_20,27.084787169981063,3.1121426479883194,3.1464791350349315,0.034336487046612074
instantaneous_20,27.253558664594856,3.115819072251551,3.152303072116983,0.036483999865431826
instantaneous_20,27.416626007059463,3.1192809125770586,3.1579022185669063,0.0386213059898477
instantaneous_20,27.57475430935288,3.12256941221741,3.1633057936659226,0.04073638144851266
instantaneous_20,27.728636487471185,3.1257196526884488,3.168539937583512,0.0428202848950634
instantaneous_20,27.878904654725417,3.12876189529031,3.1736282018549233,0.044866306564613545
instantaneous_20,28.026140551153595,3.1317226477671403,3.178591984697769,0.04686933693062878
instantaneous_20,28.170885189921997,3.1346255303179738,3.1834509213947846,0.04882539107681083
instantaneous_20,28.31364791633771,3.1374919965480603,3.1882232394780248,0.05073124292996445
instantaneous_20,28.45491509139255,3.1403419524534995,3.1929260881765975,0.05258413572309806
instantaneous_20,28.595158633539416,3.1431943084173137,3.1975758516177275,0.05438154320041377
instantaneous_20,28.734844683957053,3.1460674944250266,3.2021884556969233,0.0561209612718967
instantaneous_20,28.874442707293195,3.1489799667490725,3.206779679491352,0.057799712742279574
instantaneous_20,29.014435409484705,3.151950735084196,3.2113654837860444,0.059414748701848374
instantaneous_20,29.155329957662186,3.1549999428312447,3.2159623720148947,0.06096242918364991
instantaneous_20,29.297671140942214,3.158149540720426,3.2205878031513895,0.0624382624309634
instantaneous_20,29.442057340936273,3.1614241067591804,3.225260682547236,0.06383657578805568
instantaneous_20,29.589160528891707,3.1648518862694757,3.230001966597643,0.06515008032816727
instantaneous_20,29.73975204058594,3.168466159215397,3.234835432339071,0.06636927312367424
instantaneous_20,29.894736715966914,3.1723070963210813,3.239788686933433,0.06748159061235182
instantaneous_20,30.055199328348017,3.176424355419794,3.2448945301219223,0.06847017470212835
instantaneous_20,30.222469426175664,3.1808808224913045,3.250192845240322,0.06931202274901738
instantaneous_20,30.398214433343913,3.1857581707746463,3.25573329991995,0.06997512914530368
instantaneous_20,30.584577381622605,3.1911654023836946,3.26157932191446,0.07041391953076559
instantaneous_20,30.78438755763734,3.1972524740916852,3.2678141502144427,0.07056167612275743
instantaneous_20,31.00149509125847,3.204232992666715,3.2745503974455734,0.07031740477885862
instantaneous_20,31.241326331884387,3.2124239880179166,3.2819458323248445,0.06952184430692787
instantaneous_20,31.511855140637973,3.222320006797817,3.290230800207214,0.06791079340939721
instantaneous_20,31.825412426708713,3.2347418995157726,3.299758904204983,0.06501700468921046
instantaneous_20,32.20233140811956,3.251165198476489,3.3111080893543208,0.05994289087783189
instantaneous_20,32.679055298491505,3.274539265147373,3.325302544237411,0.05076327909003808
instantaneous_20,33.2103753828388,3.3027533059267213,3.340916974306468,0.03816366837974661
instantaneous_20,33.69750822487078,3.3250166868297644,3.3550469960080753,0.030030309178310954
instantaneous_20,34.14590439341627,3.3426365317518805,3.36789997560975,0.025263443857869383
instantaneous_20,34.560167603634106,3.3569140433112876,3.379646647857275,0.022732604545987467
instantaneous_20,34.94429216336266,3.3687150925517737,3.3904310996127602,0.02171600706098653
instantaneous_20,35.3017935440771,3.3786384992285456,3.4003767209692426,0.02173822174069695
instantaneous_20,35.63578746372302,3.387111728710334,3.4095900882377537,0.022478359527419833
instantaneous_20,35.94904368778631,3.3944481169754184,3.418163724872171,0.023715607896752644
instantaneous_20,36.24402712773947,3.4008825679048003,3.4261782132183476,0.025295645313547332
instantaneous_20,36.522932234763196,3.4065946410215946,3.433703900708667,0.027109259687072562
instantaneous_20,36.787713467906414,3.4117239582885412,3.4408023299205817,0.029078371632040412
instantaneous_20,37.040113061026496,3.4163807703920996,3.4475274641957996,0.031146693803699943
instantaneous_20,37.28168659594385,3.4206533805636505,3.453926751238613,0.03327337067496261
instantaneous_20,37.51382659168971,3.4246134745740524,3.460042052296862,0.03542857772280961
instantaneous_20,37.73778422529401,3.4283200236874265,3.465910457040876,0.03759043335344936
instantaneous_20,37.95468929677952,3.431822196014144,3.471565000423633,0.039742804409489185
instantaneous_20,38.16556858412159,3.435161567770863,3.4770352957614894,0.041873727990626275
instantaneous_20,38.37136277649177,3.4383738343088455,3.482348097088215,0.04397426277936933
instantaneous_20,38.57294221690692,3.44149016128084,3.487527803108584,0.04603764182774395
instantaneous_20,38.771121726358636,3.4445382771627515,3.4925969146443614,0.04805863748160988
instantaneous_20,38.96667482379502,3.447543382452244,3.4975764573197567,0.05003307486751263
instantaneous_20,39.160347705551985,3.4505289339565213,3.5024863814450855,0.051957447488564235
instantaneous_20,39.3528734117336,3.45351735209962,3.5073459517569145,0.053828599657294696
instantaneous_20,39.54498669591746,3.4565306936957585,3.5121741410553007,0.055643447359542186
instantaneous_20,39.73744024312218,3.459591331550313,3.516990044142008,0.057398712591695045
instantaneous_20,39.93102307033124,3.4627226856908013,3.5218133322485548,0.05909064655775342
instantaneous_20,40.12658222607956,3.4659500599328084,3.5266647740306354,0.06071471409782703
instantaneous_20,40.32504933223027,3.469301653903763,3.531566858304051,0.062265204400288265
instantaneous_20,40.527474165026604,3.4728098483884784,3.536544567790781,0.0637347194023028
instantaneous_20,40.73506849338978,3.4765129077738677,3.541626375237779,0.06511346746391133
instantaneous_20,40.94926502105215,3.480457319835845,3.546845568540587,0.06638824870474203
instantaneous_20,41.17179894386854,3.4847011230515452,3.552242069127858,0.06754094607631256
instantaneous_20,41.40482412290202,3.4893187989110523,3.557865004668022,0.06854620575696968
instantaneous_20,41.65108369579099,3.4944087187963295,3.563776465190971,0.06936774639464138
instantaneous_20,41.914169113722146,3.5001049145818266,3.5700571745990537,0.0699522600172271
instantaneous_20,42.19892840953677,3.5065964922415116,3.5768153798266455,0.07021888758513395
instantaneous_20,42.512137975939055,3.5141612759580925,3.584201389593506,0.07004011363541363
instantaneous_20,42.86366542800564,3.523227656854959,3.592432569445631,0.06920491259067196
instantaneous_20,43.26860915115162,3.5344967738460276,3.601838956351198,0.06734218250517054
instantaneous_20,43.751541374094494,3.549206598859757,3.612952806918291,0.0637462080585336
instantaneous_20,44.355756016184046,3.5697727569457367,3.626701204019475,0.05692844707373812
instantaneous_20,45.089633786442306,3.5986154602443094,3.6431711321510956,0.04455567190678611
instantaneous_20,45.761367029592485,3.6245021163870947,3.6580316815715537,0.03352956518445893
instantaneous_20,46.37899893720051,3.6446643315850307,3.6715186247727924,0.02685429318776178
instantaneous_20,46.94912109294095,3.660790225819618,3.683821110162773,0.023030884343155034
instantaneous_20,47.47735534807959,3.673973777745961,3.69509625917466,0.02112248142869877
instantaneous_20,47.9686072910963,3.684955549120919,3.705477400910418,0.020521851789498946
instantaneous_20,48.42721027875302,3.6942549888040914,3.7150791356281068,0.020824146824015344
instantaneous_20,48.85701576791561,3.702247345427571,3.7240007309341747,0.021753385506603884
instantaneous_20,49.26145683995531,3.709210517106853,3.732328591529007,0.023118074422153967
instantaneous_20,49.64359801478708,3.715354742154577,3.7401381800669538,0.024783437912376804
instantaneous_20,50.0,3.720758357344489,3.747370654879465,0.02661229753497585
instantaneous_100,0.0,0.0,0.0,0.0
instantaneous_100,0.002381153634116409,0.0,0.14506822792180699,0.14506822792180699
instantaneous_100,0.004546729496743036,0.0,0.1799733737804115,0.1799733737804115
instantaneous_100,0.006516887702906143,0.0,0.20291810563091275,0.20291810563091275
instantaneous_100,0.008310165002969218,0.0,0.2200440053223049,0.2200440053223049
instantaneous_100,0.00994364078144671,0.0,0.23360770799973155,0.23360770799973155
instantaneous_100,0.011433068412916284,0.0,0.24473274368550216,0.24473274368550216
instantaneous_100,0.012792974058937255,0.0,0.2540743638678571,0.2540743638678571
instantaneous_100,0.014036728593178354,0.25120245990343476,0.2620544700938994,0.010852010190464667
instantaneous_100,0.015176600724630831,0.26971240609140945,0.2689637594642161,0.0007486466271933723
instantaneous_100,0.016223800000716323,0.2843342750129201,0.2750125452159791,0.009321729796940958
instantaneous_100,0.017188517315432153,0.2961342766341232,0.2803585974960534,0.015775679138069765
instantaneous_100,0.01807996839855716,0.30582358783125607,0.285123557903889,0.02070002992736708
instantaneous_100,0.018906443251393266,0.31389481884816994,0.2894032044519593,0.02449161439621067
instantaneous_100,0.019675362234433422,0.32069999842250574,0.29327419256519754,0.027425805857308194
instantaneous_100,0.020393337858977775,0.32649737236166965,0.29679866891910484,0.02969870344256481
instantaneous_100,0.0210662403817556,0.3314806612410183,0.300027542358645,0.03145311888237334
instantaneous_100,0.021699264964129446,0.3357980004057229,0.3030028726140272,0.03279512779169569
instantaneous_100,0.022296998258653767,0.3395645742440189,0.30575965844278336,0.03380491580123557
instantaneous_100,0.02286348264407616,0.3428712670260749,0.30832720372290123,0.03454406330317367
instantaneous_100,0.023402276792448124,0.34579072360224844,0.3107301785675478,0.03506054503470063
instantaneous_100,0.023916511714179935,0.3483816823015335,0.3129894547155554,0.0353922275859781
instantaneous_100,0.024408941831560768,0.35069212902854574,0.31512277045638637,0.03556935857215937
instantaneous_100,0.024881990951465167,0.3527616305477598,0.3171452646576741,0.035616365890085655
instantaneous_100,0.02533779324246438,0.3546230859535922,0.31906990890066195,0.03555317705293026
instantaneous_100,0.025778229477802915,0.35630405869596615,0.3209078594117586,0.03539619928420756
instantaneous_100,0.02620495890103581,0.35782780189845853,0.32266874528861655,0.03515905660984198
instantaneous_100,0.0266194471170358,0.3592140562603432,0.32436090573727017,0.03485315052307303
instantaneous_100,0.027022990424682095,0.3604796772382583,0.32599158624037716,0.03448809099788114
instantaneous_100,0.02741673699733731,0.3616391326648369,0.3275671014599255,0.03407203120491137
instantaneous_100,0.027801705293876117,0.3627049009738984,0.32909297106727764,0.03361192990662076
instantaneous_100,0.02817880005101842,0.3636877924088655,0.3305740334377273,0.03311375897113822
instantaneous_100,0.028548826173501306,0.36459721014,0.33201454117708806,0.032582668962911954
instantaneous_100,0.02891250080246696,0.3654413639130158,0.33341824167379236,0.032023122239223434
instantaneous_100,0.029270463809291457,0.36622744609115776,0.3347884452665985,0.03143900082455925
instantaneous_100,0.02962328693010145,0.36696177756957116,0.3361280831312929,0.03083369443827827
instantaneous_100,0.029971481727850285,0.36764992947142516,0.3374397566038335,0.030210172867591645
instantaneous_100,0.030315506542980403,0.3682968251387639,0.33872577934417464,0.029571045794589246
instantaneous_100,0.030655772571825935,0.368906826109031,0.3399882134969575,0.028918612612073513
instantaneous_100,0.030992649192075387,0.3694838049254592,0.3412289008009895,0.028254904124469682
instantaneous_100,0.03132646863756179,0.3700312070990527,0.34244948943429887,0.027581717664753813
instantaneous_100,0.0316575301103507,0.37055210404974326,0.3436514572483162,0.026900646801427064
instantaneous_100,0.031986103405602095,0.3710492385725478,0.3448361319355012,0.026213106637046568
instantaneous_100,0.0323124321136499,0.3715250639838841,0.34600470858383225,0.02552035540005182
instantaneous_100,0.03263673645508656,0.3719817780187191,0.34715826499867075,0.02482351302004837
instantaneous_100,0.032959215796590884,0.3724213522010368,0.34829777511263244,0.024123577088404347
instantaneous_100,0.03328005088867295,0.37284555745936043,0.34942412075200824,0.023421436707352195
instantaneous_100,0.03359940586104222,0.3732559865201284,0.3505381019889031,0.022717884531225307
instantaneous_100,0.0339174300061271,0.37365407350301144,0.35164044627171526,0.022013627231296184
instantaneous_100,0.03423425937781529,0.37404111113839233,0.3527318165000452,0.02130929463834713
instantaneous_100,0.0345500182284153,0.3744182660051288,0.35381281818404164,0.02060544782108714
instantaneous_100,0.034864820304028134,0.3747865918978526,0.35488400580913715,0.019902586088715424
instantaneous_100,0.035178770016544424,0.3751470417444226,0.35594588851085746,0.019201153233565138
instantaneous_100,0.03549196350744029,0.3755004781504033,0.35699893514846753,0.018501543001935794
instantaneous_100,0.03580448961754331,0.37584768280992953,0.3580435788564957,0.017804103953433847
instantaneous_100,0.03611643077496142,0.37618936486665383,0.35908022114149285,0.01710914372516098
instantaneous_100,0.036427863812017694,0.37652616843168,0.36010923558254726,0.01641693284913276
instantaneous_100,0.03673886072135286,0.37685867929262673,0.36113097118932563,0.015727708103301097
instantaneous_100,0.03704948935983534,0.3771874309325314,0.36214575546193634,0.01504167547059504
instantaneous_100,0.037359814108868336,0.37751290997043907,0.363153897195096,0.014359012775343072
instantaneous_100,0.03766989649841597,0.3778355610697802,0.36415568906260243,0.013679872007177796
instantaneous_100,0.037979795801901715,0.3781557913654394,0.36515141001496915,0.013004381350470273
instantaneous_100,0.03828956960873237,0.3784739744789906,0.36614132752066886,0.012332646958321758
instantaneous_100,0.038599274380922255,0.37879045422347224,0.36712569967881986,0.011664754544652378
instantaneous_100,0.03890896600003268,0.3791055479223222,0.3681047772288305,0.011000770693491702
instantaneous_100,0.0392187003107426,0.37941954949895557,0.36907880548120137,0.0103407440177542
instantaneous_100,0.03952853366727262,0.37973273232503957,0.37004802619331234,0.009684706131727228
instantaneous_100,0.03983852348920829,0.38004535184027044,0.37101267941250016,0.009032672427770283
instantaneous_100,0.04014872883336219,0.38035764803049765,0.37197300530894717,0.008384642721550484
instantaneous_100,0.04045921098894607,0.38066984771956125,0.3729292460215232,0.00774060169803803
instantaneous_100,0.04077003410342156,0.3809821667680596,0.37388164753867253,0.007100519229387092
instantaneous_100,0.04108126584811413,0.3812948121805627,0.37483046164129474,0.006464350539267971
instantaneous_100,0.04139297813215381,0.38160798413608,0.37577594793086483,0.005832036205215163
instantaneous_100,0.04170524787591384,0.3819218779844338,0.37671837597418084,0.005203502010252936
instantaneous_100,0.04201815785561906,0.38223668621024154,0.3776580275942929,0.004578658615948639
instantaneous_100,0.042331797632935014,0.3825526003961892,0.3785951993445775,0.003957401051611686
instantaneous_100,0.04264626458488668,0.3828698132876267,0.379530205203562,0.0033396080840646936
instantaneous_100,0.042961665054597614,0.38318852085126104,0.38046337954334997,0.002725141307911072
instantaneous_100,0.04327811564262026,0.38350892448590085,0.3813950804185354,0.0021138440673654224
instantaneous_100,0.04359574466483791,0.383831233344147,0.3823256932396689,0.0015055401044780647
instantaneous_100,0.04391469381222651,0.3841556668748352,0.3832556349189988,0.0009000319558364334
instantaneous_100,0.04423512004533958,0.38448245757076593,0.3841853585644123,0.0002970990063536072
instantaneous_100,0.04455719777107313,0.38481185403891494,0.3851153588373619,0.0003035047984469852
instantaneous_100,0.04488112136116796,0.38514412441700885,0.3860461781185259,0.0009020537015170249
instantaneous_100,0.045207108074451906,0.3854795603020781,0.38697841362503677,0.001498853322958682
instantaneous_100,0.0455354014749532,0.38581848118967993,0.38791272570178514,0.0020942445121052145
instantaneous_100,0.04586627545357546,0.3861612396707277,0.38884984754255775,0.002688607871830062
instantaneous_100,0.046200038981900796,0.38650822746355873,0.3897905966415203,0.003282369177961597
instantaneous_100,0.04653704176938626,0.38685988258751214,0.39073588838047,0.0038760057929578817
instantaneous_100,0.04687768105992063,0.3872166978486531,0.39168675231506805,0.004470054466414963
instantaneous_100,0.047222409825260644,0.3875792311086627,0.3926443517543658,0.005065120645703081
instantaneous_100,0.04757174674886925,0.38794811767202825,0.3936100075681537,0.005661889896125427
instantaneous_100,0.04792628846889815,0.38832408554599684,0.3945852273132279,0.006261141767231082
instantaneous_100,0.04828672475039017,0.3887079742503704,0.3955717412538881,0.006863767003517707
instantaneous_100,0.04865385743763522,0.3891007583956174,0.3965715472530086,0.007470788857391164
instantaneous_100,0.04902862443771068,0.3895035774459486,0.39758696746862743,0.008083390022678827
instantaneous_100,0.04941213025463086,0.38991777380227766,0.3986207203320133,0.008702946529735633
instantaneous_100,0.04980568569316298,0.39034494223695804,0.3996760139895997,0.00933107175264164
instantaneous_100,0.050210859644838235,0.3907869946782542,0.40075666777331015,0.009969673095055975
instantaneous_100,0.05062954824844554,0.39124624685892195,0.4018672740667502,0.01062102720782826
instantaneous_100,0.05106406840096227,0.39172553586602266,0.40301341648645056,0.011287880620427904
instantaneous_100,0.05151728673879784,0.3922283827671581,0.404201969877059,0.011973587109900874
instantaneous_100,0.051992800948897466,0.3927592222128856,0.4054415204588313,0.012682298245945689
instantaneous_100,0.052495201544254175,0.393323735208861,0.40674297020765404,0.01341923499879305
instantaneous_100,0.053030459000229076,0.39392934369671584,0.4081204266182839,0.014191082921568066
instantaneous_100,0.05360651603289727,0.39458597113268806,0.40959255751079815,0.015006586378110087
instantaneous_100,0.05423422427823786,0.39530725293212393,0.4111847211495801,0.01587746821745617
instantaneous_100,0.05492889371116531,0.39611255263749867,0.41293246712482873,0.016819914487330057
instantaneous_100,0.055712987678719315,0.39703049757168263,0.4148875785786725,0.01785708100698985
instantaneous_100,0.05662110903808388,0.39810558439648747,0.4171291460518302,0.019023561655342747
instantaneous_100,0.05770996811636025,0.39941154118254035,0.419785448239907,0.020373907057366636
instantaneous_100,0.059080343934939834,0.401081208711955,0.42308142907483276,0.022000220362877743
instantaneous_100,0.060932059187171234,0.4033828241745398,0.4274550779920327,0.024072253817492895
instantaneous_100,0.06372767766988686,0.40695352440693505,0.4338932620143907,0.02693973760745566
instantaneous_100,0.06881722710404546,0.41372955960466196,0.4451464567265678,0.03141689712190582
instantaneous_100,0.08129796083442051,0.43166452785395093,0.4705686952678962,0.038904167413945256
instantaneous_100,0.09266769881293072,0.45139271590966756,0.4915479416871332,0.040155225777465664
instantaneous_100,0.10303617474172717,0.4730935011680096,0.5092294727228829,0.0361359715548733
instantaneous_100,0.11250451337884307,0.49696416264813953,0.5243661762657191,0.0274020136175796
instantaneous_100,0.12116576423378184,0.5225676453252822,0.5374848248099627,0.01491717948468052
instantaneous_100,0.12910528026277782,0.5429844718512173,0.5489711694273423,0.005986697576124911
instantaneous_100,0.13640102227194992,0.5591586462789153,0.5591175121175901,4.113416132522918e-05
instantaneous_100,0.14312384572336875,0.5722520529687345,0.5681511749146338,0.004100878054100643
instantaneous_100,0.14933780851449074,0.5830420329204111,0.5762525043912546,0.0067895285291564855
instantaneous_100,0.15510052009235784,0.5920683503520046,0.5835668014537931,0.00850154889821142
instantaneous_100,0.16046353641192673,0.5997174758440731,0.5902125504744897,0.009504925369583361
instantaneous_100,0.16547279383631033,0.6062733221885728,0.5962872970148214,0.009986025173751356
instantaneous_100,0.17016906860685468,0.6119490550717557,0.6018719732878577,0.01007708178389799
instantaneous_100,0.17458844629636533,0.6169077424438996,0.6070341621721229,0.00987358027177665
instantaneous_100,0.17876278647461613,0.6212761660374558,0.6118306115785355,0.009445554458920369
instantaneous_100,0.18272017035510021,0.6251543031157223,0.6163092038235256,0.008845099292196679
instantaneous_100,0.1864853224269533,0.6286219861065288,0.6205105186992423,0.00811146740728641
instantaneous_100,0.19008000028439037,0.6317436751879186,0.6244690871610126,0.007274588026906059
instantaneous_100,0.19352334965482787,0.6345719401249783,0.628214405327128,0.006357534797850284
instantaneous_100,0.19683222382839394,0.6371500411602792,0.6317717602024997,0.00537828095777948
instantaneous_100,0.20002146829685605,0.6395138695464905,0.6351629058906663,0.004350963655824214
instantaneous_100,0.2031041724760617,0.6416934254547615,0.6384066200488797,0.0032868054058817764
instantaneous_100,0.2060918910252107,0.643713956712122,0.6415191637599162,0.002194792952205704
instantaneous_100,0.20899483758916998,0.6455968455467116,0.6445146630760618,0.0010821824706498395
instantaneous_100,0.21182205387088252,0.6473603058451302,0.6474054267434052,4.512089827501953e-05
instantaneous_100,0.21458155686598399,0.6490199363312925,0.6502022117172346,0.0011822753859420665
instantaneous_100,0.21728046692173367,0.6505891630879919,0.6529144458115619,0.0023252827235700213
instantaneous_100,0.21992511906375323,0.6520795962993868,0.655550415039511,0.0034708187401241153
instantaneous_100,0.22252115978770226,0.6535013199296671,0.6581174217750625,0.004616101845395404
instantaneous_100,0.22507363126938087,0.6548631285369141,0.6606219187311998,0.005758790194285712
instantaneous_100,0.22758704470884544,0.6561727221294676,0.663069622833433,0.006896900703965314
instantaneous_100,0.23006544430836076,0.6574368674753542,0.6654656123336918,0.0080287448583376
instantaneous_100,0.2325124631842315,0.6586615324168807,0.6678144099117564,0.0091528774948757
instantaneous_100,0.23493137233765013,0.6598519983370064,0.6701200540299674,0.010268055692961076
instantaneous_100,0.23732512365527975,0.6610129548562526,0.6723861604139523,0.011373205557699717
instantaneous_100,0.2396963877750834,0.6621485799628211,0.6746159752122863,0.012467395249465274
instantaneous_100,0.24204758753805036,0.6632626081919252,0.6768124211273716,0.013549812935446437
instantaneous_100,0.2443809276453197,0.6643583889200714,0.6789781375954986,0.014619748675427258
instantaneous_100,0.24669842105740195,0.6654389364696702,0.6811155159202422,0.015676579450571992
instantaneous_100,0.24900191259804597,0.6665069733924258,0.6832267301183479,0.016719756725922075
instantaneous_100,0.2512931001652828,0.6675649680770411,0.6853137641197459,0.01774879604270474
instantaneous_100,0.25357355390084474,0.6686151675834924,0.6873784358661336,0.018763268282641188
instantaneous_100,0.25584473362592147,0.6696596265028156,0.6894224187722028,0.019762792269387153
instantaneous_100,0.2581080048157293,0.6707002324758093,0.6914472609478589,0.020747028472049567
instantaneous_100,0.26036465335588793,0.6717387289171917,0.6934544025253291,0.02171567360813742
instantaneous_100,0.2626158993013208,0.6727767354159047,0.6954451913920369,0.022668455976132207
instantaneous_100,0.26486290983781546,0.6738157662045273,0.6974208975921591,0.02360513138763176
instantaneous_100,0.26710681163453615,0.6748572470425731,0.6993827266326242,0.024525479590051136
instantaneous_100,0.2693487027649588,0.6759025308380071,0.7013318319058266,0.025429301067819488
instantaneous_100,0.2715896643696479,0.6769529122669822,0.7032693264246271,0.026316414157644963
instantaneous_100,0.2738307722323379,0.6780096416508073,0.7051962940527688,0.027186652401961497
instantaneous_100,0.27607310844398986,0.6790739383469145,0.707113800406176,0.028039862059261456
instantaneous_100,0.2783177733387674,0.6801470038656321,0.7090229035988207,0.028875899733188604
instantaneous_100,0.28056589789766007,0.6812300349627337,0.7109246650076566,0.0296946300449229
instantaneous_100,0.28281865683524343,0.6823242369425038,0.7128201602387317,0.030495923296227967
instantaneous_100,0.2850772826125546,0.6834308374377162,0.7147104904897992,0.03127965305208302
instantaneous_100,0.28734308065289116,0.6845511009363592,0.7165967945232169,0.032045693586857715
instantaneous_100,0.2896174460840072,0.6856863443814559,0.7184802614902231,0.03279391710876722
instantaneous_100,0.291901882390549,0.6868379542158632,0.7203621448851747,0.03352419066931145
instantaneous_100,0.2941980224360494,0.6880074052873649,0.722243777955306,0.034236372667941106
instantaneous_100,0.29650765241531246,0.6891962821684636,0.7241265909573885,0.03493030878892489
instantaneous_100,0.298832739425277,0.6904063034883211,0.7260121307347358,0.0356058272464147
instantaneous_100,0.30117546351211066,0.6916393500894157,0.7279020831989699,0.03626273310955419
instantaneous_100,0.3035382552700262,0.6928974979969919,0.7297982994435045,0.03690080144651264
instantaneous_100,0.3059238403595768,0.694183057450546,0.7317028264080078,0.037519768957461785
instantaneous_100,0.3083352926920636,0.6954986196159928,0.7336179432607437,0.0381193236447509
instantaneous_100,0.3107760985524037,0.6968471130855324,0.7355462050130404,0.03869909192750798
instantaneous_100,0.3132502346308588,0.6982318729166186,0.737490495336904,0.03925862242028544
instantaneous_100,0.3157622638809183,0.6996567259093104,0.7394540911763512,0.03979736526704081
instantaneous_100,0.3183174544790833,0.7011260970664057,0.7414407426347189,0.04031464556831321
instantaneous_100,0.3209219289979105,0.7026451440270353,0.7434547728138697,0.04080962878683447
instantaneous_100,0.32358285362231165,0.704219928861893,0.7455012040576658,0.04128127519577285
instantaneous_100,0.3263086810639369,0.7058576404638017,0.7475859195307488,0.041728279066947094
instantaneous_100,0.3291094665630091,0.7075668864315576,0.7497158727815244,0.04214898634996678
instantaneous_100,0.33199728496302583,0.7093580820763983,0.7518993634909166,0.042541281414518295
instantaneous_100,0.3349867899323054,0.711243977520366,0.754146406023035,0.0429024285026689
instantaneous_100,0.3380959771934699,0.7132403853597072,0.7564692307358625,0.043228845376155234
instantaneous_100,0.34134724685082235,0.7153672062275261,0.7588829792188656,0.04351577299133946
instantaneous_100,0.3447689151846887,0.7176499084787145,0.7614066897688455,0.04375678129013105
instantaneous_100,0.34839742095546733,0.7201217207319858,0.7640647292990266,0.04394300856704081
instantaneous_100,0.35228063956168393,0.7228269817478705,0.7668889337294741,0.044061951981603564
instantaneous_100,0.35648303048894886,0.7258264437905506,0.769921913936664,0.04409547014611337
instantaneous_100,0.36109395118924786,0.7292060270145075,0.7732223612881185,0.04401633427361096
instantaneous_100,0.36624172286507223,0.7330920081943894,0.7768739568076638,0.043781948613274446
instantaneous_100,0.37211879589956925,0.7376790115099849,0.7810011688365168,0.043322157326531885
instantaneous_100,0.37902996756372836,0.7432855809616709,0.7857991915035466,0.042513610541875746
instantaneous_100,0.38749305210200197,0.7504754173085695,0.7915955860390995,0.04112016873053004
instantaneous_100,0.39847362095416117,0.7603564707278059,0.7989913727350039,0.03863490200719799
instantaneous_100,0.4140190556208523,0.775452836230745,0.8092321891706363,0.033779352939891316
instantaneous_100,0.4392149797066588,0.8027966192257466,0.8252974877161829,0.02250086849043631
instantaneous_100,0.4622755431261193,0.8282004561130168,0.8394692901403619,0.01126883402734502
instantaneous_100,0.4834285603857631,0.8479422435841907,0.8520585443383348,0.004116300754144153
instantaneous_100,0.5028813126887256,0.8636853053815351,0.8633144287244617,0.00037087665707336015
instantaneous_100,0.5208217580592173,0.8765057439928114,0.8734397117897497,0.003066032203061786
instantaneous_100,0.53741954751263,0.8871307227459422,0.8826013103134236,0.004529412432518587
instantaneous_100,0.5528270618340658,0.8960693109513403,0.8909378395494926,0.005131471401847776
instantaneous_100,0.5671805330758297,0.903688477814216,0.8985651964608504,0.005123281353365594
instantaneous_100,0.5806012493387889,0.9102593300712363,0.9055808072014078,0.004678522869828505
instantaneous_100,0.5931968131561547,0.9159863710095986,0.912066934858274,0.003919436151324618
instantaneous_100,0.6050624148313254,0.9210266479282759,0.9180933037780514,0.002933344150224504
instantaneous_100,0.616282083570003,0.9255026516648552,0.9237192117335906,0.0017834399312646187
instantaneous_100,0.6269298859064952,0.929511229599632,0.9289952482319441,0.0005159813676878233
instantaneous_100,0.6370710494059277,0.9331298822644044,0.9339647035111814,0.0008348212467770288
instantaneous_100,0.6467629979515003,0.9364212993936327,0.938664730660184,0.0022434312665512435
instantaneous_100,0.6560562920477353,0.9394366847331593,0.9431273083197088,0.0036906235865494796
instantaneous_100,0.6649954731222093,0.9422182308840921,0.9473800409176948,0.005161810033602721
instantaneous_100,0.673619814779536,0.9448009870550356,0.951446825746726,0.006645838691690442
instantaneous_100,0.681963986564795,0.9472142862594832,0.9553484104457258,0.008134124186242597
instantaneous_100,0.6900586372927028,0.9494828482188915,0.9591028600035758,0.009620011784684301
instantaneous_100,0.6979309056889241,0.9516276404576116,0.9627259488986267,0.011098308441015114
instantaneous_100,0.7056048662016824,0.9536665569854726,0.9662314911782222,0.01256493419274951
instantaneous_100,0.7131019175732206,0.9556149579067058,0.9696316190065578,0.014016661099852001
instantaneous_100,0.7204411212695082,0.9574861019802242,0.9729370183568837,0.015450916376659518
instantaneous_100,0.7276394962537971,0.9592914960461945,0.9761571290082042,0.016865632962009713
instantaneous_100,0.7347122759294158,0.9610411793762321,0.9793003147630495,0.018259135386817338
instantaneous_100,0.7416731324244367,0.9627439567105864,0.9823740087836456,0.019630052073059123
instantaneous_100,0.7485343727641615,0.9644075905588922,0.985384838104063,0.02097724754517072
instantaneous_100,0.7553071109110506,0.966038960974546,0.988338730689732,0.02229976971518599
instantaneous_100,0.7620014191332832,0.9676441992139109,0.991241007848101,0.023596808634190114
instantaneous_100,0.7686264617126182,0.9692288003387157,0.994096464331006,0.024867663992290234
instantaneous_100,0.7751906136047927,0.9707977187732282,0.9969094380864386,0.026111719313210435
instantaneous_100,0.7817015663270722,0.9723554500369633,0.9996838713045086,0.02732842126754531
instantaneous_100,0.7881664230590509,0.973906101243849,1.0024233641456117,0.028517262901762708
instantaneous_100,0.7945917847005155,0.9754534524854614,1.0051312223285012,0.029677769843039714
instantaneous_100,0.800983828428049,0.9770010108478284,1.0078104995836215,0.030809488735793034
instantaneous_100,0.8073483801326494,0.9785520585099637,1.010464035839513,0.0319119773295492
instantaneous_100,0.8136909819901685,0.9801096961646922,1.013094491896711,0.032984795732018846
instantaneous_100,0.8200169563240975,0.9816768828258134,1.015704381256939,0.034027498431125625
instantaneous_100,0.8263314668512334,0.983256472962794,1.018296099705269,0.03503962674247507
instantaneous_100,0.8326395783751491,0.9848512518235748,1.0208719531969668,0.03602070137339197
instantaneous_100,0.838946315979194,0.9864639697461859,1.0234341845637198,0.03697021481753393
instantaneous_100,0.845256724809405,0.9880973762499745,1.0259849995412154,0.037887623291240846
instantaneous_100,0.8515759316000096,0.9897542546994732,1.0285265926181058,0.03877233791863255
instantaneous_100,0.8579092092028335,0.99143745838509,1.0310611732239237,0.039623714838833646
instantaneous_100,0.8642620455454655,0.993149948945098,1.0335909928119842,0.040441043866886184
instantaneous_100,0.8706402186604895,0.9948948381774695,1.0361183734512882,0.04122353527381872
instantaneous_100,0.8770498797327563,0.9966754344731978,1.03864573863045,0.041970304157252114
instantaneous_100,0.8834976465118866,0.9984952953502041,1.0411756470977551,0.042680351747551026
instantaneous_100,0.8899907099764238,1.0003582879105573,1.0437108307295706,0.04335254281901335
instantaneous_100,0.8965369578482667,1.0022686594964443,1.0462542376439523,0.04398557814750803
instantaneous_100,0.903145119514241,1.0042311214452542,1.04880908208201,0.04457796063675579
instantaneous_100,0.9098249381956337,1.0062509497017027,1.0513789029902973,0.04512795328859465
instantaneous_100,0.9165873779553002,1.0083341071980139,1.0539676337994448,0.04563352660143094
instantaneous_100,0.9234448755130783,1.0104873945334791,1.0565796866584014,0.046092292124922274
instantaneous_100,0.9304116501576134,1.0127186377490185,1.0592200554496816,0.04650141770066307
instantaneous_100,0.937504089676182,1.0150369252099136,1.0618944433968283,0.04685751818691464
instantaneous_100,0.9447412368185528,1.0174529102326688,1.064609423187226,0.04715651295455725
instantaneous_100,0.9521454103268693,1.0199792028855708,1.0673726405740496,0.04739343768847881
instantaneous_100,0.9597430085426467,1.0226308845040082,1.0701930768781556,0.04756219237414738
instantaneous_100,0.9675655644812442,1.025426193820887,1.0730813924477467,0.04765519862685963
instantaneous_100,0.9756511531183308,1.0283874574791982,1.0760503832288606,0.047662925749662355
instantaneous_100,0.984046301355161,1.0315423756637603,1.0791155983050031,0.04757322264124286
instantaneous_100,0.9928086306819942,1.0349258356057403,1.0822961912980786,0.047370355692338384
instantaneous_100,1.00201059335699,1.0385825301036005,1.085616119507667,0.047033589404066545
instantaneous_100,1.0117448851112496,1.0425708400153009,1.0891058739748773,0.04653503395957648
instantaneous_100,1.0221325080907633,1.0469687685562132,1.0928050448854378,0.0458362763292246
instantaneous_100,1.0333351737406158,1.0518833371713032,1.096766247588467,0.044882910417163746
instantaneous_100,1.045575109850493,1.0574660901465323,1.1010613556139697,0.043595265467437416
instantaneous_100,1.0591681231790604,1.0639399690931306,1.1057918342227302,0.0418518651295996
instantaneous_100,1.0745817957521804,1.0716487469357174,1.1111067824851197,0.039458035549402304
instantaneous_100,1.0925447685601588,1.0811548649751481,1.117236480846888,0.03608161587173986
instantaneous_100,1.114269173946862,1.0934517964453736,1.1245598307619193,0.03110803431654574
instantaneous_100,1.1419523973144345,1.1104787331776527,1.1337540255734646,0.023275292395811942
instantaneous_100,1.1800731105568536,1.1325493646217741,1.146172444137928,0.013623079516153824
instantaneous_100,1.2218848396339876,1.153023484402129,1.1594865660306757,0.006463081628546696
instantaneous_100,1.2603260149590452,1.1693167670819837,1.1714593567631313,0.0021425896811475553
instantaneous_100,1.295770943529937,1.1825672788437167,1.182282889953984,0.00028438888973281173
instantaneous_100,1.328556344413647,1.193540753006961,1.1921181216026897,0.0014226314042713462
instantaneous_100,1.358984254585854,1.2027713860787708,1.201100839042499,0.0016705470362716746
instantaneous_100,1.387324608333066,1.2106431385259229,1.2093461421332026,0.0012969963927202954
instantaneous_100,1.4138177629669446,1.2174389655917979,1.2169519410535021,0.0004870245382957439
instantaneous_100,1.4386770350216493,1.2233718471449815,1.2240017585121288,0.0006299113671472956
instantaneous_100,1.4620912264008628,1.228605027099783,1.230567016487749,0.001961989387965879
instantaneous_100,1.4842270924394316,1.2332656111337537,1.2367089259023365,0.003443314768582839
instantaneous_100,1.505231702808802,1.2374539405417253,1.242480061045858,0.005026120504132647
instantaneous_100,1.525234656277161,1.2412502016511562,1.247925678137893,0.00667547648673672
instantaneous_100,1.5443501236933728,1.2447191794521206,1.2530848231119147,0.008365643659794086
instantaneous_100,1.5626787062784353,1.2479137370346307,1.2579912641340685,0.010077527099437766
instantaneous_100,1.5803091067737522,1.2508774024195355,1.2626742776082607,0.011796875188725187
instantaneous_100,1.5973196187148817,1.2536463187971705,1.2671593113674378,0.01351299257026728
instantaneous_100,1.6137794443037516,1.2562507334273452,1.2714685448065959,0.015217811379250712
instantaneous_100,1.6297498544315745,1.2587161473778923,1.2756213625153365,0.01690521513744425
instantaneous_100,1.6452852058802467,1.2610642126913885,1.2796347553206506,0.018570542629262166
instantaneous_100,1.6604338310741424,1.2633134392734953,1.2835236604357738,0.020210221162278552
instantaneous_100,1.6752388153080482,1.2654797569352898,1.2873012505374837,0.021821493602193875
instantaneous_100,1.6897386754866286,1.2675769661386997,1.2909791800191297,0.023402213880429956
instantaneous_100,1.7039679532552972,1.269617102508884,1.2945677953364412,0.02495069282755713
instantaneous_100,1.717957734149467,1.2716107340369955,1.2980763152456325,0.026465581208636957
instantaneous_100,1.731736103139664,1.2735672054109228,1.3015129857980972,0.027945780387174324
instantaneous_100,1.7453285457584418,1.2754948405930977,1.304885214173906,0.029390373580808316
instantaneous_100,1.75875830290788,1.2774011122963675,1.3081996847868582,0.030798572490490672
instantaneous_100,1.7720466864758564,1.2792927851547253,1.311462460555092,0.03216967540036664
instantaneous_100,1.7852133620415649,1.2811760379849964,1.314679071786322,0.03350303380132558
instantaneous_100,1.7982766042381493,1.2830565694780598,1.3178545947636244,0.03479802528556464
instantaneous_100,1.811253529735879,1.284939690856644,1.3209937218189445,0.03605403096230053
instantaneous_100,1.8241603123454158,1.2868304084321613,1.3241008244461336,0.037270416013972296
instantaneous_100,1.837012384365293,1.2887334985476164,1.3271800108135865,0.03844651226597007
instantaneous_100,1.849824628063197,1.290653577067253,1.3302351788961957,0.03958160182894277
instantaneous_100,1.8626115610328615,1.2925951653657153,1.3332700663391448,0.04067490097342952
instantaneous_100,1.875387519168997,1.29456275463322,1.3362882981037332,0.04172554347051327
instantaneous_100,1.8881668411060784,1.2965608702889977,1.339293432913308,0.042732562624310244
instantaneous_100,1.9009640582394898,1.2985941383323618,1.3422890095286142,0.04369487119625237
instantaneous_100,1.9137940948827246,1.3006673556100052,1.3452785939317669,0.044611238321761615
instantaneous_100,1.9266724837740747,1.3027855662245902,1.3482658285980769,0.04548026237348668
instantaneous_100,1.939615603073434,1.3049541466917591,1.3512544851918884,0.04630033850012927
instantaneous_100,1.9526409422696724,1.3071789029967342,1.354248522251781,0.047069619255046824
instantaneous_100,1.9657674061891601,1.3094661834768868,1.3572521497588679,0.04778596628198106
instantaneous_100,1.9790156686775515,1.3118230125216461,1.3602699029301286,0.04844689040848249
instantaneous_100,1.9924085908175209,1.3142572515700979,1.3633067282058635,0.04904947663576564
instantaneous_100,2.005971723056989,1.3167777959710545,1.3663680852642848,0.04959028929323028
instantaneous_100,2.0197339168848485,1.3193948191937122,1.36946007009835,0.05006525090463776
instantaneous_100,2.033728080493321,1.3221200800647797,1.3725895658812983,0.05046948581651867
instantaneous_100,2.0479921253706204,1.3249673147421366,1.3757644307484438,0.05079711600630721
instantaneous_100,2.0625701688166993,1.3279527440092949,1.3789937350844899,0.051040991075195
instantaneous_100,2.077514083828903,1.3310957397180585,1.3822880659693815,0.05119232625132297
instantaneous_100,2.0928855273090643,1.3344197143809304,1.3856599239803544,0.05124020959942399
instantaneous_100,2.1087586377014587,1.3379533293171506,1.389124249005488,0.051170919688337424
instantaneous_100,2.12522368686876,1.3417321668006148,1.3926991295153361,0.05096696271472134
instantaneous_100,2.142392120537808,1.3458010936059035,1.396406778033035,0.050605684427131425
instantaneous_100,2.160403667071387,1.3502176816080667,1.400274901808301,0.05005722020023429
instantaneous_100,2.179436609670025,1.3550572924087685,1.4043386756618366,0.04928138325306808
instantaneous_100,2.1997230454223877,1.3604208707018246,1.4086436600187517,0.04822278931692714
instantaneous_100,2.22157228381357,1.3664473210294008,1.4132502540929146,0.046802933063513796
instantaneous_100,2.245408078065505,1.3733339987818298,1.4182407432664048,0.04490674448457499
instantaneous_100,2.271830507344981,1.3813723558015998,1.4237309389153276,0.042358583113727866
instantaneous_100,2.301724340666838,1.3910137678707581,1.4298904097252494,0.038876641854491245
instantaneous_100,2.336461239860118,1.403000385967243,1.436979892,0.03397950603275701
instantaneous_100,2.378308035579118,1.4186497250880536,1.445425972708553,0.02677624762049935
instantaneous_100,2.431338190111756,1.4377484373797504,1.455985354862803,0.01823691748305256
instantaneous_100,2.5019841328590235,1.4591989511570838,1.46981185253678,0.010612901379696282
instantaneous_100,2.56690070585535,1.4762040914056307,1.4822847657070084,0.006080674301377709
instantaneous_100,2.6267310325401483,1.489993218320627,1.4935916804940215,0.0035984621733944344
instantaneous_100,2.6820497585904164,1.5013877983826156,1.503890972225325,0.002503173842709483
instantaneous_100,2.733370664237766,1.5109577013377946,1.5133173165978595,0.0023596152600648956
instantaneous_100,2.7811522843057466,1.5191106317244514,1.52198575095308,0.0028751192286287086
instantaneous_100,2.8258027525182863,1.526145874524892,1.5299948291314018,0.0038489546065099134
instantaneous_100,2.8676843378268506,1.5322879557765106,1.537429163759097,0.005141207982586549
instantaneous_100,2.9071178122646515,1.5377084798908494,1.5443615248629676,0.006653044972118272
instantaneous_100,2.944386654047727,1.5425407337200714,1.5508545982249242,0.00831386450485283
instantaneous_100,2.9797410438418885,1.5468897147423675,1.5569624713252963,0.010072756582928832
instantaneous_100,3.013401607198906,1.5508391781009605,1.5627318947255793,0.011892716624618771
instantaneous_100,3.0455628678402684,1.5544566903604724,1.5682033549959962,0.013746664635523764
instantaneous_100,3.076396392734843,1.5577973194401655,1.5734119879588162,0.015614668518650676
instantaneous_100,3.106053625224522,1.560906372104437,1.578388356062129,0.01748198395769207
instantaneous_100,3.1346684146060713,1.5638214540610167,1.5831591100475348,0.019337655986518154
instantaneous_100,3.1623592591070326,1.5665740403990465,1.58774755217305,0.021173511774003506
instantaneous_100,3.18923128449598,1.5691906869028032,1.5921741158291807,0.022983428926377503
instantaneous_100,3.2153779832599936,1.5716939745607517,1.5964567742987157,0.024762799737964025
instantaneous_100,3.2408827400522826,1.5741032535675592,1.6006113895907845,0.026508136023225326
instantaneous_100,3.2658201685885855,1.5764352351096558,1.6046520106936457,0.02821677558398994
instantaneous_100,3.2902572838191166,1.5787044665658325,1.6085911292107316,0.02988666264489903
instantaneous_100,3.3142545314299174,1.5809237167394457,1.6124398991578723,0.031516182418426686
instantaneous_100,3.3378666947298137,1.5831042912381792,1.6162083266774072,0.03310403543922802
instantaneous_100,3.3611436970151676,1.5852562933793397,1.6199054345627268,0.03464914118338713
instantaneous_100,3.3841313156283257,1.5873888425206384,1.6235394057573715,0.03615056323673316
instantaneous_100,3.4068718222412264,1.5895102591420236,1.6271177093856335,0.0376074502436099
instantaneous_100,3.4294045624486857,1.5916282240964659,1.6306472123725484,0.03901898827608252
instantaneous_100,3.4517664865393525,1.5937499180343777,1.6341342793026463,0.04038436126826861
instantaneous_100,3.473992642389881,1.5958821459749448,1.6375848628461618,0.04170271687121696
instantaneous_100,3.4961166407703583,1.598031451256471,1.6410045868332812,0.04297313557681015
instantaneous_100,3.5181711030090237,1.6002042226016209,1.6443988238819658,0.044194601280344914
instantaneous_100,3.5401881009261413,1.602406797740183,1.6477727693728639,0.04536597163268086
instantaneous_100,3.562199599317294,1.6046455669304927,1.6511315135269575,0.04648594659646488
instantaneous_100,3.5842379120246726,1.6069270797975133,1.6544801133687081,0.04755303357119489
instantaneous_100,3.6063361839598094,1.6092581591959552,1.6578236664716997,0.04856550727574449
instantaneous_100,3.628528913400061,1.6116460263143462,1.6611673885895573,0.04952136227521109
instantaneous_100,3.6508525317268283,1.6140984420515578,1.6645166976038965,0.0504182555523387
instantaneous_100,3.6733460617386764,1.6166238708756344,1.6678773067001045,0.05125343582447006
instantaneous_100,3.6960518812574983,1.6192316750851161,1.6712553303753392,0.052023655290223125
instantaneous_100,3.71901662646718,1.621932349815544,1.6746574078537668,0.052725058038222805
instantaneous_100,3.7422922802723964,1.624737812602581,1.6780908498588378,0.05335303725625673
instantaneous_100,3.765937506292825,1.6276617662933945,1.6815638166418605,0.05390205034846596
instantaneous_100,3.7900193109707163,1.6307201613561757,1.6850855379495484,0.054365376593372705
instantaneous_100,3.8146151479709087,1.633931794346619,1.6886665896489994,0.05473479530238046
instantaneous_100,3.8398156256395426,1.6373190953863535,1.6923192476513838,0.0550001522650303
instantaneous_100,3.865728048130808,1.6409091821502346,1.6960579486394485,0.05514876648921385
instantaneous_100,3.892481127502125,1.6447352964444912,1.6998999006114535,0.05516460416696223
instantaneous_100,3.92023137080132,1.6488388013431174,1.7038659073027091,0.055027105959591704
instantaneous_100,3.9491719133497494,1.6532720188700192,1.7079815041703847,0.05470948530036557
instantaneous_100,3.979545009655199,1.6581023616600623,1.712278558830289,0.05417619717022659
instantaneous_100,4.011660142131072,1.6634185173101834,1.7167975823453607,0.05337906503517731
instantaneous_100,4.045921027529017,1.6693400032063863,1.7215911618350415,0.05225115862865515
instantaneous_100,4.082867224410466,1.676032481112991,1.7267292245904882,0.0506967434774972
instantaneous_100,4.123240709752403,1.6837333858696246,1.7323074173363548,0.04857403146673023
instantaneous_100,4.168097279382324,1.6927970774635543,1.738461042316092,0.04566396485253765
instantaneous_100,4.219003211361735,1.7037795028565164,1.7453894835598909,0.041609980703374516
instantaneous_100,4.278405904447454,1.7176096502641147,1.7534018399775668,0.035792189713452105
instantaneous_100,4.350391654459434,1.7356158237630712,1.763009197653712,0.02739337389064067
instantaneous_100,4.442404785921357,1.7562369333457046,1.7751309319923743,0.01889399864666963
instantaneous_100,4.546270013085975,1.776021187815032,1.7886073834645781,0.012586195649546106
instantaneous_100,4.641812524071237,1.7918423625854116,1.8008172366720203,0.008974874086608686
instantaneous_100,4.729978662520179,1.804766622217665,1.811931076238118,0.007164454020452959
instantaneous_100,4.811609759354482,1.8155164536775978,1.822093946856272,0.006577493178674176
instantaneous_100,4.887455293568548,1.8245988680272833,1.831430001396047,0.00683113336876362
instantaneous_100,4.958182418373337,1.8323800971374418,1.840045926607174,0.007665829469732266
instantaneous_100,5.02438389433661,1.839131171563727,1.848033621936009,0.008902450372281878
instantaneous_100,5.086585273381503,1.8450568384273034,1.8554723809056646,0.010415542478361184
instantaneous_100,5.145251636599904,1.8503145336088687,1.8624307132951052,0.012116179686236572
instantaneous_100,5.200793955393056,1.8550271947666075,1.8689678898399942,0.013940695073386689
instantaneous_100,5.2535750579563425,1.859292136009427,1.8751352617560155,0.015843125746588527
instantaneous_100,5.30391516308401,1.8631873323341148,1.8809773916673507,0.017790059333235853
instantaneous_100,5.352096951667424,1.8667759574954945,1.8865330237824833,0.01975706628698881
instantaneous_100,5.3983701638794965,1.8701097178687267,1.8918359159546352,0.021726198085908477
instantaneous_100,5.442955727824284,1.8732313398755462,1.8969155528247377,0.02368421294919143
instantaneous_100,5.486049439832689,1.8761764518903539,1.9017977566977768,0.025621304807422973
instantaneous_100,5.527825226616074,1.8789750262306095,1.9065052107182416,0.027530184487632114
instantaneous_100,5.5684380254730925,1.881652497147809,1.9110579070966418,0.029405409948832784
instantaneous_100,5.608026321511983,1.8842306373150977,1.9154735315223714,0.031242894207273775
instantaneous_100,5.646714381201428,1.8867282524252376,1.9197677934411777,0.03303954101594009
instantaneous_100,5.684614220381501,1.8891617375941714,1.9239547105799877,0.034792972985816295
instantaneous_100,5.721827342705939,1.891545528036397,1.9280468549542158,0.03650132691781871
instantaneous_100,5.758446281912498,1.8938924684614238,1.9320555665975492,0.038163098136125395
instantaneous_100,5.794555978585124,1.8962141198603837,1.9359911403948478,0.03977702053446408
instantaneous_100,5.8302350195300425,1.898521018155769,1.9398629906784155,0.041341972522646486
instantaneous_100,5.8655567656422285,1.900822896135056,1.9436797976507891,0.04285690151573318
instantaneous_100,5.900590392286104,1.9031288778806745,1.9474496392121923,0.044320761331517744
instantaneous_100,5.935401864969653,1.9054476533340006,1.951180111404331,0.04573245807033044
instantaneous_100,5.970054872367053,1.9077876395604512,1.9548784404108586,0.0470908008504074
instantaneous_100,6.004611738822931,1.9101571346218056,1.9585515888975107,0.0483944542757051
instantaneous_100,6.039134339334315,1.9125644696661412,1.962206359419697,0.04964188975355577
instantaneous_100,6.073685041939282,1.9150181649017262,1.9658494976935408,0.05083133279181462
instantaneous_100,6.108327705626466,1.9175270955472743,1.9694877987283108,0.051960703181036516
instantaneous_100,6.143128766763437,1.920100674709366,1.9731282191911228,0.05302754448175673
instantaneous_100,6.178158454132111,1.9227490615319256,1.9767779999608621,0.054028938428936524
instantaneous_100,6.213492182782962,1.9254834050802367,1.9804448036995188,0.054961398619282065
instantaneous_100,6.249212191279356,1.928316137523976,1.98413687353163,0.05582073600765414
instantaneous_100,6.28540950731466,1.9312613347231677,1.9878632207379077,0.05660188601473992
instantaneous_100,6.32218635588567,1.9343351689551906,1.991633851981117,0.057298683025926334
instantaneous_100,6.359659166402039,1.9375564883293845,1.9954600503653954,0.05790356203601088
instantaneous_100,6.397962397021035,1.9409475721400102,1.999354730183782,0.05840715804377172
instantaneous_100,6.437253486739396,1.9445351338283678,2.003332893475784,0.05879775964741607
instantaneous_100,6.477719385826764,1.9483516781355308,2.007412229047531,0.059060550912000354
instantaneous_100,6.519585332472963,1.9524373746365333,2.011613914004097,0.05917653936756362
instantaneous_100,6.563126888709239,1.9568427008117335,2.0159637085728224,0.05912100776108886
instantaneous_100,6.608686811970902,1.9616322610471946,2.020493484982619,0.05886122393542448
instantaneous_100,6.656699286193844,1.9668904548849773,2.025243414939434,0.05835296005445678
instantaneous_100,6.707725685551267,1.9727301508364083,2.0302651854509173,0.05753503461450893
instantaneous_100,6.762509028885625,1.9793064349536622,2.0356268743439347,0.056320439390272536
instantaneous_100,6.822059932922483,1.9868393179824446,2.041420609290872,0.05458129130842737
instantaneous_100,6.8877981390801155,1.995653111373067,2.047775110015008,0.052121998641941
instantaneous_100,6.96179757237563,2.006248836367707,2.0548772665293016,0.04862843016159468
instantaneous_100,7.0472373472763925,2.0194473268626867,2.0630115451080098,0.04356421824532308
instantaneous_100,7.1492967549477875,2.0366988354658826,2.0726374349087817,0.03593859944289912
instantaneous_100,7.277108952576926,2.0582112811244806,2.0845564001351002,0.026345119010619644
instantaneous_100,7.43025918048849,2.0799623226203394,2.0986449986615767,0.0186826760412373
instantaneous_100,7.570980008257903,2.097198106989987,2.1114102455840658,0.01421213859407855
instantaneous_100,7.7007022325132235,2.1111734647136995,2.1230297896129273,0.011856324899227833
instantaneous_100,7.820687547823476,2.1227257273645557,2.1336543000106185,0.01092857264606284
instantaneous_100,7.932055625047552,2.132435160004707,2.1434127715716715,0.01097761156696464
instantaneous_100,8.0358017510383,2.1407165708213123,2.1524162316070377,0.011699660785725374
instantaneous_100,8.132810145518027,2.147874275058014,2.1607605355106663,0.012886260452652287
instantaneous_100,8.223865228482788,2.1541364736213575,2.1685285962948764,0.014392122673518859
instantaneous_100,8.309661796301821,2.1596775336984235,2.1757922296662446,0.016114695967821113
instantaneous_100,8.3908144622623,2.164632878246064,2.182613715122574,0.017980836876509976
instantaneous_100,8.467866456683211,2.169109205092078,2.189047132620623,0.01993792752854473
instantaneous_100,8.541297785091723,2.1731916662280564,2.195139513423449,0.021947847195392445
instantaneous_100,8.61153272167383,2.176949016233439,2.2009318327982124,0.0239828165647733
instantaneous_100,8.678946625289742,2.1804373721616157,2.2064598662924007,0.026022494130784946
instantaneous_100,8.743872084812129,2.1837030044164787,2.2117549277924136,0.028051923375934873
instantaneous_100,8.806604419623895,2.1867844390306965,2.2168445051990693,0.030060066168372757
instantaneous_100,8.867406575967067,2.1897140627352716,2.2217528077252173,0.032038744989945744
instantaneous_100,8.926513469579238,2.1925193639651237,2.2265012372497406,0.03398187328461688
instantaneous_100,8.984135830376715,2.1952239040630843,2.2311087947525174,0.035884890689433124
instantaneous_100,9.040463606668897,2.197848086513004,2.235592431557132,0.037744345044127936
instantaneous_100,9.095668985783277,2.2004097737769657,2.2399673539355356,0.039557580158569916
instantaneous_100,9.149909085847446,2.202924788527431,2.244247288576048,0.04132250004861726
instantaneous_100,9.203328370644941,2.2054073270153545,2.248444715495478,0.04303738848012362
instantaneous_100,9.256060836509123,2.20787030586271,2.2525710741904352,0.04470076832772518
instantaneous_100,9.308232017584233,2.2103256589611076,2.2566369481734,0.04631128921229255
instantaneous_100,9.359960853832602,2.2127845978932488,2.260652232527695,0.04786763463444643
instantaneous_100,9.411361465201688,2.2152578470445694,2.2646262887441044,0.049368441699535026
instantaneous_100,9.462544875705163,2.2177558631182404,2.268568090877261,0.05081222775902061
instantaneous_100,9.513620733108482,2.220289047987208,2.272486366989113,0.05219731900190494
instantaneous_100,9.564699074001666,2.2228679636531057,2.276389739958776,0.05352177630567034
instantaneous_100,9.615892190774929,2.2255035585477128,2.2802868720557896,0.05478331350807686
instantaneous_100,9.667316667376506,2.228207415591661,2.2841866182581296,0.05597920266646872
instantaneous_100,9.719095666018154,2.230992034485143,2.2880981942272562,0.057106159742113416
instantaneous_100,9.77136156904566,2.233871163947364,2.292031366247029,0.05816020229966501
instantaneous_100,9.824259112064652,2.236860204519813,2.295996672490891,0.059136467971077966
instantaneous_100,9.877949190396027,2.239976709868438,2.3000056879799593,0.06002897811152108
instantaneous_100,9.932613588084305,2.2432410254874924,2.3040713499956667,0.06083032450817427
instantaneous_100,9.98846097777515,2.246677120322676,2.308208367216122,0.061531246893446134
instantaneous_100,10.045734688553306,2.2503136923972376,2.312433745612757,0.06212005321551928
instantaneous_100,10.104722966270117,2.254185669666112,2.3167674790564905,0.0625818093903785
instantaneous_100,10.165772806302419,2.2583362918439462,2.321233475839612,0.0628971839956658
instantaneous_100,10.229309007781469,2.262820065476427,2.3258608294620298,0.06304076398560277
instantaneous_100,10.295861035067254,2.2677070658477163,2.330685602977095,0.06297853712937851
instantaneous_100,10.366101863170881,2.273089378851598,2.3357533993317596,0.06266402048016184
instantaneous_100,10.440905783319758,2.2790910617807816,2.3411231708829585,0.062032109102176936
instantaneous_100,10.521437274877249,2.2858841260413882,2.3468730509323072,0.060988924890919005
instantaneous_100,10.609292900726665,2.2937153186121564,2.353109619713306,0.059394301101149516
instantaneous_100,10.706738157596943,2.302953373326845,2.3599832857340144,0.05702991240716937
instantaneous_100,10.817124400433688,2.3141777467762497,2.3677151851008458,0.05353743832459612
instantaneous_100,10.945671792231744,2.3283586139667394,2.3766472966022327,0.04828868263549335
instantaneous_100,11.101062725984173,2.347259391889453,2.3873434175434003,0.0400840256539472
instantaneous_100,11.299034610489251,2.3712707434485116,2.400813851486546,0.029543108038034394
instantaneous_100,11.507814030194297,2.3926824969480815,2.414834594405768,0.022152097457686537
instantaneous_100,11.699736547565776,2.4096826718899194,2.427560462732669,0.01787779084274943
instantaneous_100,11.876760220768512,2.4234909027538487,2.439163859328601,0.015672956574752206
instantaneous_100,12.040604650426923,2.434923484103287,2.449791137077113,0.014867652973825862
instantaneous_100,12.192792120822597,2.444547514651033,2.45956780706726,0.015020292416227043
instantaneous_100,12.334674001284137,2.45276924865605,2.468602125124881,0.015832876468830914
instantaneous_100,12.467450195677207,2.459887273323598,2.4769877687225046,0.017100495398906457
instantaneous_100,12.59218519508882,2.4661258608543024,2.4848059604376296,0.01868009958332717
instantaneous_100,12.709822299876674,2.4716566356111196,2.4921272229400544,0.02047058732893481
instantaneous_100,12.821196646813044,2.4766130847474517,2.4990128659312925,0.022399781183840783
instantaneous_100,12.927047259550807,2.4811005368084516,2.505516263059069,0.024415726250617276
instantaneous_100,13.028028172870762,2.485203184918451,2.511683955418522,0.026480770500071138
instantaneous_100,13.12471863106169,2.4889891321818087,2.517556607321318,0.028567475139509302
instantaneous_100,13.217632361867949,2.4925140829260104,2.5231698342714566,0.03065575134544618
instantaneous_100,13.307225946674373,2.4958240878743854,2.5285549198472617,0.032730831972876295
instantaneous_100,13.393906329240325,2.4989576165286973,2.533739436100489,0.034781819571791495
instantaneous_100,13.4780375232489,2.5019471436588514,2.538747780522676,0.03680063686382473
instantaneous_100,13.559946591186867,2.5048203802170566,2.543601641298457,0.03878126108140023
instantaneous_100,13.639928974075271,2.5076012412013293,2.5483204013647294,0.04071916016340005
instantaneous_100,13.718253254425978,2.51031061730991,2.552921490691191,0.04261087338128089
instantaneous_100,13.795165434913578,2.512966999520029,2.557420695199747,0.04445369567971813
instantaneous_100,13.870892813795592,2.515586993379707,2.5618324298574144,0.046245436477707624
instantaneous_100,13.945647536322012,2.518185751145132,2.566169982734716,0.04798423158958398
instantaneous_100,14.01962990000221,2.520777343841985,2.57044573622551,0.04966839238352527
instantaneous_100,14.093031491630947,2.523375091168827,2.5746713712010125,0.05129628003218567
instantaneous_100,14.166038236086626,2.5259918644456953,2.5788580596333666,0.05286619518767122
instantaneous_100,14.238833442036706,2.528640376267884,2.583016651203553,0.05437627493566888
instantaneous_100,14.311600938898719,2.5313334700264503,2.587157859645588,0.055824389619137715
instantaneous_100,14.384528414190513,2.5340844229933333,2.591292455137185,0.05720803214385173
instantaneous_100,14.457811082760223,2.5369072783674267,2.595431470016469,0.05852419164904221
instantaneous_100,14.531655852565912,2.539817224818596,2.599586426640616,0.05976920182202017
instantaneous_100,14.606286200034111,2.5428310471565365,2.6037695985133906,0.06093855135685411
instantaneous_100,14.681948038905077,2.54596767963652,2.607994319254106,0.06202663961758592
instantaneous_100,14.758916970701668,2.5492489054779965,2.6122753590885757,0.06302645361057913
instantaneous_100,14.837507460294702,2.5527002647063277,2.61662939618346,0.0639291314771322
instantaneous_100,14.91808471488695,2.5563522612697502,2.6210756217069213,0.06472336043717108
instantaneous_100,15.001080406923064,2.5602420061244513,2.6256365353167284,0.06539452919227706
instantaneous_100,15.087013951908183,2.564415507229018,2.6303390157907494,0.06592350856173157
instantaneous_100,15.176521974219865,2.5689309412721495,2.6352157966840806,0.06628485541193108
instantaneous_100,15.270400126956474,2.5738634552609017,2.640307551756047,0.06644409649514538
instantaneous_100,15.36966406495254,2.5793124268564647,2.6456659230284094,0.06635349617194475
instantaneous_100,15.475641062980216,2.58541282070384,2.651358051725551,0.06594523102171124
instantaneous_100,15.590112497058168,2.5923536602411428,2.657473593115568,0.06511993287442541
instantaneous_100,15.7155444479773,2.6004094860026035,2.6641360134023073,0.06372652739970386
instantaneous_100,15.855478929368735,2.6099969532638503,2.6715216455434323,0.061524692279582016
instantaneous_100,16.015236250111816,2.621783693127276,2.6798936668592317,0.05810997373195548
instantaneous_100,16.203266366266618,2.636915836441496,2.6896669259332406,0.05275108949174445
instantaneous_100,16.43398432012368,2.6575467566144706,2.7015425124017383,0.043995755787267665
instantaneous_100,16.734420814411738,2.684466954231812,2.716818866568775,0.03235191233696311
instantaneous_100,17.011944228884207,2.705555241942237,2.7307463332509405,0.025191091308703673
instantaneous_100,17.26722119859921,2.7223298154205837,2.7434056373539044,0.021075821933320693
instantaneous_100,17.50285388437973,2.73597726634236,2.754964850427588,0.01898758408522827
instantaneous_100,17.72112070310566,2.747294058164949,2.765566688407556,0.018272630242607057
instantaneous_100,17.92403521203821,2.756834839874858,2.775333666309834,0.01849882643497569
instantaneous_100,18.113383551736277,2.764997762145216,2.7843716094405386,0.019373847295322655
instantaneous_100,18.290751570425606,2.7720759838093647,2.792772250930745,0.020696267121380174
instantaneous_100,18.457546808833175,2.778290060519792,2.800615280732746,0.022325220212954022
instantaneous_100,18.615017696781056,2.783809034624169,2.8079700349689873,0.024161000344818273
instantaneous_100,18.76427096769565,2.7887645885861807,2.8148969272241633,0.02613233863798259
instantaneous_100,18.906287678190143,2.7932607967106664,2.821448679605428,0.028187882894761707
instantaneous_100,19.04193795829796,2.7973810013320795,2.8276713893643284,0.030290388032248927
instantaneous_100,19.171994528246785,2.801192761775393,2.833605455740898,0.032412693965504946
instantaneous_100,19.297145005314704,2.804751482203783,2.8392863859572763,0.03453490375349322
instantaneous_100,19.418003041771954,2.8081031157518415,2.844745496158946,0.03664238040710455
instantaneous_100,19.53511835945192,2.811286211614553,2.8500105211800437,0.03872430956549078
instantaneous_100,19.64898576840278,2.8143334879022195,2.8551061456271323,0.040772657724912786
instantaneous_100,19.760053273201986,2.8172730581164718,2.8600544676362483,0.04278140951977649
instantaneous_100,19.86872938085226,2.8201294024116916,2.864875405647138,0.04474600323544653
instantaneous_100,19.975389730233537,2.8229241499296793,2.8695870576384332,0.04666290770875392
instantaneous_100,20.080383166501065,2.8256767214393355,2.8742060214834577,0.04852930004412226
instantaneous_100,20.184037386476696,2.8284048697694146,2.8787476844479953,0.050342814678580705
instantaneous_100,20.286664284957375,2.831125147494719,2.8832264894015,0.05210134190678062
instantaneous_100,20.388565138530453,2.8338533260189958,2.887656185083256,0.0538028590642603
instantaneous_100,20.490035774885975,2.836604786974103,2.8920500678071623,0.05544528083305922
instantaneous_100,20.591371894502533,2.8393949053963974,2.896421222391833,0.0570263169954357
instantaneous_100,20.69287474039312,2.842239444346784,2.900782770940434,0.058543326593650136
instantaneous_100,20.794857355273077,2.8451549826412643,2.9051481395452923,0.059993156904027956
instantaneous_100,20.89765173033372,2.8481594015450638,2.909531355281364,0.061371953736300444
instantaneous_100,21.00161724537122,2.8512724634158797,2.9139473893319336,0.06267492591605395
instantaneous_100,21.107150941989858,2.854516526674023,2.9184125673420183,0.06389604066799537
instantaneous_100,21.214700383902688,2.8579174593520107,2.9229450760073448,0.06502761665533408
instantaneous_100,21.324780180719518,2.861505841598874,2.9275656069578027,0.06605976535892877
instantaneous_100,21.437993750004708,2.8653185923886015,2.9322981976337226,0.06697960524512103
instantaneous_100,21.55506267913987,2.869401228795226,2.9371713582409402,0.06777012944571403
instantaneous_100,21.676867322611884,2.873811088508567,2.9422196213584293,0.06840853284986226
instantaneous_100,21.804504392568454,2.878622057325981,2.9474857296384522,0.06886367231247137
instantaneous_100,21.939370952536937,2.883931720903234,2.953023812273996,0.069092091370762
instantaneous_100,22.083290746754134,2.8898725639841616,2.958904141430756,0.06903157744659438
instantaneous_100,22.23871095347525,2.8966302172939082,2.9652205059228463,0.06859028862893801
instantaneous_100,22.40902125205491,2.9044746008499276,2.972102107896288,0.06762750704636034
instantaneous_100,22.59909646529801,2.9138161081476794,2.9797336776959362,0.06591756954825678
instantaneous_100,22.816273697968665,2.9253140376786,2.9883914442494945,0.06307740657089456
instantaneous_100,23.072239334799793,2.9401041746708203,2.998512008688631,0.05840783401781069
instantaneous_100,23.38700657320404,2.9603304959038956,3.010835940552546,0.05050544464865059
instantaneous_100,23.79640115821661,2.98878746642197,3.026668678977958,0.03788121255598842
instantaneous_100,24.17134561784799,3.0115060138130176,3.0409794536917305,0.02947343987871287
instantaneous_100,24.51606937211218,3.029443034089573,3.0539808279114626,0.024537793821889586
instantaneous_100,24.8341513227688,3.043947553614676,3.0658479119572304,0.021900358342554327
instantaneous_100,25.12869999357203,3.055913861661858,3.0767284962148516,0.020814634552993372
instantaneous_100,25.402452017242787,3.0659584762197993,3.0867490886307922,0.020790612410992892
instantaneous_100,25.657831768757948,3.074520302687356,3.0960188635846,0.021498560897244
instantaneous_100,25.89699215616971,3.081920288819845,3.104632480601132,0.022712191781286695
instantaneous_100,26.12184604651567,3.0883985106888208,3.1126722485214704,0.024273737832649633
instantaneous_100,26.334092771038684,3.0941380862857217,3.1202098786981587,0.026071792412436956
instantaneous_100,26.5352417215359,3.0992810897419996,3.127307956059688,0.02802686631768836
instantaneous_100,26.7266338916016,3.1039394373980844,3.134021199298113,0.030081761900028425
instantaneous_100,26.909461693316477,3.1082025166272884,3.1403975523924843,0.03219503576519589
instantaneous_100,27.084787169981063,3.1121426479883194,3.1464791350349315,0.034336487046612074
instantaneous_100,27.253558664594856,3.115819072251551,3.152303072116983,0.036483999865431826
instantaneous_100,27.416626007059463,3.1192809125770586,3.1579022185669063,0.0386213059898477
instantaneous_100,27.57475430935288,3.12256941221741,3.1633057936659226,0.04073638144851266
instantaneous_100,27.728636487471185,3.1257196526884488,3.168539937583512,0.0428202848950634
instantaneous_100,27.878904654725417,3.12876189529031,3.1736282018549233,0.044866306564613545
instantaneous_100,28.026140551153595,3.1317226477671403,3.178591984697769,0.04686933693062878
instantaneous_100,28.170885189921997,3.1346255303179738,3.1834509213947846,0.04882539107681083
instantaneous_100,28.31364791633771,3.1374919965480603,3.1882232394780248,0.05073124292996445
instantaneous_100,28.45491509139255,3.1403419524534995,3.1929260881765975,0.05258413572309806
instantaneous_100,28.595158633539416,3.1431943084173137,3.1975758516177275,0.05438154320041377
instantaneous_100,28.734844683957053,3.1460674944250266,3.2021884556969233,0.0561209612718967
instantaneous_100,28.874442707293195,3.1489799667490725,3.206779679491352,0.057799712742279574
instantaneous_100,29.014435409484705,3.151950735084196,3.2113654837860444,0.059414748701848374
instantaneous_100,29.155329957662186,3.1549999428312447,3.2159623720148947,0.06096242918364991
instantaneous_100,29.297671140942214,3.158149540720426,3.2205878031513895,0.0624382624309634
instantaneous_100,29.442057340936273,3.1614241067591804,3.225260682547236,0.06383657578805568
instantaneous_100,29.589160528891707,3.1648518862694757,3.230001966597643,0.06515008032816727
instantaneous_100,29.73975204058594,3.168466159215397,3.234835432339071,0.06636927312367424
instantaneous_100,29.894736715966914,3.1723070963210813,3.239788686933433,0.06748159061235182
instantaneous_100,30.055199328348017,3.176424355419794,3.2448945301219223,0.06847017470212835
instantaneous_100,30.222469426175664,3.1808808224913045,3.250192845240322,0.06931202274901738
instantaneous_100,30.398214433343913,3.1857581707746463,3.25573329991995,0.06997512914530368
instantaneous_100,30.584577381622605,3.1911654023836946,3.26157932191446,0.07041391953076559
instantaneous_100,30.78438755763734,3.1972524740916852,3.2678141502144427,0.07056167612275743
instantaneous_100,31.00149509125847,3.204232992666715,3.2745503974455734,0.07031740477885862
instantaneous_100,31.241326331884387,3.2124239880179166,3.2819458323248445,0.06952184430692787
instantaneous_100,31.511855140637973,3.222320006797817,3.290230800207214,0.06791079340939721
instantaneous_100,31.825412426708713,3.2347418995157726,3.299758904204983,0.06501700468921046
instantaneous_100,32.20233140811956,3.251165198476489,3.3111080893543208,0.05994289087783189
instantaneous_100,32.679055298491505,3.274539265147373,3.325302544237411,0.05076327909003808
instantaneous_100,33.179055298491505,3.3013312842888887,3.340002455556595,0.03867117126770614
instantaneous_100,33.66850132864477,3.3239066801002903,3.3542105050829845,0.030303824982694127
instantaneous_100,34.118934341706684,3.341747331686989,3.367130993555349,0.025383661868360274
instantaneous_100,34.53499628946469,3.3561862640988354,3.378936359794838,0.022750095696002504
instantaneous_100,34.92071063873687,3.3681083905609497,3.3897719863236038,0.021663595762654086
instantaneous_100,35.279616771248094,3.378124500151483,3.3997623016653056,0.021637801513822552
instantaneous_100,35.614850920338846,3.3866698935619857,3.4090147433539935,0.022344849792007793
instantaneous_100,35.92920088431235,3.394063213044428,3.4176225638628406,0.02355935081841265
instantaneous_100,36.22514758825579,3.4005430603949756,3.425666969564237,0.025123909169261438
instantaneous_100,36.50489973215681,3.406291635466142,3.4332188448295446,0.02692720936340276
instantaneous_100,36.77042442088919,3.411450484601424,3.4403401949479533,0.028889710346529096
instantaneous_100,37.02347505523457,3.416131285637238,3.4470853817213007,0.030954096084062854
instantaneous_100,37.26561701498878,3.420423415679776,3.453502195241571,0.03307877956179528
instantaneous_100,37.49825135229651,3.4243993781701136,3.4596327899988006,0.035233411828687
instantaneous_100,37.72263661205862,3.4281187726789684,3.4655145057133057,0.0373957330343373
instantaneous_100,37.93990889040573,3.4316312531050532,3.4711805893171794,0.039549336212126196
instantaneous_100,38.15110027425593,3.4349787722319878,3.476660832398465,0.04168206016647735
instantaneous_100,38.3571558479065,3.438197316653054,3.481982137215367,0.04378482056231281
instantaneous_100,38.55894949513188,3.4413182751489093,3.4871690236318544,0.045850748482945125
instantaneous_100,38.75729876659103,3.4443695435290858,3.492244088885873,0.047874545356787035
instantaneous_100,38.9529791243464,3.4473764424434923,3.497228431935783,0.04985198949229064
instantaneous_100,39.14673792400167,3.4503625073369406,3.5021420543207036,0.05177954698376297
instantaneous_100,39.339308557797885,3.4533501989233044,3.5070042501381087,0.053654051214804266
instantaneous_100,39.53142526916637,3.456361576815317,3.5118339990799208,0.055472422264603694
instantaneous_100,39.72383927511743,3.4594189776176054,3.5166503787674657,0.05723140114986025
instantaneous_100,39.91733701799221,3.4625457419612196,3.521473016313798,0.05892727435257861
instantaneous_100,40.11276164401593,3.4657670435129484,3.5263226047887755,0.06055556127582706
instantaneous_100,40.31103922292985,3.4691108889091766,3.5312215191454523,0.06211063023627572
instantaneous_100,40.513211860957796,3.4726093845262094,3.5361945799102052,0.06358519538399587
instantaneous_100,40.7204808546841,3.4763004106344733,3.541270034478683,0.06496962384420968
instantaneous_100,40.93426461888977,3.480229917762873,3.5464808601975135,0.06625094243464069
instantaneous_100,41.15627871169872,3.484455186147822,3.551866549435741,0.06741136328791875
instantaneous_100,41.38864963667189,3.4890496092272056,3.557475630810718,0.06842602158351241
instantaneous_100,41.63408167619755,3.494109960296216,3.5633693435013707,0.0692593832051549
instantaneous_100,41.89610969627688,3.499767852734507,3.5696271743183434,0.06985932158383656
instantaneous_100,42.17949670501643,3.506208593601472,3.576355516945852,0.07014692334437989
instantaneous_100,42.490886313380415,3.513703759410201,3.583701798429866,0.06999803901966484
instantaneous_100,42.83992867822437,3.522670865012845,3.5918786920076253,0.06920782699478023
instantaneous_100,43.2413443706931,3.5337907144374103,3.601208142757447,0.06741742832003661
instantaneous_100,43.71899835044709,3.5482596211296737,3.612207406548869,0.06394778541919521
instantaneous_100,44.21899835044709,3.565178271766736,3.6236044557035036,0.05842618393676746
instantaneous_100,44.71899835044709,3.5842732896485425,3.6348842121376523,0.05061092248910981
instantaneous_100,45.21899835044709,3.60545482381357,3.6460488137266323,0.04059398991306207
instantaneous_100,45.71899835044709,3.624713704811511,3.657100336815228,0.032386632003717164
instantaneous_100,46.21899835044709,3.6415268318081324,3.6680407986528225,0.026513966844690096
instantaneous_100,46.71899835044709,3.6563079237144467,3.678872159706677,0.02256423599223023
instantaneous_100,47.21899835044709,3.66938608659726,3.689596325860656,0.020210239263396268
instantaneous_100,47.71899835044709,3.681027099291666,3.7002151505062577,0.019188051214591884
instantaneous_100,48.189446129669925,3.6909138879892263,3.7101117835880006,0.019197895598774384
instantaneous_100,48.62970349016038,3.699364790175925,3.719291582872793,0.019926792696868034
instantaneous_100,49.04335093277509,3.7066904102000695,3.727845608230808,0.021155198030738287
instantaneous_100,49.433584337981046,3.713123918016725,3.7358533187168415,0.022729400700116642
instantaneous_100,49.80325904538723,3.7188438150323693,3.743384247056849,0.024540432024479752
instantaneous_100,50.0,3.7218601823285695,3.747370654879465,0.025510472550895447
instantaneous_500,0.0,0.0,0.0,0.0
instantaneous_500,0.002381153634116409,0.0,0.14506822792180699,0.14506822792180699
instantaneous_500,0.004546729496743036,0.0,0.1799733737804115,0.1799733737804115
instantaneous_500,0.006516887702906143,0.0,0.20291810563091275,0.20291810563091275
instantaneous_500,0.008310165002969218,0.0,0.2200440053223049,0.2200440053223049
instantaneous_500,0.00994364078144671,0.0,0.23360770799973155,0.23360770799973155
instantaneous_500,0.011433068412916284,0.0,0.24473274368550216,0.24473274368550216
instantaneous_500,0.012792974058937255,0.0,0.2540743638678571,0.2540743638678571
instantaneous_500,0.014036728593178354,0.25120245990343476,0.2620544700938994,0.010852010190464667
instantaneous_500,0.015176600724630831,0.26971240609140945,0.2689637594642161,0.0007486466271933723
instantaneous_500,0.016223800000716323,0.2843342750129201,0.2750125452159791,0.009321729796940958
instantaneous_500,0.017188517315432153,0.2961342766341232,0.2803585974960534,0.015775679138069765
instantaneous_500,0.01807996839855716,0.30582358783125607,0.285123557903889,0.02070002992736708
instantaneous_500,0.018906443251393266,0.31389481884816994,0.2894032044519593,0.02449161439621067
instantaneous_500,0.019675362234433422,0.32069999842250574,0.29327419256519754,0.027425805857308194
instantaneous_500,0.020393337858977775,0.32649737236166965,0.29679866891910484,0.02969870344256481
instantaneous_500,0.0210662403817556,0.3314806612410183,0.300027542358645,0.03145311888237334
instantaneous_500,0.021699264964129446,0.3357980004057229,0.3030028726140272,0.03279512779169569
instantaneous_500,0.022296998258653767,0.3395645742440189,0.30575965844278336,0.03380491580123557
instantaneous_500,0.02286348264407616,0.3428712670260749,0.30832720372290123,0.03454406330317367
instantaneous_500,0.023402276792448124,0.34579072360224844,0.3107301785675478,0.03506054503470063
instantaneous_500,0.023916511714179935,0.3483816823015335,0.3129894547155554,0.0353922275859781
instantaneous_500,0.024408941831560768,0.35069212902854574,0.31512277045638637,0.03556935857215937
instantaneous_500,0.024881990951465167,0.3527616305477598,0.3171452646576741,0.035616365890085655
instantaneous_500,0.02533779324246438,0.3546230859535922,0.31906990890066195,0.03555317705293026
instantaneous_500,0.025778229477802915,0.35630405869596615,0.3209078594117586,0.03539619928420756
instantaneous_500,0.02620495890103581,0.35782780189845853,0.32266874528861655,0.03515905660984198
instantaneous_500,0.0266194471170358,0.3592140562603432,0.32436090573727017,0.03485315052307303
instantaneous_500,0.027022990424682095,0.3604796772382583,0.32599158624037716,0.03448809099788114
instantaneous_500,0.02741673699733731,0.3616391326648369,0.3275671014599255,0.03407203120491137
instantaneous_500,0.027801705293876117,0.3627049009738984,0.32909297106727764,0.03361192990662076
instantaneous_500,0.02817880005101842,0.3636877924088655,0.3305740334377273,0.03311375897113822
instantaneous_500,0.028548826173501306,0.36459721014,0.33201454117708806,0.032582668962911954
instantaneous_500,0.02891250080246696,0.3654413639130158,0.33341824167379236,0.032023122239223434
instantaneous_500,0.029270463809291457,0.36622744609115776,0.3347884452665985,0.03143900082455925
instantaneous_500,0.02962328693010145,0.36696177756957116,0.3361280831312929,0.03083369443827827
instantaneous_500,0.029971481727850285,0.36764992947142516,0.3374397566038335,0.030210172867591645
instantaneous_500,0.030315506542980403,0.3682968251387639,0.33872577934417464,0.029571045794589246
instantaneous_500,0.030655772571825935,0.368906826109031,0.3399882134969575,0.028918612612073513
instantaneous_500,0.030992649192075387,0.3694838049254592,0.3412289008009895,0.028254904124469682
instantaneous_500,0.03132646863756179,0.3700312070990527,0.34244948943429887,0.027581717664753813
instantaneous_500,0.0316575301103507,0.37055210404974326,0.3436514572483162,0.026900646801427064
instantaneous_500,0.031986103405602095,0.3710492385725478,0.3448361319355012,0.026213106637046568
instantaneous_500,0.0323124321136499,0.3715250639838841,0.34600470858383225,0.02552035540005182
instantaneous_500,0.03263673645508656,0.3719817780187191,0.34715826499867075,0.02482351302004837
instantaneous_500,0.032959215796590884,0.3724213522010368,0.34829777511263244,0.024123577088404347
instantaneous_500,0.03328005088867295,0.37284555745936043,0.34942412075200824,0.023421436707352195
instantaneous_500,0.03359940586104222,0.3732559865201284,0.3505381019889031,0.022717884531225307
instantaneous_500,0.0339174300061271,0.37365407350301144,0.35164044627171526,0.022013627231296184
instantaneous_500,0.03423425937781529,0.37404111113839233,0.3527318165000452,0.02130929463834713
instantaneous_500,0.0345500182284153,0.3744182660051288,0.35381281818404164,0.02060544782108714
instantaneous_500,0.034864820304028134,0.3747865918978526,0.35488400580913715,0.019902586088715424
instantaneous_500,0.035178770016544424,0.3751470417444226,0.35594588851085746,0.019201153233565138
instantaneous_500,0.03549196350744029,0.3755004781504033,0.35699893514846753,0.018501543001935794
instantaneous_500,0.03580448961754331,0.37584768280992953,0.3580435788564957,0.017804103953433847
instantaneous_500,0.03611643077496142,0.37618936486665383,0.35908022114149285,0.01710914372516098
instantaneous_500,0.036427863812017694,0.37652616843168,0.36010923558254726,0.01641693284913276
instantaneous_500,0.03673886072135286,0.37685867929262673,0.36113097118932563,0.015727708103301097
instantaneous_500,0.03704948935983534,0.3771874309325314,0.36214575546193634,0.01504167547059504
instantaneous_500,0.037359814108868336,0.37751290997043907,0.363153897195096,0.014359012775343072
instantaneous_500,0.03766989649841597,0.3778355610697802,0.36415568906260243,0.013679872007177796
instantaneous_500,0.037979795801901715,0.3781557913654394,0.36515141001496915,0.013004381350470273
instantaneous_500,0.03828956960873237,0.3784739744789906,0.36614132752066886,0.012332646958321758
instantaneous_500,0.038599274380922255,0.37879045422347224,0.36712569967881986,0.011664754544652378
instantaneous_500,0.03890896600003268,0.3791055479223222,0.3681047772288305,0.011000770693491702
instantaneous_500,0.0392187003107426,0.37941954949895557,0.36907880548120137,0.0103407440177542
instantaneous_500,0.03952853366727262,0.37973273232503957,0.37004802619331234,0.009684706131727228
instantaneous_500,0.03983852348920829,0.38004535184027044,0.37101267941250016,0.009032672427770283
instantaneous_500,0.04014872883336219,0.38035764803049765,0.37197300530894717,0.008384642721550484
instantaneous_500,0.04045921098894607,0.38066984771956125,0.3729292460215232,0.00774060169803803
instantaneous_500,0.04077003410342156,0.3809821667680596,0.37388164753867253,0.007100519229387092
instantaneous_500,0.04108126584811413,0.3812948121805627,0.37483046164129474,0.006464350539267971
instantaneous_500,0.04139297813215381,0.38160798413608,0.37577594793086483,0.005832036205215163
instantaneous_500,0.04170524787591384,0.3819218779844338,0.37671837597418084,0.005203502010252936
instantaneous_500,0.04201815785561906,0.38223668621024154,0.3776580275942929,0.004578658615948639
instantaneous_500,0.042331797632935014,0.3825526003961892,0.3785951993445775,0.003957401051611686
instantaneous_500,0.04264626458488668,0.3828698132876267,0.379530205203562,0.0033396080840646936
instantaneous_500,0.042961665054597614,0.38318852085126104,0.38046337954334997,0.002725141307911072
instantaneous_500,0.04327811564262026,0.38350892448590085,0.3813950804185354,0.0021138440673654224
instantaneous_500,0.04359574466483791,0.383831233344147,0.3823256932396689,0.0015055401044780647
instantaneous_500,0.04391469381222651,0.3841556668748352,0.3832556349189988,0.0009000319558364334
instantaneous_500,0.04423512004533958,0.38448245757076593,0.3841853585644123,0.0002970990063536072
instantaneous_500,0.04455719777107313,0.38481185403891494,0.3851153588373619,0.0003035047984469852
instantaneous_500,0.04488112136116796,0.38514412441700885,0.3860461781185259,0.0009020537015170249
instantaneous_500,0.045207108074451906,0.3854795603020781,0.38697841362503677,0.001498853322958682
instantaneous_500,0.0455354014749532,0.38581848118967993,0.38791272570178514,0.0020942445121052145
instantaneous_500,0.04586627545357546,0.3861612396707277,0.38884984754255775,0.002688607871830062
instantaneous_500,0.046200038981900796,0.38650822746355873,0.3897905966415203,0.003282369177961597
instantaneous_500,0.04653704176938626,0.38685988258751214,0.39073588838047,0.0038760057929578817
instantaneous_500,0.04687768105992063,0.3872166978486531,0.39168675231506805,0.004470054466414963
instantaneous_500,0.047222409825260644,0.3875792311086627,0.3926443517543658,0.005065120645703081
instantaneous_500,0.04757174674886925,0.38794811767202825,0.3936100075681537,0.005661889896125427
instantaneous_500,0.04792628846889815,0.38832408554599684,0.3945852273132279,0.006261141767231082
instantaneous_500,0.04828672475039017,0.3887079742503704,0.3955717412538881,0.006863767003517707
instantaneous_500,0.04865385743763522,0.3891007583956174,0.3965715472530086,0.007470788857391164
instantaneous_500,0.04902862443771068,0.3895035774459486,0.39758696746862743,0.008083390022678827
instantaneous_500,0.04941213025463086,0.38991777380227766,0.3986207203320133,0.008702946529735633
instantaneous_500,0.04980568569316298,0.39034494223695804,0.3996760139895997,0.00933107175264164
instantaneous_500,0.050210859644838235,0.3907869946782542,0.40075666777331015,0.009969673095055975
instantaneous_500,0.05062954824844554,0.39124624685892195,0.4018672740667502,0.01062102720782826
instantaneous_500,0.05106406840096227,0.39172553586602266,0.40301341648645056,0.011287880620427904
instantaneous_500,0.05151728673879784,0.3922283827671581,0.404201969877059,0.011973587109900874
instantaneous_500,0.051992800948897466,0.3927592222128856,0.4054415204588313,0.012682298245945689
instantaneous_500,0.052495201544254175,0.393323735208861,0.40674297020765404,0.01341923499879305
instantaneous_500,0.053030459000229076,0.39392934369671584,0.4081204266182839,0.014191082921568066
instantaneous_500,0.05360651603289727,0.39458597113268806,0.40959255751079815,0.015006586378110087
instantaneous_500,0.05423422427823786,0.39530725293212393,0.4111847211495801,0.01587746821745617
instantaneous_500,0.05492889371116531,0.39611255263749867,0.41293246712482873,0.016819914487330057
instantaneous_500,0.055712987678719315,0.39703049757168263,0.4148875785786725,0.01785708100698985
instantaneous_500,0.05662110903808388,0.39810558439648747,0.4171291460518302,0.019023561655342747
instantaneous_500,0.05770996811636025,0.39941154118254035,0.419785448239907,0.020373907057366636
instantaneous_500,0.059080343934939834,0.401081208711955,0.42308142907483276,0.022000220362877743
instantaneous_500,0.060932059187171234,0.4033828241745398,0.4274550779920327,0.024072253817492895
instantaneous_500,0.06372767766988686,0.40695352440693505,0.4338932620143907,0.02693973760745566
instantaneous_500,0.06881722710404546,0.41372955960466196,0.4451464567265678,0.03141689712190582
instantaneous_500,0.08129796083442051,0.43166452785395093,0.4705686952678962,0.038904167413945256
instantaneous_500,0.09266769881293072,0.45139271590966756,0.4915479416871332,0.040155225777465664
instantaneous_500,0.10303617474172717,0.4730935011680096,0.5092294727228829,0.0361359715548733
instantaneous_500,0.11250451337884307,0.49696416264813953,0.5243661762657191,0.0274020136175796
instantaneous_500,0.12116576423378184,0.5225676453252822,0.5374848248099627,0.01491717948468052
instantaneous_500,0.12910528026277782,0.5429844718512173,0.5489711694273423,0.005986697576124911
instantaneous_500,0.13640102227194992,0.5591586462789153,0.5591175121175901,4.113416132522918e-05
instantaneous_500,0.14312384572336875,0.5722520529687345,0.5681511749146338,0.004100878054100643
instantaneous_500,0.14933780851449074,0.5830420329204111,0.5762525043912546,0.0067895285291564855
instantaneous_500,0.15510052009235784,0.5920683503520046,0.5835668014537931,0.00850154889821142
instantaneous_500,0.16046353641192673,0.5997174758440731,0.5902125504744897,0.009504925369583361
instantaneous_500,0.16547279383631033,0.6062733221885728,0.5962872970148214,0.009986025173751356
instantaneous_500,0.17016906860685468,0.6119490550717557,0.6018719732878577,0.01007708178389799
instantaneous_500,0.17458844629636533,0.6169077424438996,0.6070341621721229,0.00987358027177665
instantaneous_500,0.17876278647461613,0.6212761660374558,0.6118306115785355,0.009445554458920369
instantaneous_500,0.18272017035510021,0.6251543031157223,0.6163092038235256,0.008845099292196679
instantaneous_500,0.1864853224269533,0.6286219861065288,0.6205105186992423,0.00811146740728641
instantaneous_500,0.19008000028439037,0.6317436751879186,0.6244690871610126,0.007274588026906059
instantaneous_500,0.19352334965482787,0.6345719401249783,0.628214405327128,0.006357534797850284
instantaneous_500,0.19683222382839394,0.6371500411602792,0.6317717602024997,0.00537828095777948
instantaneous_500,0.20002146829685605,0.6395138695464905,0.6351629058906663,0.004350963655824214
instantaneous_500,0.2031041724760617,0.6416934254547615,0.6384066200488797,0.0032868054058817764
instantaneous_500,0.2060918910252107,0.643713956712122,0.6415191637599162,0.002194792952205704
instantaneous_500,0.20899483758916998,0.6455968455467116,0.6445146630760618,0.0010821824706498395
instantaneous_500,0.21182205387088252,0.6473603058451302,0.6474054267434052,4.512089827501953e-05
instantaneous_500,0.21458155686598399,0.6490199363312925,0.6502022117172346,0.0011822753859420665
instantaneous_500,0.21728046692173367,0.6505891630879919,0.6529144458115619,0.0023252827235700213
instantaneous_500,0.21992511906375323,0.6520795962993868,0.655550415039511,0.0034708187401241153
instantaneous_500,0.22252115978770226,0.6535013199296671,0.6581174217750625,0.004616101845395404
instantaneous_500,0.22507363126938087,0.6548631285369141,0.6606219187311998,0.005758790194285712
instantaneous_500,0.22758704470884544,0.6561727221294676,0.663069622833433,0.006896900703965314
instantaneous_500,0.23006544430836076,0.6574368674753542,0.6654656123336918,0.0080287448583376
instantaneous_500,0.2325124631842315,0.6586615324168807,0.6678144099117564,0.0091528774948757
instantaneous_500,0.23493137233765013,0.6598519983370064,0.6701200540299674,0.010268055692961076
instantaneous_500,0.23732512365527975,0.6610129548562526,0.6723861604139523,0.011373205557699717
instantaneous_500,0.2396963877750834,0.6621485799628211,0.6746159752122863,0.012467395249465274
instantaneous_500,0.24204758753805036,0.6632626081919252,0.6768124211273716,0.013549812935446437
instantaneous_500,0.2443809276453197,0.6643583889200714,0.6789781375954986,0.014619748675427258
instantaneous_500,0.24669842105740195,0.6654389364696702,0.6811155159202422,0.015676579450571992
instantaneous_500,0.24900191259804597,0.6665069733924258,0.6832267301183479,0.016719756725922075
instantaneous_500,0.2512931001652828,0.6675649680770411,0.6853137641197459,0.01774879604270474
instantaneous_500,0.25357355390084474,0.6686151675834924,0.6873784358661336,0.018763268282641188
instantaneous_500,0.25584473362592147,0.6696596265028156,0.6894224187722028,0.019762792269387153
instantaneous_500,0.2581080048157293,0.6707002324758093,0.6914472609478589,0.020747028472049567
instantaneous_500,0.26036465335588793,0.6717387289171917,0.6934544025253291,0.02171567360813742
instantaneous_500,0.2626158993013208,0.6727767354159047,0.6954451913920369,0.022668455976132207
instantaneous_500,0.26486290983781546,0.6738157662045273,0.6974208975921591,0.02360513138763176
instantaneous_500,0.26710681163453615,0.6748572470425731,0.6993827266326242,0.024525479590051136
instantaneous_500,0.2693487027649588,0.6759025308380071,0.7013318319058266,0.025429301067819488
instantaneous_500,0.2715896643696479,0.6769529122669822,0.7032693264246271,0.026316414157644963
instantaneous_500,0.2738307722323379,0.6780096416508073,0.7051962940527688,0.027186652401961497
instantaneous_500,0.27607310844398986,0.6790739383469145,0.707113800406176,0.028039862059261456
instantaneous_500,0.2783177733387674,0.6801470038656321,0.7090229035988207,0.028875899733188604
instantaneous_500,0.28056589789766007,0.6812300349627337,0.7109246650076566,0.0296946300449229
instantaneous_500,0.28281865683524343,0.6823242369425038,0.7128201602387317,0.030495923296227967
instantaneous_500,0.2850772826125546,0.6834308374377162,0.7147104904897992,0.03127965305208302
instantaneous_500,0.28734308065289116,0.6845511009363592,0.7165967945232169,0.032045693586857715
instantaneous_500,0.2896174460840072,0.6856863443814559,0.7184802614902231,0.03279391710876722
instantaneous_500,0.291901882390549,0.6868379542158632,0.7203621448851747,0.03352419066931145
instantaneous_500,0.2941980224360494,0.6880074052873649,0.722243777955306,0.034236372667941106
instantaneous_500,0.29650765241531246,0.6891962821684636,0.7241265909573885,0.03493030878892489
instantaneous_500,0.298832739425277,0.6904063034883211,0.7260121307347358,0.0356058272464147
instantaneous_500,0.30117546351211066,0.6916393500894157,0.7279020831989699,0.03626273310955419
instantaneous_500,0.3035382552700262,0.6928974979969919,0.7297982994435045,0.03690080144651264
instantaneous_500,0.3059238403595768,0.694183057450546,0.7317028264080078,0.037519768957461785
instantaneous_500,0.3083352926920636,0.6954986196159928,0.7336179432607437,0.0381193236447509
instantaneous_500,0.3107760985524037,0.6968471130855324,0.7355462050130404,0.03869909192750798
instantaneous_500,0.3132502346308588,0.6982318729166186,0.737490495336904,0.03925862242028544
instantaneous_500,0.3157622638809183,0.6996567259093104,0.7394540911763512,0.03979736526704081
instantaneous_500,0.3183174544790833,0.7011260970664057,0.7414407426347189,0.04031464556831321
instantaneous_500,0.3209219289979105,0.7026451440270353,0.7434547728138697,0.04080962878683447
instantaneous_500,0.32358285362231165,0.704219928861893,0.7455012040576658,0.04128127519577285
instantaneous_500,0.3263086810639369,0.7058576404638017,0.7475859195307488,0.041728279066947094
instantaneous_500,0.3291094665630091,0.7075668864315576,0.7497158727815244,0.04214898634996678
instantaneous_500,0.33199728496302583,0.7093580820763983,0.7518993634909166,0.042541281414518295
instantaneous_500,0.3349867899323054,0.711243977520366,0.754146406023035,0.0429024285026689
instantaneous_500,0.3380959771934699,0.7132403853597072,0.7564692307358625,0.043228845376155234
instantaneous_500,0.34134724685082235,0.7153672062275261,0.7588829792188656,0.04351577299133946
instantaneous_500,0.3447689151846887,0.7176499084787145,0.7614066897688455,0.04375678129013105
instantaneous_500,0.34839742095546733,0.7201217207319858,0.7640647292990266,0.04394300856704081
instantaneous_500,0.35228063956168393,0.7228269817478705,0.7668889337294741,0.044061951981603564
instantaneous_500,0.35648303048894886,0.7258264437905506,0.769921913936664,0.04409547014611337
instantaneous_500,0.36109395118924786,0.7292060270145075,0.7732223612881185,0.04401633427361096
instantaneous_500,0.36624172286507223,0.7330920081943894,0.7768739568076638,0.043781948613274446
instantaneous_500,0.37211879589956925,0.7376790115099849,0.7810011688365168,0.043322157326531885
instantaneous_500,0.37902996756372836,0.7432855809616709,0.7857991915035466,0.042513610541875746
instantaneous_500,0.38749305210200197,0.7504754173085695,0.7915955860390995,0.04112016873053004
instantaneous_500,0.39847362095416117,0.7603564707278059,0.7989913727350039,0.03863490200719799
instantaneous_500,0.4140190556208523,0.775452836230745,0.8092321891706363,0.033779352939891316
instantaneous_500,0.4392149797066588,0.8027966192257466,0.8252974877161829,0.02250086849043631
instantaneous_500,0.4622755431261193,0.8282004561130168,0.8394692901403619,0.01126883402734502
instantaneous_500,0.4834285603857631,0.8479422435841907,0.8520585443383348,0.004116300754144153
instantaneous_500,0.5028813126887256,0.8636853053815351,0.8633144287244617,0.00037087665707336015
instantaneous_500,0.5208217580592173,0.8765057439928114,0.8734397117897497,0.003066032203061786
instantaneous_500,0.53741954751263,0.8871307227459422,0.8826013103134236,0.004529412432518587
instantaneous_500,0.5528270618340658,0.8960693109513403,0.8909378395494926,0.005131471401847776
instantaneous_500,0.5671805330758297,0.903688477814216,0.8985651964608504,0.005123281353365594
instantaneous_500,0.5806012493387889,0.9102593300712363,0.9055808072014078,0.004678522869828505
instantaneous_500,0.5931968131561547,0.9159863710095986,0.912066934858274,0.003919436151324618
instantaneous_500,0.6050624148313254,0.9210266479282759,0.9180933037780514,0.002933344150224504
instantaneous_500,0.616282083570003,0.9255026516648552,0.9237192117335906,0.0017834399312646187
instantaneous_500,0.6269298859064952,0.929511229599632,0.9289952482319441,0.0005159813676878233
instantaneous_500,0.6370710494059277,0.9331298822644044,0.9339647035111814,0.0008348212467770288
instantaneous_500,0.6467629979515003,0.9364212993936327,0.938664730660184,0.0022434312665512435
instantaneous_500,0.6560562920477353,0.9394366847331593,0.9431273083197088,0.0036906235865494796
instantaneous_500,0.6649954731222093,0.9422182308840921,0.9473800409176948,0.005161810033602721
instantaneous_500,0.673619814779536,0.9448009870550356,0.951446825746726,0.006645838691690442
instantaneous_500,0.681963986564795,0.9472142862594832,0.9553484104457258,0.008134124186242597
instantaneous_500,0.6900586372927028,0.9494828482188915,0.9591028600035758,0.009620011784684301
instantaneous_500,0.6979309056889241,0.9516276404576116,0.9627259488986267,0.011098308441015114
instantaneous_500,0.7056048662016824,0.9536665569854726,0.9662314911782222,0.01256493419274951
instantaneous_500,0.7131019175732206,0.9556149579067058,0.9696316190065578,0.014016661099852001
instantaneous_500,0.7204411212695082,0.9574861019802242,0.9729370183568837,0.015450916376659518
instantaneous_500,0.7276394962537971,0.9592914960461945,0.9761571290082042,0.016865632962009713
instantaneous_500,0.7347122759294158,0.9610411793762321,0.9793003147630495,0.018259135386817338
instantaneous_500,0.7416731324244367,0.9627439567105864,0.9823740087836456,0.019630052073059123
instantaneous_500,0.7485343727641615,0.9644075905588922,0.985384838104063,0.02097724754517072
instantaneous_500,0.7553071109110506,0.966038960974546,0.988338730689732,0.02229976971518599
instantaneous_500,0.7620014191332832,0.9676441992139109,0.991241007848101,0.023596808634190114
instantaneous_500,0.7686264617126182,0.9692288003387157,0.994096464331006,0.024867663992290234
instantaneous_500,0.7751906136047927,0.9707977187732282,0.9969094380864386,0.026111719313210435
instantaneous_500,0.7817015663270722,0.9723554500369633,0.9996838713045086,0.02732842126754531
instantaneous_500,0.7881664230590509,0.973906101243849,1.0024233641456117,0.028517262901762708
instantaneous_500,0.7945917847005155,0.9754534524854614,1.0051312223285012,0.029677769843039714
instantaneous_500,0.800983828428049,0.9770010108478284,1.0078104995836215,0.030809488735793034
instantaneous_500,0.8073483801326494,0.9785520585099637,1.010464035839513,0.0319119773295492
instantaneous_500,0.8136909819901685,0.9801096961646922,1.013094491896711,0.032984795732018846
instantaneous_500,0.8200169563240975,0.9816768828258134,1.015704381256939,0.034027498431125625
instantaneous_500,0.8263314668512334,0.983256472962794,1.018296099705269,0.03503962674247507
instantaneous_500,0.8326395783751491,0.9848512518235748,1.0208719531969668,0.03602070137339197
instantaneous_500,0.838946315979194,0.9864639697461859,1.0234341845637198,0.03697021481753393
instantaneous_500,0.845256724809405,0.9880973762499745,1.0259849995412154,0.037887623291240846
instantaneous_500,0.8515759316000096,0.9897542546994732,1.0285265926181058,0.03877233791863255
instantaneous_500,0.8579092092028335,0.99143745838509,1.0310611732239237,0.039623714838833646
instantaneous_500,0.8642620455454655,0.993149948945098,1.0335909928119842,0.040441043866886184
instantaneous_500,0.8706402186604895,0.9948948381774695,1.0361183734512882,0.04122353527381872
instantaneous_500,0.8770498797327563,0.9966754344731978,1.03864573863045,0.041970304157252114
instantaneous_500,0.8834976465118866,0.9984952953502041,1.0411756470977551,0.042680351747551026
instantaneous_500,0.8899907099764238,1.0003582879105573,1.0437108307295706,0.04335254281901335
instantaneous_500,0.8965369578482667,1.0022686594964443,1.0462542376439523,0.04398557814750803
instantaneous_500,0.903145119514241,1.0042311214452542,1.04880908208201,0.04457796063675579
instantaneous_500,0.9098249381956337,1.0062509497017027,1.0513789029902973,0.04512795328859465
instantaneous_500,0.9165873779553002,1.0083341071980139,1.0539676337994448,0.04563352660143094
instantaneous_500,0.9234448755130783,1.0104873945334791,1.0565796866584014,0.046092292124922274
instantaneous_500,0.9304116501576134,1.0127186377490185,1.0592200554496816,0.04650141770066307
instantaneous_500,0.937504089676182,1.0150369252099136,1.0618944433968283,0.04685751818691464
instantaneous_500,0.9447412368185528,1.0174529102326688,1.064609423187226,0.04715651295455725
instantaneous_500,0.9521454103268693,1.0199792028855708,1.0673726405740496,0.04739343768847881
instantaneous_500,0.9597430085426467,1.0226308845040082,1.0701930768781556,0.04756219237414738
instantaneous_500,0.9675655644812442,1.025426193820887,1.0730813924477467,0.04765519862685963
instantaneous_500,0.9756511531183308,1.0283874574791982,1.0760503832288606,0.047662925749662355
instantaneous_500,0.984046301355161,1.0315423756637603,1.0791155983050031,0.04757322264124286
instantaneous_500,0.9928086306819942,1.0349258356057403,1.0822961912980786,0.047370355692338384
instantaneous_500,1.00201059335699,1.0385825301036005,1.085616119507667,0.047033589404066545
instantaneous_500,1.0117448851112496,1.0425708400153009,1.0891058739748773,0.04653503395957648
instantaneous_500,1.0221325080907633,1.0469687685562132,1.0928050448854378,0.0458362763292246
instantaneous_500,1.0333351737406158,1.0518833371713032,1.096766247588467,0.044882910417163746
instantaneous_500,1.045575109850493,1.0574660901465323,1.1010613556139697,0.043595265467437416
instantaneous_500,1.0591681231790604,1.0639399690931306,1.1057918342227302,0.0418518651295996
instantaneous_500,1.0745817957521804,1.0716487469357174,1.1111067824851197,0.039458035549402304
instantaneous_500,1.0925447685601588,1.0811548649751481,1.117236480846888,0.03608161587173986
instantaneous_500,1.114269173946862,1.0934517964453736,1.1245598307619193,0.03110803431654574
instantaneous_500,1.1419523973144345,1.1104787331776527,1.1337540255734646,0.023275292395811942
instantaneous_500,1.1800731105568536,1.1325493646217741,1.146172444137928,0.013623079516153824
instantaneous_500,1.2218848396339876,1.153023484402129,1.1594865660306757,0.006463081628546696
instantaneous_500,1.2603260149590452,1.1693167670819837,1.1714593567631313,0.0021425896811475553
instantaneous_500,1.295770943529937,1.1825672788437167,1.182282889953984,0.00028438888973281173
instantaneous_500,1.328556344413647,1.193540753006961,1.1921181216026897,0.0014226314042713462
instantaneous_500,1.358984254585854,1.2027713860787708,1.201100839042499,0.0016705470362716746
instantaneous_500,1.387324608333066,1.2106431385259229,1.2093461421332026,0.0012969963927202954
instantaneous_500,1.4138177629669446,1.2174389655917979,1.2169519410535021,0.0004870245382957439
instantaneous_500,1.4386770350216493,1.2233718471449815,1.2240017585121288,0.0006299113671472956
instantaneous_500,1.4620912264008628,1.228605027099783,1.230567016487749,0.001961989387965879
instantaneous_500,1.4842270924394316,1.2332656111337537,1.2367089259023365,0.003443314768582839
instantaneous_500,1.505231702808802,1.2374539405417253,1.242480061045858,0.005026120504132647
instantaneous_500,1.525234656277161,1.2412502016511562,1.247925678137893,0.00667547648673672
instantaneous_500,1.5443501236933728,1.2447191794521206,1.2530848231119147,0.008365643659794086
instantaneous_500,1.5626787062784353,1.2479137370346307,1.2579912641340685,0.010077527099437766
instantaneous_500,1.5803091067737522,1.2508774024195355,1.2626742776082607,0.011796875188725187
instantaneous_500,1.5973196187148817,1.2536463187971705,1.2671593113674378,0.01351299257026728
instantaneous_500,1.6137794443037516,1.2562507334273452,1.2714685448065959,0.015217811379250712
instantaneous_500,1.6297498544315745,1.2587161473778923,1.2756213625153365,0.01690521513744425
instantaneous_500,1.6452852058802467,1.2610642126913885,1.2796347553206506,0.018570542629262166
instantaneous_500,1.6604338310741424,1.2633134392734953,1.2835236604357738,0.020210221162278552
instantaneous_500,1.6752388153080482,1.2654797569352898,1.2873012505374837,0.021821493602193875
instantaneous_500,1.6897386754866286,1.2675769661386997,1.2909791800191297,0.023402213880429956
instantaneous_500,1.7039679532552972,1.269617102508884,1.2945677953364412,0.02495069282755713
instantaneous_500,1.717957734149467,1.2716107340369955,1.2980763152456325,0.026465581208636957
instantaneous_500,1.731736103139664,1.2735672054109228,1.3015129857980972,0.027945780387174324
instantaneous_500,1.7453285457584418,1.2754948405930977,1.304885214173906,0.029390373580808316
instantaneous_500,1.75875830290788,1.2774011122963675,1.3081996847868582,0.030798572490490672
instantaneous_500,1.7720466864758564,1.2792927851547253,1.311462460555092,0.03216967540036664
instantaneous_500,1.7852133620415649,1.2811760379849964,1.314679071786322,0.03350303380132558
instantaneous_500,1.7982766042381493,1.2830565694780598,1.3178545947636244,0.03479802528556464
instantaneous_500,1.811253529735879,1.284939690856644,1.3209937218189445,0.03605403096230053
instantaneous_500,1.8241603123454158,1.2868304084321613,1.3241008244461336,0.037270416013972296
instantaneous_500,1.837012384365293,1.2887334985476164,1.3271800108135865,0.03844651226597007
instantaneous_500,1.849824628063197,1.290653577067253,1.3302351788961957,0.03958160182894277
instantaneous_500,1.8626115610328615,1.2925951653657153,1.3332700663391448,0.04067490097342952
instantaneous_500,1.875387519168997,1.29456275463322,1.3362882981037332,0.04172554347051327
instantaneous_500,1.8881668411060784,1.2965608702889977,1.339293432913308,0.042732562624310244
instantaneous_500,1.9009640582394898,1.2985941383323618,1.3422890095286142,0.04369487119625237
instantaneous_500,1.9137940948827246,1.3006673556100052,1.3452785939317669,0.044611238321761615
instantaneous_500,1.9266724837740747,1.3027855662245902,1.3482658285980769,0.04548026237348668
instantaneous_500,1.939615603073434,1.3049541466917591,1.3512544851918884,0.04630033850012927
instantaneous_500,1.9526409422696724,1.3071789029967342,1.354248522251781,0.047069619255046824
instantaneous_500,1.9657674061891601,1.3094661834768868,1.3572521497588679,0.04778596628198106
instantaneous_500,1.9790156686775515,1.3118230125216461,1.3602699029301286,0.04844689040848249
instantaneous_500,1.9924085908175209,1.3142572515700979,1.3633067282058635,0.04904947663576564
instantaneous_500,2.005971723056989,1.3167777959710545,1.3663680852642848,0.04959028929323028
instantaneous_500,2.0197339168848485,1.3193948191937122,1.36946007009835,0.05006525090463776
instantaneous_500,2.033728080493321,1.3221200800647797,1.3725895658812983,0.05046948581651867
instantaneous_500,2.0479921253706204,1.3249673147421366,1.3757644307484438,0.05079711600630721
instantaneous_500,2.0625701688166993,1.3279527440092949,1.3789937350844899,0.051040991075195
instantaneous_500,2.077514083828903,1.3310957397180585,1.3822880659693815,0.05119232625132297
instantaneous_500,2.0928855273090643,1.3344197143809304,1.3856599239803544,0.05124020959942399
instantaneous_500,2.1087586377014587,1.3379533293171506,1.389124249005488,0.051170919688337424
instantaneous_500,2.12522368686876,1.3417321668006148,1.3926991295153361,0.05096696271472134
instantaneous_500,2.142392120537808,1.3458010936059035,1.396406778033035,0.050605684427131425
instantaneous_500,2.160403667071387,1.3502176816080667,1.400274901808301,0.05005722020023429
instantaneous_500,2.179436609670025,1.3550572924087685,1.4043386756618366,0.04928138325306808
instantaneous_500,2.1997230454223877,1.3604208707018246,1.4086436600187517,0.04822278931692714
instantaneous_500,2.22157228381357,1.3664473210294008,1.4132502540929146,0.046802933063513796
instantaneous_500,2.245408078065505,1.3733339987818298,1.4182407432664048,0.04490674448457499
instantaneous_500,2.271830507344981,1.3813723558015998,1.4237309389153276,0.042358583113727866
instantaneous_500,2.301724340666838,1.3910137678707581,1.4298904097252494,0.038876641854491245
instantaneous_500,2.336461239860118,1.403000385967243,1.436979892,0.03397950603275701
instantaneous_500,2.378308035579118,1.4186497250880536,1.445425972708553,0.02677624762049935
instantaneous_500,2.431338190111756,1.4377484373797504,1.455985354862803,0.01823691748305256
instantaneous_500,2.5019841328590235,1.4591989511570838,1.46981185253678,0.010612901379696282
instantaneous_500,2.56690070585535,1.4762040914056307,1.4822847657070084,0.006080674301377709
instantaneous_500,2.6267310325401483,1.489993218320627,1.4935916804940215,0.0035984621733944344
instantaneous_500,2.6820497585904164,1.5013877983826156,1.503890972225325,0.002503173842709483
instantaneous_500,2.733370664237766,1.5109577013377946,1.5133173165978595,0.0023596152600648956
instantaneous_500,2.7811522843057466,1.5191106317244514,1.52198575095308,0.0028751192286287086
instantaneous_500,2.8258027525182863,1.526145874524892,1.5299948291314018,0.0038489546065099134
instantaneous_500,2.8676843378268506,1.5322879557765106,1.537429163759097,0.005141207982586549
instantaneous_500,2.9071178122646515,1.5377084798908494,1.5443615248629676,0.006653044972118272
instantaneous_500,2.944386654047727,1.5425407337200714,1.5508545982249242,0.00831386450485283
instantaneous_500,2.9797410438418885,1.5468897147423675,1.5569624713252963,0.010072756582928832
instantaneous_500,3.013401607198906,1.5508391781009605,1.5627318947255793,0.011892716624618771
instantaneous_500,3.0455628678402684,1.5544566903604724,1.5682033549959962,0.013746664635523764
instantaneous_500,3.076396392734843,1.5577973194401655,1.5734119879588162,0.015614668518650676
instantaneous_500,3.106053625224522,1.560906372104437,1.578388356062129,0.01748198395769207
instantaneous_500,3.1346684146060713,1.5638214540610167,1.5831591100475348,0.019337655986518154
instantaneous_500,3.1623592591070326,1.5665740403990465,1.58774755217305,0.021173511774003506
instantaneous_500,3.18923128449598,1.5691906869028032,1.5921741158291807,0.022983428926377503
instantaneous_500,3.2153779832599936,1.5716939745607517,1.5964567742987157,0.024762799737964025
instantaneous_500,3.2408827400522826,1.5741032535675592,1.6006113895907845,0.026508136023225326
instantaneous_500,3.2658201685885855,1.5764352351096558,1.6046520106936457,0.02821677558398994
instantaneous_500,3.2902572838191166,1.5787044665658325,1.6085911292107316,0.02988666264489903
instantaneous_500,3.3142545314299174,1.5809237167394457,1.6124398991578723,0.031516182418426686
instantaneous_500,3.3378666947298137,1.5831042912381792,1.6162083266774072,0.03310403543922802
instantaneous_500,3.3611436970151676,1.5852562933793397,1.6199054345627268,0.03464914118338713
instantaneous_500,3.3841313156283257,1.5873888425206384,1.6235394057573715,0.03615056323673316
instantaneous_500,3.4068718222412264,1.5895102591420236,1.6271177093856335,0.0376074502436099
instantaneous_500,3.4294045624486857,1.5916282240964659,1.6306472123725484,0.03901898827608252
instantaneous_500,3.4517664865393525,1.5937499180343777,1.6341342793026463,0.04038436126826861
instantaneous_500,3.473992642389881,1.5958821459749448,1.6375848628461618,0.04170271687121696
instantaneous_500,3.4961166407703583,1.598031451256471,1.6410045868332812,0.04297313557681015
instantaneous_500,3.5181711030090237,1.6002042226016209,1.6443988238819658,0.044194601280344914
instantaneous_500,3.5401881009261413,1.602406797740183,1.6477727693728639,0.04536597163268086
instantaneous_500,3.562199599317294,1.6046455669304927,1.6511315135269575,0.04648594659646488
instantaneous_500,3.5842379120246726,1.6069270797975133,1.6544801133687081,0.04755303357119489
instantaneous_500,3.6063361839598094,1.6092581591959552,1.6578236664716997,0.04856550727574449
instantaneous_500,3.628528913400061,1.6116460263143462,1.6611673885895573,0.04952136227521109
instantaneous_500,3.6508525317268283,1.6140984420515578,1.6645166976038965,0.0504182555523387
instantaneous_500,3.6733460617386764,1.6166238708756344,1.6678773067001045,0.05125343582447006
instantaneous_500,3.6960518812574983,1.6192316750851161,1.6712553303753392,0.052023655290223125
instantaneous_500,3.71901662646718,1.621932349815544,1.6746574078537668,0.052725058038222805
instantaneous_500,3.7422922802723964,1.624737812602581,1.6780908498588378,0.05335303725625673
instantaneous_500,3.765937506292825,1.6276617662933945,1.6815638166418605,0.05390205034846596
instantaneous_500,3.7900193109707163,1.6307201613561757,1.6850855379495484,0.054365376593372705
instantaneous_500,3.8146151479709087,1.633931794346619,1.6886665896489994,0.05473479530238046
instantaneous_500,3.8398156256395426,1.6373190953863535,1.6923192476513838,0.0550001522650303
instantaneous_500,3.865728048130808,1.6409091821502346,1.6960579486394485,0.05514876648921385
instantaneous_500,3.892481127502125,1.6447352964444912,1.6998999006114535,0.05516460416696223
instantaneous_500,3.92023137080132,1.6488388013431174,1.7038659073027091,0.055027105959591704
instantaneous_500,3.9491719133497494,1.6532720188700192,1.7079815041703847,0.05470948530036557
instantaneous_500,3.979545009655199,1.6581023616600623,1.712278558830289,0.05417619717022659
instantaneous_500,4.011660142131072,1.6634185173101834,1.7167975823453607,0.05337906503517731
instantaneous_500,4.045921027529017,1.6693400032063863,1.7215911618350415,0.05225115862865515
instantaneous_500,4.082867224410466,1.676032481112991,1.7267292245904882,0.0506967434774972
instantaneous_500,4.123240709752403,1.6837333858696246,1.7323074173363548,0.04857403146673023
instantaneous_500,4.168097279382324,1.6927970774635543,1.738461042316092,0.04566396485253765
instantaneous_500,4.219003211361735,1.7037795028565164,1.7453894835598909,0.041609980703374516
instantaneous_500,4.278405904447454,1.7176096502641147,1.7534018399775668,0.035792189713452105
instantaneous_500,4.350391654459434,1.7356158237630712,1.763009197653712,0.02739337389064067
instantaneous_500,4.442404785921357,1.7562369333457046,1.7751309319923743,0.01889399864666963
instantaneous_500,4.542404785921357,1.7753944771317296,1.788109706655912,0.012715229524182359
instantaneous_500,4.638225688289542,1.7913356018250062,1.8003620139437841,0.009026412118777971
instantaneous_500,4.726638602199125,1.804348812281685,1.8115126684231815,0.007163856141496394
instantaneous_500,4.808488292538325,1.8151661841397668,1.8217075374604725,0.006541353320705712
instantaneous_500,4.884527301571402,1.8243008778344674,1.8310714568873068,0.006770579052839398
instantaneous_500,4.955425551354958,1.8321232188751553,1.8397116893695866,0.007588470494431343
instantaneous_500,5.02177831038037,1.8389070500053644,1.8477206242825153,0.008813574277150904
instantaneous_500,5.084113394786459,1.8448591025894043,1.8551779738479175,0.010318871258513163
instantaneous_500,5.142897918815745,1.85013824501757,1.862152606440787,0.01201436142321688
instantaneous_500,5.198544668706908,1.854868469769632,1.8687041001664484,0.013835630396816345
instantaneous_500,5.251418083451473,1.8591478810772144,1.8748840697413187,0.01573618866410431
instantaneous_500,5.301839804332606,1.8630550546720135,1.8807373036594133,0.017682248987399785
instantaneous_500,5.35009376301487,1.8666536270386298,1.8863027397168002,0.019649112678170377
instantaneous_500,5.396430795480343,1.869995665069569,1.8916143016771276,0.021618636607558583
instantaneous_500,5.44107278698929,1.8731241788870376,1.8967016163796673,0.023577437492629638
instantaneous_500,5.484216367791917,1.8760750220661453,1.9015906280213666,0.025515605955221288
instantaneous_500,5.526036189504775,1.8788783470283856,1.906304124247035,0.027425777218649472
instantaneous_500,5.566687818210225,1.8815597329674556,1.9108621868632711,0.02930245389581554
instantaneous_500,5.6063102831678275,1.8841410697825234,1.9152825783645169,0.031141508581993493
instantaneous_500,5.645028320478322,1.8866412583107521,1.9195810740003065,0.0329398156895544
instantaneous_500,5.682954349886819,1.8890767710279144,1.9237717478097869,0.0346949767818725
instantaneous_500,5.720190220785808,1.8914621060205257,1.9278672198975675,0.03640511387704182
instantaneous_500,5.756828760905628,1.8938101589213037,1.9318788712238393,0.03806871230253561
instantaneous_500,5.792955158455582,1.8961325316505035,1.9358170313182441,0.03968449966774057
instantaneous_500,5.828648205925167,1.8984397925649144,1.939691143601687,0.04125135103677269
instantaneous_500,5.863981431482894,1.9007416995274284,1.9435099123972928,0.04276821286986432
instantaneous_500,5.8990241420717675,1.9030473951753342,1.947281435226165,0.04423404005083076
instantaneous_500,5.933842400998054,1.9053655820728663,1.9510133236091467,0.04564774153628037
instantaneous_500,5.968499962088933,1.9077046843454772,1.9547128153236417,0.047008130978164475
instantaneous_500,6.003059182543172,1.9100730017184362,1.958386880903172,0.04831387918473573
instantaneous_500,6.037581937411755,1.9124788615751966,1.9620423271062806,0.04956346553108393
instantaneous_500,6.072130560553615,1.9149307746938282,1.9656859001468263,0.050755125452998096
instantaneous_500,6.106768840045127,1.9174376007313865,1.9693243916742325,0.051886790942845984
instantaneous_500,6.141563100828167,1.920008730368808,1.972964750857554,0.052956020488746036
instantaneous_500,6.176583414388069,1.9226542924008403,1.976614206505374,0.05395991410453371
instantaneous_500,6.211904985255516,1.9253853961421994,1.9802804040135857,0.05489500787138635
instantaneous_500,6.2476097782927695,1.9282144225853068,1.9839715631777575,0.05575714059245063
instantaneous_500,6.283788470906303,1.9311553822193885,1.9876966647016157,0.05654128248222712
instantaneous_500,6.320542843120584,1.9342243639675079,1.9914656758078697,0.05724131184036185
instantaneous_500,6.357988760123388,1.9374401093711873,1.9952898290945913,0.057849719723404025
instantaneous_500,6.396259962930654,1.9408247606368496,1.9991819742555434,0.05835721361869384
instantaneous_500,6.435512973722587,1.9444048532461888,2.0031570304305264,0.05875217718433756
instantaneous_500,6.475933560382583,1.9482126581765913,2.0072325792986754,0.059019921122084096
instantaneous_500,6.517745418579924,1.9522880334617956,2.011429658116079,0.05914162465428352
instantaneous_500,6.561222069161872,1.9566810341619196,2.0157738421195828,0.05909280795766314
instantaneous_500,6.606703521950307,1.9614556801614147,2.0202967548268163,0.05884107466540156
instantaneous_500,6.654620186670345,1.966695542770858,2.025038226969061,0.05834268419820332
instantaneous_500,6.705528127866183,1.9725122837101243,2.0300494671204925,0.057537183410368176
instantaneous_500,6.760162681148608,1.9790591718057504,2.0353978630808025,0.05633869127505209
instantaneous_500,6.819522967015544,1.9865533719686614,2.041174514224889,0.05462114225622772
instantaneous_500,6.885010821591124,1.9953145232942548,2.047506546579814,0.052192023285559275
instantaneous_500,6.958670891400092,2.0058355186822374,2.05457825982511,0.04874274114287269
instantaneous_500,7.043631450791203,2.0189219910205454,2.062669655882482,0.04374766486193682
instantaneous_500,7.143631450791203,2.035766718979361,2.072105653846749,0.03633893486738771
instantaneous_500,7.243631450791203,2.053177275186598,2.0814488805693223,0.028271605382724108
instantaneous_500,7.343631450791203,2.0687428153009577,2.0907014399298496,0.021958624628891865
instantaneous_500,7.443631450791203,2.0826741089379404,2.0998653599828665,0.017191251044926137
instantaneous_500,7.543631450791203,2.0952035596144984,2.108942596671558,0.013739037057059367
instantaneous_500,7.643631450791203,2.1065222539152706,2.117935037312914,0.011412783397643622
instantaneous_500,7.743631450791203,2.1167889614337905,2.126844503871195,0.010055542437404696
instantaneous_500,7.843631450791203,2.1261370819245267,2.135672756035082,0.009535674110555448
instantaneous_500,7.943631450791203,2.1346800881605525,2.144421494112663,0.009741405952110593
instantaneous_500,8.043631450791203,2.1425158538714992,2.1530923617571647,0.010576507885665443
instantaneous_500,8.13916200421806,2.1494438993543135,2.1613044249667475,0.011860525612434003
instantaneous_500,8.22891193549959,2.155521817966535,2.1689573455961613,0.013435527629626076
instantaneous_500,8.313556056038019,2.160913653343725,2.1761206526314396,0.015206999287714407
instantaneous_500,8.393691199007993,2.165747262431502,2.182854661919944,0.017107399488442088
instantaneous_500,8.469844844456732,2.1701236994583963,2.1892117665550797,0.019088067096683314
instantaneous_500,8.542483107254355,2.174123842054719,2.195237549140537,0.021113707085818056
instantaneous_500,8.612018061615911,2.177813164339268,2.20097174158102,0.023158577241752187
instantaneous_500,8.678814391341637,2.181245236643092,2.2064490529903553,0.02520381634726343
instantaneous_500,8.743195375985303,2.18446433261842,2.211699883226546,0.02723555060812588
instantaneous_500,8.805448241942921,2.1875073995279624,2.2167509373968413,0.0292435378688789
instantaneous_500,8.865828921407179,2.1904055671163363,2.2216257549435574,0.031220187827221135
instantaneous_500,8.924566271010807,2.1931853176075036,2.2263451654100823,0.033159847802578746
instantaneous_500,8.981865806382745,2.1958694039264617,2.230927681602071,0.03505827767560943
instantaneous_500,9.037913010045521,2.1984775790538373,2.2353898395963734,0.036912260542536046
instantaneous_500,9.092876269048535,2.2010271826576195,2.2397464939026923,0.038719311245072774
instantaneous_500,9.14690949641309,2.203533619370934,2.2440110750613207,0.040477455690386854
instantaneous_500,9.200154487565392,2.206010754735507,2.248195816069426,0.042185061333919194
instantaneous_500,9.252743060032211,2.20847124886729,2.252311953273734,0.04384070440644372
instantaneous_500,9.304799022184445,2.210926843650396,2.2563699067500185,0.04544306309962254
instantaneous_500,9.356440015064937,2.2133886162639294,2.2603794447095034,0.04699082844557401
instantaneous_500,9.407779270660885,2.215867209802169,2.2643498361347185,0.04848262633254974
instantaneous_500,9.458927330666203,2.2183730504596513,2.268289995657159,0.04991694519750789
instantaneous_500,9.509993772183924,2.220916560124139,2.2722086246592235,0.0512920645350845
instantaneous_500,9.561088991458972,2.22350837320062,2.2761143527387344,0.05260597953811441
instantaneous_500,9.612326104256155,2.226159567114524,2.2800158840516764,0.05385631693715265
instantaneous_500,9.663823032871841,2.2288819173103915,2.2839221537054324,0.055040236395040854
instantaneous_500,9.71570486644319,2.2316881898722754,2.2878425004026792,0.05615431053040387
instantaneous_500,9.768106605319874,2.23459248847395,2.2917868630714184,0.05719437459746857
instantaneous_500,9.821176434953925,2.2376106777579596,2.2957660114643956,0.058155333706436
instantaneous_500,9.875079725062651,2.2407609132961994,2.2997918239997466,0.05903091070354716
instantaneous_500,9.9300040233067,2.244064320375014,2.3038776309383335,0.05981331056331962
instantaneous_500,9.986165421673151,2.2475458822224423,2.3080386481539255,0.06049276593148312
instantaneous_500,10.043816837942769,2.2512356266973748,2.31229253753984,0.06105691084246523
instantaneous_500,10.103259006881041,2.2551702452887237,2.3166601466451673,0.06148990135644361
instantaneous_500,10.164855372157875,2.2593953507611824,2.3211665060807305,0.06177115531954813
instantaneous_500,10.229052708637058,2.2639687002899564,2.325842204927177,0.061873504637220744
instantaneous_500,10.296410363314338,2.2689649176598112,2.3307253332660873,0.0617604156062761
instantaneous_500,10.36764281564595,2.2744826156700872,2.3358642984611757,0.061381682791088465
instantaneous_500,10.443683476244859,2.2806555006720624,2.341322029577245,0.06066652890518265
instantaneous_500,10.525783602610188,2.2876703629136608,2.3471824671980066,0.059512104284345835
instantaneous_500,10.615671793832773,2.295797567176649,2.3535609758607294,0.057763408684080364
instantaneous_500,10.715671793832772,2.305431016901106,2.3606111793846063,0.05518016248350044
instantaneous_500,10.815671793832774,2.315789578369229,2.367613811350997,0.05182423298176797
instantaneous_500,10.915671793832773,2.3269525001548037,2.3745695926170423,0.04761709246223855
instantaneous_500,11.015671793832773,2.3390099871655825,2.381479226564968,0.042469239399385295
instantaneous_500,11.115671793832773,2.352048070353459,2.388343399680837,0.03629532932737822
instantaneous_500,11.215671793832772,2.3647898456471954,2.395162782109089,0.03037293646189365
instantaneous_500,11.315671793832774,2.3764870106836775,2.4019380281841163,0.025451017500438766
instantaneous_500,11.415671793832773,2.3872567960083417,2.408669776939993,0.021412980931651227
instantaneous_500,11.515671793832773,2.397199892642889,2.415358652599461,0.018158759956572013
instantaneous_500,11.615671793832773,2.406403246003769,2.4220052650431727,0.015602019039403725
instantaneous_500,11.715671793832772,2.414942339553308,2.4286102102601657,0.013667870706857599
instantaneous_500,11.815671793832774,2.4228830745833,2.435174070780453,0.012290996197152904
instantaneous_500,11.915671793832773,2.430283329084728,2.441697416090608,0.011414087005880091
instantaneous_500,12.015671793832773,2.4371942605633308,2.4481808030331402,0.010986542469809457
instantaneous_500,12.115671793832773,2.4436614035479525,2.4546247761904056,0.010963372642453173
instantaneous_500,12.215671793832772,2.4497256013812256,2.4610298682538043,0.011304266872578683
instantaneous_500,12.315671793832774,2.4554238029157394,2.467396600378922,0.011972797463182694
instantaneous_500,12.415671793832773,2.4607897474098452,2.4737254825272736,0.012935735117428404
instantaneous_500,12.515671793832773,2.465854554835626,2.4800170137952415,0.014162458959615432
instantaneous_500,12.615671793832773,2.470647233744141,2.486271682730808,0.015624448986666817
instantaneous_500,12.715671793832772,2.4751951146752074,2.492489967638614,0.017294852963406715
instantaneous_500,12.815671793832774,2.4795242138599445,2.4986723368738626,0.019148123013918106
instantaneous_500,12.915671793832773,2.483659529739083,2.5048192491255623,0.021159719386479203
instantaneous_500,13.013995573794526,2.487564417108214,2.5108289907951007,0.023264573686886614
instantaneous_500,13.108346745718427,2.4911875095485656,2.516564486722029,0.025376977173463544
instantaneous_500,13.199203490385086,2.494578415164007,2.5220588089396356,0.02748039377562872
instantaneous_500,13.286991503139292,2.497778403881275,2.5273410640268383,0.029562660145563413
instantaneous_500,13.372091002209478,2.50082216904043,2.5324369642936406,0.03161479525321065
instantaneous_500,13.454842981324765,2.503739186933033,2.537369322445682,0.03363013551264915
instantaneous_500,13.535554782996543,2.506554780109094,2.5421584807329913,0.03560370062389717
instantaneous_500,13.614505073456419,2.5092909603752163,2.546822684452202,0.037531724076985906
instantaneous_500,13.691948301546493,2.511967106905721,2.5513784086360345,0.039411301730313486
instantaneous_500,13.768118723022633,2.5146005206509847,2.555840645833061,0.041240125182076426
instantaneous_500,13.843234070031423,2.5172068862604435,2.5602231620781852,0.0430162758177417
instantaneous_500,13.91749894393284,2.5198006657509477,2.564538727495592,0.04473806174464423
instantaneous_500,13.991108009103714,2.5223954433031452,2.568799327482315,0.04640388417916963
instantaneous_500,14.064249066500857,2.5250042373218955,2.5730163601007265,0.048012122778831046
instantaneous_500,14.137106089651262,2.5276397939097257,2.5772008251998333,0.04956103129010758
instantaneous_500,14.209862313158574,2.5303148749992332,2.581363510911966,0.0510486359127329
instantaneous_500,14.282703476218401,2.53304255450903,2.5855151835953385,0.052472629086308675
instantaneous_500,14.355821342675444,2.535836537104182,2.5896667880861863,0.05383025098200411
instantaneous_500,14.429417647574633,2.538711516667184,2.5938296664164886,0.055118149749304735
instantaneous_500,14.50370866191059,2.5416835958292285,2.5980158051351845,0.05633220930595595
instantaneous_500,14.578930628051157,2.544770794564647,2.6022381243170387,0.05746732975239155
instantaneous_500,14.655346407795038,2.5479936860571093,2.6065108257325527,0.058517139675443364
instantaneous_500,14.73325381733449,2.5513762136761535,2.610849824173705,0.05947361049755129
instantaneous_500,14.812996322399744,2.5549467670850063,2.615273295758173,0.06032652867316646
instantaneous_500,14.894977071144613,2.558739633539064,2.619802392058317,0.06106275851925291
instantaneous_500,14.979677717518758,2.562797001586947,2.6244621923300673,0.06166519074312049
instantaneous_500,15.067684247735338,2.5671717952630595,2.6292830034968144,0.06211120823375493
instantaneous_500,15.159723271209412,2.5719317883167996,2.634302178798111,0.06237039048131132
instantaneous_500,15.256714353645572,2.5771657495660203,2.639566729467088,0.06240097990106763
instantaneous_500,15.356714353645572,2.582816564925807,2.644968361044543,0.062151796118736335
instantaneous_500,15.456714353645571,2.5887501052609707,2.650343633224142,0.06159352796317119
instantaneous_500,15.556714353645571,2.594988028663897,2.655692824679382,0.06070479601548495
instantaneous_500,15.656714353645572,2.6015537995407136,2.6610162093497576,0.05946240980904394
instantaneous_500,15.756714353645572,2.6084729501243147,2.666314056551068,0.05784110642675344
instantaneous_500,15.856714353645572,2.615773367030387,2.6715866310824627,0.05581326405207587
instantaneous_500,15.956714353645571,2.6234856078435795,2.6768341933303454,0.05334858548676591
instantaneous_500,16.05671435364557,2.631643253341048,2.6820569993692627,0.05041374602821458
instantaneous_500,16.156714353645572,2.6402833016656633,2.6872553010598565,0.046971999394193276
instantaneous_500,16.25671435364557,2.6494466115866615,2.6924293461440065,0.042982734557345026
instantaneous_500,16.35671435364557,2.6591784029368655,2.6975793783372572,0.03840097540039178
instantaneous_500,16.456714353645573,2.6691747837731277,2.7027056374185996,0.033530853645471925
instantaneous_500,16.55671435364557,2.6785756510036256,2.7078083593177356,0.029232708314109956
instantaneous_500,16.656714353645572,2.687392729623396,2.712887776199886,0.025495046576490044
instantaneous_500,16.75671435364557,2.6956760051664235,2.7179441165482197,0.022268111381796185
instantaneous_500,16.85671435364557,2.7034700672248837,2.722977605244018,0.019507538019134518
instantaneous_500,16.956714353645573,2.7108148091754245,2.7279884636446043,0.017173654469179844
instantaneous_500,17.05671435364557,2.717746029641564,2.732976909659158,0.015230880017594206
instantaneous_500,17.156714353645572,2.7242959514146303,2.737943157822448,0.013647206407817691
instantaneous_500,17.25671435364557,2.730493670911917,2.74288741936657,0.012393748454652798
instantaneous_500,17.35671435364557,2.7363655490646908,2.747809902290762,0.011444353226071069
instantaneous_500,17.456714353645573,2.741935552723195,2.75271081142933,0.010775258706134938
instantaneous_500,17.55671435364557,2.7472255541542383,2.757590348517786,0.010364794363547869
instantaneous_500,17.656714353645572,2.752255594943924,2.762448712257223,0.010193117313299194
instantaneous_500,17.75671435364557,2.7570441195450637,2.7672860983769914,0.010241978831927678
instantaneous_500,17.85671435364557,2.7616081827943666,2.772102699695742,0.010494516901375484
instantaneous_500,17.956714353645573,2.7659636349332084,2.7768987061808836,0.010935071247675232
instantaneous_500,18.05671435364557,2.770125286977829,2.7816743050064847,0.011549018028655933
instantaneous_500,18.156714353645572,2.7741070586807948,2.786429680609701,0.012322621928906319
instantaneous_500,18.25671435364557,2.777922110797774,2.7911650147457525,0.013242903947978668
instantaneous_500,18.35671435364557,2.7815829629133635,2.795880486541495,0.014297523628131525
instantaneous_500,18.456714353645573,2.785101597693394,2.800576272547643,0.015474674854249137
instantaneous_500,18.55671435364557,2.788489552118318,2.8052525467896716,0.01676299467135367
instantaneous_500,18.656714353645572,2.791757996024759,2.80990948081745,0.01815148479269091
instantaneous_500,18.75671435364557,2.7949177981485773,2.814547243753627,0.019629445605049867
instantaneous_500,18.85671435364557,2.7979795798296943,2.8191660023408285,0.02118642251113423
instantaneous_500,18.956714353645573,2.8009537566093883,2.823765920987681,0.02281216437829281
instantaneous_500,19.05671435364557,2.8038505681214136,2.8283471618137206,0.024496593692306945
instantaneous_500,19.156714353645572,2.8066800969311325,2.8329098846931897,0.0262297877620572
instantaneous_500,19.25671435364557,2.809452277291881,2.8374542472977797,0.02800197000589888
instantaneous_500,19.35671435364557,2.812176895123291,2.84198040513835,0.029803510015058876
instantaneous_500,19.456714353645573,2.8148635808381224,2.8464885116056213,0.03162493076749895
instantaneous_500,19.55671435364557,2.8175217969050794,2.8509787180099226,0.03345692110484322
instantaneous_500,19.656714353645572,2.8201608222022303,2.8554511736199784,0.035290351417748056
instantaneous_500,19.75671435364557,2.822789735259655,2.8599060257007793,0.03711629044112419
instantaneous_500,19.85671435364557,2.8254173984052304,2.8643434195505706,0.03892602114534016
instantaneous_500,19.956714353645573,2.828052444615955,2.8687634985369614,0.04071105392100627
instantaneous_500,20.05671435364557,2.83070326856632,2.873166404132206,0.04246313556588577
instantaneous_500,20.156714353645572,2.83337802298394,2.877552275947654,0.044174252963714356
instantaneous_500,20.25671435364557,2.836084621015885,2.881921251767422,0.04583663075153721
instantaneous_500,20.35671435364557,2.8388307449103727,2.8862734675812782,0.047442722670905546
instantaneous_500,20.456714353645573,2.8416238609661306,2.890609057616781,0.04898519665065049
instantaneous_500,20.55671435364557,2.84447124041337,2.8949281543706893,0.050456913957319216
instantaneous_500,20.656714353645572,2.84737998568465,2.8992308886396594,0.05185090295500938
instantaneous_500,20.75671435364557,2.8503570614075384,2.9035173895502564,0.05316032814271798
instantaneous_500,20.85671435364557,2.853409329401901,2.907787784588284,0.05437845518638307
instantaneous_500,20.956714353645573,2.856543586978221,2.912042199627472,0.055498612649250934
instantaneous_500,21.05671435364557,2.859766607897711,2.9162807589575155,0.05651415105980462
instantaneous_500,21.156714353645572,2.8630851854510118,2.9205035853115047,0.05741839986049291
instantaneous_500,21.25671435364557,2.8665061772312868,2.92471079989275,0.0582046226614632
instantaneous_500,21.35671435364557,2.870036551302806,2.928902522401015,0.0588659710982089
instantaneous_500,21.456714353645573,2.8736834335930337,2.933078871058183,0.0593954374651493
instantaneous_500,21.55671435364557,2.877454156456275,2.9372399626333694,0.059785806177094614
instantaneous_500,21.656714353645572,2.8813563084683738,2.9413859124674913,0.0600296039991175
instantaneous_500,21.75671435364557,2.8853977856113686,2.9455168344972984,0.06011904888592978
instantaneous_500,21.85671435364557,2.889586844097528,2.949632841278915,0.06004599718138692
instantaneous_500,21.956714353645573,2.893932155160299,2.953734044010854,0.05980188885055515
instantaneous_500,22.05671435364557,2.8984428622135643,2.957820552556564,0.05937769034299967
instantaneous_500,22.156714353645572,2.9031286408444172,2.961892475466493,0.058763834622075795
instantaneous_500,22.25671435364557,2.9079997621686506,2.9659499199996833,0.057950157831032634
instantaneous_500,22.35671435364557,2.9130671601379747,2.969992992144932,0.05692583200695722
instantaneous_500,22.456714353645573,2.9183425034498933,2.9740217966414924,0.05567929319159903
instantaneous_500,22.55671435364557,2.923838272775683,2.9780364369993606,0.054198164223677736
instantaneous_500,22.656714353645572,2.929567844090373,2.9820370155191394,0.05246917142876617
instantaneous_500,22.75671435364557,2.9355455789633114,2.9860236333114916,0.0504780543481802
instantaneous_500,22.85671435364557,2.941786922751719,2.9899963903162026,0.04820946756448352
instantaneous_500,22.956714353645573,2.9483085117301457,2.9939553853208487,0.04564687359070296
instantaneous_500,23.05671435364557,2.9551282902945335,2.997900715979094,0.0427724256845603
instantaneous_500,23.156714353645572,2.962265639491492,3.0018324788286077,0.03956683933711558
instantaneous_500,23.25671435364557,2.96974151825575,3.0057507693086376,0.03600925105288777
instantaneous_500,23.35671435364557,2.9774774312711347,3.009655681777219,0.03217825050608436
instantaneous_500,23.456714353645573,2.9849105166024104,3.013547309528045,0.02863679292563459
instantaneous_500,23.55671435364557,2.9919819811300146,3.0174257448070043,0.02544376367698975
instantaneous_500,23.656714353645572,2.9987161945672987,3.021291078828394,0.02257488426109555
instantaneous_500,23.75671435364557,3.005135453295162,3.025143401790808,0.020007948495646133
instantaneous_500,23.85671435364557,3.011260191250173,3.028982802892719,0.01772261164254596
instantaneous_500,23.956714353645573,3.017109167405439,3.032809370347756,0.015700202942317
instantaneous_500,24.05671435364557,3.0226996327735165,3.0366231913996864,0.013923558626169896
instantaneous_500,24.156714353645572,3.0280474794756076,3.040424352337106,0.012376872861498356
instantaneous_500,24.25671435364557,3.033167374089535,3.044212938507849,0.011045564418314058
instantaneous_500,24.35671435364557,3.038072877201802,3.0479890343331215,0.009916157131319547
instantaneous_500,24.456714353645573,3.042776550841954,3.0517527233213597,0.00897617247940552
instantaneous_500,24.55671435364557,3.0472900552598223,3.055504088081837,0.008214032822014605
instantaneous_500,24.656714353645572,3.0516242363204444,3.0592432103380016,0.0076189740175571785
instantaneous_500,24.75671435364557,3.055789204625776,3.062970170940566,0.007180966314789927
instantaneous_500,24.85671435364557,3.059794407329566,3.066685049880356,0.0068906425507897495
instantaneous_500,24.956714353645573,3.0636486934836387,3.070387926300914,0.006739232817275287
instantaneous_500,25.05671435364557,3.0673603736423964,3.0740788785108664,0.006718504868469921
instantaneous_500,25.156714353645572,3.070937274350018,3.0777579839960665,0.006820709646048417
instantaneous_500,25.25671435364557,3.074386788046852,3.0814253194315135,0.007038531384661706
instantaneous_500,25.35671435364557,3.0777159188484484,3.0850809606930434,0.007365041844594966
instantaneous_500,25.456714353645573,3.08093132457814,3.0887249828688157,0.007793658290675687
instantaneous_500,25.55671435364557,3.0840393553667576,3.0923574602705854,0.008318104903827894
instantaneous_500,25.656714353645572,3.0870460890738105,3.0959784664447723,0.008932377370961753
instantaneous_500,25.75671435364557,3.089957363729013,3.0995880741833264,0.009630710454313185
instantaneous_500,25.85671435364557,3.092778807147578,3.1031863555343984,0.010407548386820231
instantaneous_500,25.956714353645573,3.0955158638296694,3.106773381812823,0.011257517983153775
instantaneous_500,26.05671435364557,3.0981738192224477,3.1103492236104096,0.01217540438796183
instantaneous_500,26.156714353645572,3.1007578213961473,3.113913950806048,0.013156129409900519
instantaneous_500,26.25671435364557,3.1032729001693973,3.11746763257564,0.014194732406242583
instantaneous_500,26.35671435364557,3.1057239837094777,3.121010337401851,0.0152863536923733
instantaneous_500,26.456714353645573,3.1081159126362206,3.1245421330836924,0.016426220447471884
instantaneous_500,26.55671435364557,3.1104534516671487,3.1280630867459336,0.01760963507878488
instantaneous_500,26.656714353645572,3.11274129886261,3.1315732648483507,0.018831965985740773
instantaneous_500,26.75671435364557,3.1149840925567265,3.1350727331948107,0.020088640638084243
instantaneous_500,26.85671435364557,3.1171864160945093,3.138561556942204,0.021375140847694762
instantaneous_500,26.956714353645573,3.1193528005337465,3.1420398006092194,0.022687000075472863
instantaneous_500,27.05671435364557,3.1214877255104536,3.145507528084961,0.02401980257450731
instantaneous_500,27.156714353645572,3.123595618506456,3.148964802637432,0.025369184130975775
instantaneous_500,27.25671435364557,3.1256808527913225,3.152411686921858,0.026730834130535452
instantaneous_500,27.35671435364557,3.127747744339548,3.1558482429888803,0.028100498649332284
instantaneous_500,27.456714353645573,3.129800548041891,3.1592745322925992,0.02947398425070835
instantaneous_500,27.55671435364557,3.131843453537122,3.1626906156984904,0.030847162161368402
instantaneous_500,27.656714353645572,3.1338805809860806,3.1660965534911876,0.03221597250510699
instantaneous_500,27.75671435364557,3.135915977092731,3.1694924053821243,0.033576428289393334
instantaneous_500,27.85671435364557,3.137953611650205,3.172878230517056,0.03492461886685083
instantaneous_500,27.956714353645573,3.1399973748525025,3.1762540874834615,0.036256712630958976
instantaneous_500,28.05671435364557,3.1420510755699054,3.1796200343178063,0.037568958747900894
instantaneous_500,28.156714353645572,3.1441184407379983,3.1829761285127,0.03885768777470178
instantaneous_500,28.25671435364557,3.1462031159619133,3.1863224270239296,0.04011931106201638
instantaneous_500,28.35671435364557,3.1483086673906984,3.1896589862773754,0.04135031888667706
instantaneous_500,28.456714353645573,3.150438584872376,3.1929858621758176,0.04254727730344143
instantaneous_500,28.55671435364557,3.152596286363196,3.1963031101056285,0.04370682374243229
instantaneous_500,28.656714353645572,3.1547851235332414,3.19961078494336,0.04482566141011857
instantaneous_500,28.75671435364557,3.1570083884868105,3.2029089410622156,0.04590055257540504
instantaneous_500,28.85671435364557,3.159269321499895,3.206197632338433,0.04692831083853832
instantaneous_500,28.956714353645573,3.161571119667463,3.209476912157546,0.04790579249008298
instantaneous_500,29.05671435364557,3.163916946351746,3.2127468334205553,0.04882988706880953
instantaneous_500,29.156714353645572,3.166309941323685,3.21600744855001,0.049697507226325044
instantaneous_500,29.25671435364557,3.1687532314982394,3.2192588094959653,0.050505577997725926
instantaneous_500,29.35671435364557,3.171249942174383,3.222500967741882,0.05125102556749894
instantaneous_500,29.456714353645573,3.173803208703099,3.225733974310392,0.051930765607292706
instantaneous_500,29.55671435364557,3.1764161885211952,3.2289578797690135,0.05254169124781827
instantaneous_500,29.656714353645572,3.1790920735044597,3.2321727342357423,0.05308066073128259
instantaneous_500,29.75671435364557,3.1818341026072297,3.235378587384578,0.05354448477734852
instantaneous_500,29.85671435364557,3.184645574772065,3.2385754884509526,0.053929913678887775
instantaneous_500,29.956714353645573,3.187529862105971,3.2417634862370788,0.05423362413110766
instantaneous_500,30.05671435364557,3.1904904233335727,3.244942629117212,0.05445220578363941
instantaneous_500,30.156714353645572,3.193530817549325,3.24811296504284,0.05458214749351509
instantaneous_500,30.25671435364557,3.1966547183031437,3.251274541547778,0.054619823244634436
instantaneous_500,30.35671435364557,3.1998659280630353,3.254427405753199,0.05456147769016395
instantaneous_500,30.456714353645573,3.2031683931089376,3.2575716043725795,0.05440321126364189
instantaneous_500,30.55671435364557,3.2065662189202078,3.2607071837165726,0.05414096479636488
instantaneous_500,30.656714353645572,3.210063686127981,3.2638341896978056,0.0537705035698246
instantaneous_500,30.75671435364557,3.213665267111431,3.2669526678356062,0.05328740072417526
instantaneous_500,30.85671435364557,3.2173756433243534,3.270062663260659,0.052687019936305646
instantaneous_500,30.956714353645573,3.2211997234469756,3.273164220719586,0.051964497272610544
instantaneous_500,31.05671435364557,3.2251426624648847,3.276257384579464,0.05111472211457935
instantaneous_500,31.156714353645572,3.229209881784646,3.2793421988322713,0.05013231704762511
instantaneous_500,31.25671435364557,3.233407090505241,3.282418707099272,0.04901161659403064
instantaneous_500,31.35671435364557,3.2377403079715448,3.285486952635329,0.0477466446637842
instantaneous_500,31.456714353645573,3.2422158877466027,3.2885469783331596,0.04633109058655682
instantaneous_500,31.55671435364557,3.2468405431489518,3.2915988267275216,0.04475828357856981
instantaneous_500,31.656714353645572,3.251621374512202,3.2946425399993444,0.04302116548714263
instantaneous_500,31.75671435364557,3.256565898335706,3.297678159979797,0.041112261644090875
instantaneous_500,31.85671435364557,3.261682078508249,3.3007057281542926,0.039023649646043435
instantaneous_500,31.956714353645573,3.2669783598003423,3.3037252856664403,0.03674692586609796
instantaneous_500,32.056714353645575,3.2724637038360918,3.3067368733219373,0.03427316948584558
instantaneous_500,32.15671435364557,3.2781476277721056,3.309740531592403,0.03159290382029756
instantaneous_500,32.25671435364557,3.2840402459283458,3.3127363006191626,0.02869605469081682
instantaneous_500,32.35671435364557,3.2900045017149857,3.3157242202169694,0.025719718501983735
instantaneous_500,32.45671435364557,3.295739427991811,3.318704329877679,0.02296490188586775
instantaneous_500,32.556714353645575,3.3012572958821504,3.321676668773866,0.020419372891715692
instantaneous_500,32.65671435364557,3.3065695282065772,3.324641275762399,0.018071747555821638
instantaneous_500,32.75671435364557,3.3116867874117246,3.327598189387954,0.0159114019762292
instantaneous_500,32.85671435364557,3.316619036142385,3.3305474478864765,0.013928411744091651
instantaneous_500,32.95671435364557,3.321375592526099,3.3334890891886104,0.01211349666251138
instantaneous_500,33.056714353645575,3.325965180689251,3.3364231509230624,0.010457970233811231
instantaneous_500,33.15671435364557,3.3303959769696565,3.339349670419923,0.008953693450266531
instantaneous_500,33.25671435364557,3.3346756522431713,3.3422686847139493,0.007593032470778027
instantaneous_500,33.35671435364557,3.3388114107396167,3.3451802305477916,0.00636881980817483
instantaneous_500,33.45671435364557,3.3428100256845403,3.348084344375177,0.005274318690636548
instantaneous_500,33.556714353645575,3.3466778720696446,3.350981062364057,0.004303190294412396
instantaneous_500,33.65671435364557,3.3504209568245864,3.3538704203996987,0.0034494635751123326
instantaneous_500,33.75671435364557,3.3540449466344597,3.356752454087747,0.0027075074532874055
instantaneous_500,33.85671435364557,3.3575551936237256,3.359627198757231,0.0020720051335052503
instantaneous_500,33.95671435364557,3.360956759104722,3.36249468946354,0.001537930358817885
instantaneous_500,34.056714353645575,3.3642544355688826,3.3653549609913544,0.0011005254224718541
instantaneous_500,34.15671435364557,3.367452767080929,3.3682080478575354,0.0007552807766062486
instantaneous_500,34.25671435364557,3.370556068219921,3.371053984313979,0.0004979160940581373
instantaneous_500,34.35671435364557,3.3735684416955176,3.3738928043504273,0.000324362654909649
instantaneous_500,34.45671435364557,3.3764937947557256,3.3767245416972442,0.0002307469415185892
instantaneous_500,34.556714353645575,3.379335854487589,3.379549229828154,0.00021337534056531382
instantaneous_500,34.65671435364557,3.382098182103443,3.382366901962942,0.0002687198594988338
instantaneous_500,34.75671435364557,3.384784186292777,3.3851775910701187,0.0003934047773417326
instantaneous_500,34.85671435364557,3.3873971357108505,3.387981329869552,0.0005841941587014787
instantaneous_500,34.95671435364557,3.389940170666102,3.390778150835056,0.0008379801689541999
instantaneous_500,35.056714353645575,3.3924163140604455,3.3935680861969555,0.0011517721365099653
instantaneous_500,35.15671435364557,3.3948284816276035,3.3963511679446103,0.001522686317006805
instantaneous_500,35.25671435364557,3.3971794915090667,3.399127427828907,0.0019479363198402488
instantaneous_500,35.35671435364557,3.3994720731995236,3.401896897364719,0.002424824165195183
instantaneous_500,35.45671435364557,3.4017088758887213,3.404659607833335,0.0029507319446135938
instantaneous_500,35.556714353645575,3.403892476220444,3.4074155902848524,0.003523114064408528
instantaneous_500,35.65671435364557,3.406025385485696,3.4101648755405454,0.004139490054849482
instantaneous_500,35.75671435364557,3.4081100562626236,3.412907494195192,0.004797437932568371
instantaneous_500,35.85671435364557,3.4101488885129445,3.415643476619385,0.0054945881064405455
instantaneous_500,35.95671435364557,3.412144235142014,3.4183728529617965,0.006228617819782567
instantaneous_500,36.056714353645575,3.4140984070287845,3.421095653151432,0.006997246122647294
instantaneous_500,36.15671435364557,3.41601367753041,3.423811906899837,0.007798229369427201
instantaneous_500,36.25671435364557,3.417892286467421,3.4265216437032873,0.00862935723586622
instantaneous_500,36.35671435364557,3.4197364435960265,3.4292248928449487,0.009488449248922226
instantaneous_500,36.45671435364557,3.421548331576025,3.4319216833970043,0.010373351820979426
instantaneous_500,36.556714353645575,3.4233301084461383,3.4346120442227637,0.011281935776625396
instantaneous_500,36.65671435364557,3.425083909621627,3.4372960039787332,0.012212094357106462
instantaneous_500,36.75671435364557,3.4268118494329536,3.4399735911166753,0.01316174168372175
instantaneous_500,36.85671435364557,3.428516022229613,3.442644833885625,0.014128811656012097
instantaneous_500,36.95671435364557,3.430198503076699,3.4453097603338962,0.015111257257197419
instantaneous_500,37.056714353645575,3.431861348077777,3.447968398311053,0.016107050233276077
instantaneous_500,37.15671435364557,3.433506594361312,3.450620775469857,0.0171141811085449
instantaneous_500,37.25671435364557,3.435136259772723,3.4532669192681986,0.018130659495475765
instantaneous_500,37.35671435364557,3.4367523423172925,3.455906856970991,0.019154514653698662
instantaneous_500,37.45671435364557,3.4383568194024274,3.4585406156520566,0.020183796249629182
instantaneous_500,37.556714353645575,3.4399516469294675,3.4611682221959716,0.021216575266504112
instantaneous_500,37.65671435364557,3.4415387582861543,3.463789703299904,0.02225094501374958
instantaneous_500,37.75671435364557,3.4431200632907264,3.4664050854754223,0.02328502218469586
instantaneous_500,37.85671435364557,3.444697447137509,3.469014395050277,0.02431694791276806
instantaneous_500,37.95671435364557,3.4462727693910447,3.4716176581701723,0.02534488877912766
instantaneous_500,38.056714353645575,3.4478478630730622,3.4742149008005034,0.0263670377274412
instantaneous_500,38.15671435364557,3.4494245338818557,3.4768061487280826,0.02738161484622692
instantaneous_500,38.25671435364557,3.451004559579057,3.479391427562835,0.028386867983777986
instantaneous_500,38.35671435364557,3.452589689573459,3.481970762739487,0.029381073166028226
instantaneous_500,38.45671435364557,3.454181644725392,3.484544179519216,0.030362534793824114
instantaneous_500,38.556714353645575,3.4557821173898295,3.4871117029913,0.03132958560147037
instantaneous_500,38.65671435364557,3.4573927717104525,3.48967335807473,0.032280586364277664
instantaneous_500,38.75671435364557,3.4590152441710873,3.492229169519817,0.03321392534872958
instantaneous_500,38.85671435364557,3.460651144406678,3.4947791619097672,0.034128017503089136
instantaneous_500,38.95671435364557,3.4623020562703006,3.4973233596622517,0.035021303391951086
instantaneous_500,39.056714353645575,3.4639695391495966,3.499861787030943,0.035892247881346595
instantaneous_500,39.15671435364557,3.4656551295221942,3.5023944681070467,0.036739338584852455
instantaneous_500,39.25671435364557,3.467360342737612,3.5049214268208075,0.037561084083195695
instantaneous_500,39.35671435364557,3.46908667501021,3.507442686942996,0.03835601193278615
instantaneous_500,39.45671435364557,3.470835605607536,3.509958272086385,0.03912266647884932
instantaneous_500,39.556714353645575,3.472608599217474,3.512468205707201,0.039859606489727195
instantaneous_500,39.65671435364557,3.474407108476538,3.514972511106565,0.040565402630026615
instantaneous_500,39.75671435364557,3.4762325766435636,3.517471211431909,0.04123863478834533
instantaneous_500,39.85671435364557,3.4780864404028478,3.5199643296783876,0.041877889275539815
instantaneous_500,39.95671435364557,3.479970132781352,3.5224518886902585,0.04248175590890657
instantaneous_500,40.056714353645575,3.481885086168026,3.524933911162258,0.043048824994231794
instantaneous_500,40.15671435364557,3.4838327354220824,3.527410419640958,0.043577684218875756
instantaneous_500,40.25671435364557,3.485814521061188,3.5298814365261038,0.04406691546491581
instantaneous_500,40.35671435364557,3.487831892520763,3.532346984071939,0.044515091551176056
instantaneous_500,40.45671435364557,3.4898863114781817,3.5348070843885178,0.044920772910336026
instantaneous_500,40.556714353645575,3.4919792552370614,3.537261759442996,0.045282504205934604
instantaneous_500,40.65671435364557,3.494112220168711,3.5397110310609166,0.04559881089220541
instantaneous_500,40.75671435364557,3.4962867252094787,3.5421549209274668,0.04586819571798806
instantaneous_500,40.85671435364557,3.498504315414938,3.544593450588734,0.046089135173796425
instantaneous_500,40.95671435364557,3.5007665655717974,3.5470266414529448,0.04626007588114733
instantaneous_500,41.056714353645575,3.503075083872247,3.549454514791678,0.0463794309194312
instantaneous_500,41.15671435364557,3.5054315156546996,3.5518770917410865,0.046445576086386886
instantaneous_500,41.25671435364557,3.507837547217294,3.55429439330308,0.04645684608578593
instantaneous_500,41.35671435364557,3.5102949097115603,3.5567064403465136,0.04641153063495329
instantaneous_500,41.45671435364557,3.51280538312456,3.5591132536083565,0.0463078704837967
instantaneous_500,41.556714353645575,3.5153708003592836,3.5615148536948427,0.04614405333555904
instantaneous_500,41.65671435364557,3.5179930514236326,3.5639112610826182,0.04591820965898563
instantaneous_500,41.75671435364557,3.5206740877394678,3.566302496119867,0.045628408380399055
instantaneous_500,41.85671435364557,3.523415926584703,3.5686885790274308,0.0452726524427276
instantaneous_500,41.95671435364557,3.526220655681216,3.571069529899913,0.04484887421869699
instantaneous_500,42.056714353645575,3.529090437943622,3.573445368706771,0.044354930763149
instantaneous_500,42.15671435364557,3.532027516403422,3.575816115293396,0.04378859888997377
instantaneous_500,42.25671435364557,3.535034219325427,3.578181789382182,0.04314757005675496
instantaneous_500,42.35671435364557,3.5381129655330734,3.5805424105735857,0.04242944504051227
instantaneous_500,42.45671435364557,3.541266269961005,3.5828979983471645,0.04163172838615958
instantaneous_500,42.556714353645575,3.5444967494540576,3.585248572062619,0.04075182260856147
instantaneous_500,42.65671435364557,3.547807128832814,3.5875941509608085,0.039787022127994565
instantaneous_500,42.75671435364557,3.551200247246863,3.589934754164767,0.03873450691790392
instantaneous_500,42.85671435364557,3.554679064838499,3.5922704006807016,0.03759133584220242
instantaneous_500,42.95671435364557,3.558246669740226,3.5946011093989823,0.03635443965875629
instantaneous_500,43.056714353645575,3.561906285432067,3.596926899095121,0.03502061366305398
instantaneous_500,43.15671435364557,3.5656612784834376,3.5992477884307394,0.033586509947301835
instantaneous_500,43.25671435364557,3.569515166709548,3.6015637959545317,0.03204862924498375
instantaneous_500,43.35671435364557,3.573471627770051,3.603874940103202,0.030403312333151078
instantaneous_500,43.45671435364557,3.5775345082426337,3.6061812392024124,0.028646730959778655
instantaneous_500,43.556714353645575,3.581707833203766,3.6084827114677056,0.026774878263939428
instantaneous_500,43.65671435364557,3.585995816351826,3.610779375005423,0.024783558653596938
instantaneous_500,43.75671435364557,3.59040287070971,3.6130712478136107,0.02266837710390046
instantaneous_500,43.85671435364557,3.5949336199463118,3.6153583477829243,0.020424727836612533
instantaneous_500,43.95671435364557,3.5995579798793673,3.6176406926975107,0.01808271281814333
instantaneous_500,44.056714353645575,3.604051882855099,3.6199183002358892,0.01586641738079031
instantaneous_500,44.15671435364557,3.608412837878918,3.6221911879718247,0.01377835009290651
instantaneous_500,44.25671435364557,3.6126463248259877,3.6244593733751858,0.011813048549198069
instantaneous_500,44.35671435364557,3.6167575375635845,3.6267228738127972,0.009965336249212697
instantaneous_500,44.45671435364557,3.6207514017896636,3.628981706549285,0.008230304759621276
instantaneous_500,44.556714353645575,3.6246325916461544,3.6312358887479066,0.006603297101752226
instantaneous_500,44.65671435364557,3.6284055452018795,3.63348543747138,0.005079892269500341
instantaneous_500,44.75671435364557,3.632074478890295,3.6357303696827,0.0036558907924049144
instantaneous_500,44.85671435364557,3.63564340098282,3.637970702245945,0.002327301263125303
instantaneous_500,44.95671435364557,3.639116124169874,3.640206451927082,0.001090327757208076
instantaneous_500,45.056714353645575,3.6424962773176723,3.6424376353947507,5.864192292159842e-05
instantaneous_500,45.15671435364557,3.6457873164621293,3.644664269221053,0.0011230472410761472
instantaneous_500,45.25671435364557,3.648992535097197,3.6468863698823304,0.0021061652148666177
instantaneous_500,45.35671435364557,3.6521150738101618,3.649103953759924,0.0030111200502376256
instantaneous_500,45.45671435364557,3.6551579293121628,3.651317037140943,0.0038408921712198563
instantaneous_500,45.556714353645575,3.658123962908462,3.6535256362190096,0.004598326689452481
instantaneous_500,45.65671435364557,3.6610159084497207,3.655729767095011,0.005286141354709617
instantaneous_500,45.75671435364557,3.663836379802172,3.657929445777828,0.005906934024343613
instantaneous_500,45.85671435364557,3.6665878778714402,3.660124688185072,0.006463189686368054
instantaneous_500,45.95671435364557,3.66927279721201,3.662315510143801,0.006957287068209084
instantaneous_500,46.056714353645575,3.6718934322527645,3.66450192739124,0.007391504861524734
instantaneous_500,46.15671435364557,3.6744519831648295,3.6666839555754835,0.007768027589345916
instantaneous_500,46.25671435364557,3.6769505613979154,3.668861610256199,0.008088951141716372
instantaneous_500,46.35671435364557,3.679391194907566,3.67103490690532,0.008356288002246082
instantaneous_500,46.45671435364557,3.681775833095018,3.673203860907733,0.008571972187284782
instantaneous_500,46.556714353645575,3.6841063514790884,3.675368487561954,0.00873786391713427
instantaneous_500,46.65671435364557,3.686384556118087,3.677528802080806,0.008855754037281116
instantaneous_500,46.75671435364557,3.688612187797973,3.6796848195920817,0.008927368205891462
instantaneous_500,46.85671435364557,3.690790926002501,3.681836555139206,0.008954370863295313
instantaneous_500,46.95671435364557,3.6929223926777253,3.6839840236818846,0.008938368995840662
instantaneous_500,47.056714353645575,3.6950081558049264,3.6861272400967584,0.008880915708167958
instantaneous_500,47.15671435364557,3.69704973279196,3.6882662191780335,0.008783513613926264
instantaneous_500,47.25671435364557,3.6990485936939193,3.6904009756381235,0.008647618055795725
instantaneous_500,47.35671435364557,3.7010061642718615,3.692531524108273,0.008474640163588454
instantaneous_500,47.45671435364557,3.702923828898251,3.694657879139183,0.008265949759068025
instantaneous_500,47.556714353645575,3.7048029333160066,3.69678005520162,0.008022878114386511
instantaneous_500,47.65671435364557,3.7066447872577113,3.6988980666870326,0.007746720570678711
instantaneous_500,47.75671435364557,3.7084506669305446,3.7010119279081484,0.0074387390223962235
instantaneous_500,47.85671435364557,3.710221817372247,3.7031216530995783,0.007100164272668685
instantaneous_500,47.95671435364557,3.711959454681555,3.7052272564184054,0.006732198263149414
instantaneous_500,48.056714353645575,3.7136647681275146,3.7073287519447673,0.006336016182747262
instantaneous_500,48.15671435364557,3.715338922140381,3.709426153682444,0.005912768457936757
instantaneous_500,48.25671435364557,3.7169830581863352,3.711519475559428,0.005463582626907382
instantaneous_500,48.35671435364557,3.718598296528931,3.713608731428495,0.004989565100435911
instantaneous_500,48.45671435364557,3.7201857378783267,3.715693935067767,0.004491802810559609
instantaneous_500,48.556714353645575,3.7217464649302494,3.717775100181273,0.003971364748976303
instantaneous_500,48.65671435364557,3.723281543795794,3.7198522403995002,0.003429303396293548
instantaneous_500,48.75671435364557,3.7247920253232243,3.721925369279943,0.0028666560432810684
instantaneous_500,48.85671435364557,3.7262789463131654,3.723994500307646,0.0022844460055195803
instantaneous_500,48.95671435364557,3.7277433306278493,3.7260596468957385,0.0016836837321108078
instantaneous_500,49.056714353645575,3.7291861901961414,3.7281208223859723,0.0010653678101690822
instantaneous_500,49.15671435364557,3.730608525915545,3.7301780400492444,0.0004304858663006783
instantaneous_500,49.25671435364557,3.732011328452902,3.7322313130861247,0.00021998463322248085
instantaneous_500,49.35671435364557,3.733395578945707,3.7342806546273652,0.0008850756816580763
instantaneous_500,49.45671435364557,3.734762249606724,3.7363260777344234,0.001563828127699285
instantaneous_500,49.556714353645575,3.7361123042342625,3.7383675953999598,0.0022552911656972263
instantaneous_500,49.65671435364557,3.7374466986318455,3.7404052205483493,0.002958521916503809
instantaneous_500,49.75671435364557,3.7387663809406058,3.742438966036176,0.0036725850955701134
instantaneous_500,49.85671435364557,3.7400722918893217,3.744468844652725,0.0043965527634033386
instantaneous_500,49.95671435364557,3.7413653649661622,3.7464948691204767,0.005129504154314457
instantaneous_500,50.0,3.741929144775635,3.747370654879465,0.005441510103830094
